PERIOD BEGIN,PERIOD END,REGION NAME,HOMES SOLD,MEDIAN_SALE_PRICE,MEDIAN_DOM,NEW LISTINGS,ACTIVE LISTINGS
2026-08-01,2026-08-31,Alabama,5201.0,301146.0,66.0,6918.0,31040.0
2026-08-01,2026-08-31,Alaska,728.0,415271.0,30.0,903.0,2788.0
2026-08-01,2026-08-31,Arizona,8207.0,428217.0,66.0,10765.0,48440.0
2026-08-01,2026-08-31,Arkansas,2998.0,275901.0,57.0,4014.0,19052.0
2026-08-01,2026-08-31,California,23044.0,746890.0,42.0,29718.0,106530.0
2026-08-01,2026-08-31,Colorado,6663.0,552599.0,49.0,9450.0,38950.0
2026-08-01,2026-08-31,District of Columbia,480.0,672201.0,67.0,865.0,3822.0
2026-08-01,2026-08-31,Connecticut,3088.0,474026.0,40.0,3504.0,10367.0
2026-08-01,2026-08-31,Delaware,1153.0,401488.0,57.0,1431.0,5591.0
2026-08-01,2026-08-31,Florida,30212.0,383403.0,73.0,41887.0,206508.0
2026-08-01,2026-08-31,Georgia,10523.0,358507.0,59.0,17477.0,72711.0
2026-08-01,2026-08-31,Hawaii,1034.0,755853.0,89.0,1445.0,8447.0
2026-08-01,2026-08-31,Idaho,2758.0,512859.0,48.0,2708.0,10378.0
2026-08-01,2026-08-31,Illinois,11526.0,328632.0,52.0,13760.0,45772.0
2026-08-01,2026-08-31,Indiana,7174.0,281119.0,37.0,8079.0,27862.0
2026-08-01,2026-08-31,Iowa,3306.0,255934.0,39.0,3925.0,14031.0
2026-08-01,2026-08-31,Kansas,2693.0,307995.0,27.0,3159.0,9818.0
2026-08-01,2026-08-31,Kentucky,3772.0,283818.0,50.0,4675.0,18831.0
2026-08-01,2026-08-31,Louisiana,3350.0,258922.0,60.0,4203.0,19954.0
2026-08-01,2026-08-31,Maine,1464.0,423238.0,54.0,1913.0,8051.0
2026-08-01,2026-08-31,Maryland,5467.0,443155.0,43.0,7214.0,25197.0
2026-08-01,2026-08-31,Massachusetts,5176.0,657263.0,27.0,7389.0,21081.0
2026-08-01,2026-08-31,Michigan,9742.0,297760.0,33.0,12389.0,40164.0
2026-08-01,2026-08-31,Minnesota,5976.0,368466.0,36.0,7292.0,27406.0
2026-08-01,2026-08-31,Mississippi,1841.0,277743.0,56.0,2512.0,11353.0
2026-08-01,2026-08-31,Missouri,6689.0,298656.0,33.0,8493.0,28486.0
2026-08-01,2026-08-31,Montana,1053.0,522823.0,85.0,1302.0,7157.0
2026-08-01,2026-08-31,Nebraska,1682.0,321661.0,29.0,2007.0,6304.0
2026-08-01,2026-08-31,Nevada,3380.0,468051.0,63.0,4119.0,18001.0
2026-08-01,2026-08-31,New Hampshire,1563.0,537761.0,44.0,1838.0,6130.0
2026-08-01,2026-08-31,New Jersey,7421.0,587553.0,43.0,9315.0,32750.0
2026-08-01,2026-08-31,New Mexico,1660.0,361495.0,56.0,1886.0,8933.0
2026-08-01,2026-08-31,New York,10914.0,547719.0,36.0,14215.0,51229.0
2026-08-01,2026-08-31,North Carolina,12296.0,373465.0,66.0,15636.0,70246.0
2026-08-01,2026-08-31,North Dakota,561.0,318623.0,43.0,737.0,2820.0
2026-08-01,2026-08-31,Ohio,11236.0,274855.0,44.0,13019.0,44393.0
2026-08-01,2026-08-31,Oklahoma,3862.0,263901.0,38.0,5048.0,21411.0
2026-08-01,2026-08-31,Oregon,3896.0,506889.0,39.0,4787.0,19996.0
2026-08-01,2026-08-31,Pennsylvania,10789.0,327636.0,37.0,13081.0,43881.0
2026-08-01,2026-08-31,Rhode Island,941.0,532781.0,31.0,1188.0,3345.0
2026-08-01,2026-08-31,South Carolina,7389.0,348549.0,74.0,9511.0,42445.0
2026-08-01,2026-08-31,South Dakota,691.0,337096.0,50.0,972.0,4167.0
2026-08-01,2026-08-31,Tennessee,7697.0,378325.0,66.0,26474.0,64377.0
2026-08-01,2026-08-31,Texas,26159.0,333611.0,68.0,39362.0,180524.0
2026-08-01,2026-08-31,Utah,2954.0,522823.0,55.0,4639.0,19304.0
2026-08-01,2026-08-31,Vermont,683.0,438280.0,69.0,862.0,3869.0
2026-08-01,2026-08-31,Virginia,8753.0,448034.0,38.0,10841.0,35799.0
2026-08-01,2026-08-31,Washington,7102.0,597504.0,32.0,9343.0,34773.0
2026-08-01,2026-08-31,West Virginia,1190.0,256183.0,56.0,1481.0,5696.0
2026-08-01,2026-08-31,Wisconsin,5761.0,358507.0,51.0,6508.0,22825.0
2026-08-01,2026-08-31,Wyoming,653.0,387387.0,49.0,712.0,2944.0
2026-07-01,2026-07-31,Alabama,5290.0,302000.0,64.0,6746.0,30601.0
2026-07-01,2026-07-31,Alaska,744.0,435000.0,32.0,910.0,2741.0
2026-07-01,2026-07-31,Arizona,8225.0,440000.0,67.0,10659.0,47692.0
2026-07-01,2026-07-31,Arkansas,3110.0,280000.0,57.0,4113.0,18811.0
2026-07-01,2026-07-31,California,22990.0,755000.0,42.0,29087.0,105188.0
2026-07-01,2026-07-31,Colorado,6985.0,556000.0,47.0,9206.0,38131.0
2026-07-01,2026-07-31,District of Columbia,541.0,679000.0,67.0,812.0,3754.0
2026-07-01,2026-07-31,Connecticut,3138.0,468000.0,39.0,3484.0,10313.0
2026-07-01,2026-07-31,Delaware,1145.0,419000.0,55.0,1415.0,5507.0
2026-07-01,2026-07-31,Florida,30369.0,394900.0,72.0,41546.0,197440.0
2026-07-01,2026-07-31,Georgia,10598.0,370000.0,59.0,16051.0,73296.0
2026-07-01,2026-07-31,Hawaii,1035.0,750000.0,89.0,1419.0,8347.0
2026-07-01,2026-07-31,Idaho,2573.0,495000.0,46.0,2743.0,10473.0
2026-07-01,2026-07-31,Illinois,11369.0,337000.0,50.0,13712.0,45513.0
2026-07-01,2026-07-31,Indiana,7125.0,285000.0,37.0,8481.0,27704.0
2026-07-01,2026-07-31,Iowa,3222.0,265000.0,38.0,3929.0,13777.0
2026-07-01,2026-07-31,Kansas,2725.0,303345.0,26.0,3212.0,9688.0
2026-07-01,2026-07-31,Kentucky,3801.0,291800.0,50.0,4854.0,18843.0
2026-07-01,2026-07-31,Louisiana,3316.0,261883.0,62.0,4154.0,19894.0
2026-07-01,2026-07-31,Maine,1506.0,425000.0,52.0,1944.0,7759.0
2026-07-01,2026-07-31,Maryland,5628.0,450000.0,43.0,6900.0,24765.0
2026-07-01,2026-07-31,Massachusetts,5348.0,675000.0,27.0,6879.0,20125.0
2026-07-01,2026-07-31,Michigan,9793.0,299000.0,33.0,12372.0,39987.0
2026-07-01,2026-07-31,Minnesota,6021.0,375000.0,35.0,7306.0,27473.0
2026-07-01,2026-07-31,Mississippi,1854.0,280000.0,50.0,2465.0,11208.0
2026-07-01,2026-07-31,Missouri,6705.0,299000.0,34.0,8471.0,28176.0
2026-07-01,2026-07-31,Montana,1071.0,520000.0,84.0,1389.0,7142.0
2026-07-01,2026-07-31,Nebraska,1685.0,320000.0,32.0,1972.0,6272.0
2026-07-01,2026-07-31,Nevada,3364.0,472500.0,61.0,4134.0,17977.0
2026-07-01,2026-07-31,New Hampshire,1553.0,550000.0,44.0,1824.0,5963.0
2026-07-01,2026-07-31,New Jersey,7467.0,600000.0,43.0,9081.0,31971.0
2026-07-01,2026-07-31,New Mexico,1734.0,360000.0,53.0,1971.0,8903.0
2026-07-01,2026-07-31,New York,11087.0,547500.0,35.0,14079.0,50778.0
2026-07-01,2026-07-31,North Carolina,12268.0,380000.0,66.0,15570.0,69241.0
2026-07-01,2026-07-31,North Dakota,643.0,325000.0,43.0,700.0,2752.0
2026-07-01,2026-07-31,Ohio,11352.0,280000.0,43.0,13435.0,43842.0
2026-07-01,2026-07-31,Oklahoma,3941.0,266267.0,37.0,5078.0,21006.0
2026-07-01,2026-07-31,Oregon,3991.0,520500.0,40.0,4832.0,19668.0
2026-07-01,2026-07-31,Pennsylvania,10651.0,329000.0,38.0,12898.0,43154.0
2026-07-01,2026-07-31,Rhode Island,898.0,531000.0,33.0,1171.0,3224.0
2026-07-01,2026-07-31,South Carolina,7434.0,352000.0,73.0,9310.0,41962.0
2026-07-01,2026-07-31,South Dakota,731.0,342000.0,54.0,970.0,4036.0
2026-07-01,2026-07-31,Tennessee,8093.0,380441.0,67.0,10803.0,47847.0
2026-07-01,2026-07-31,Texas,26662.0,340000.0,69.0,39370.0,180369.0
2026-07-01,2026-07-31,Utah,3197.0,530000.0,54.0,4573.0,18658.0
2026-07-01,2026-07-31,Vermont,651.0,449000.0,67.0,839.0,3754.0
2026-07-01,2026-07-31,Virginia,8825.0,447000.0,37.0,10526.0,35100.0
2026-07-01,2026-07-31,Washington,7087.0,609280.0,31.0,9374.0,33893.0
2026-07-01,2026-07-31,West Virginia,1183.0,260000.0,56.0,1496.0,5630.0
2026-07-01,2026-07-31,Wisconsin,5787.0,359700.0,51.0,6528.0,22695.0
2026-07-01,2026-07-31,Wyoming,611.0,390000.0,45.0,721.0,2949.0
2026-06-01,2026-06-30,Alabama,5374.0,305000.0,64.0,6686.0,30572.0
2026-06-01,2026-06-30,Alaska,695.0,445000.0,29.0,886.0,2657.0
2026-06-01,2026-06-30,Arizona,8267.0,445000.0,69.0,10755.0,47548.0
2026-06-01,2026-06-30,Arkansas,3197.0,281000.0,55.0,4174.0,18870.0
2026-06-01,2026-06-30,California,23338.0,775000.0,42.0,29374.0,107014.0
2026-06-01,2026-06-30,Colorado,7042.0,565000.0,48.0,9885.0,38360.0
2026-06-01,2026-06-30,District of Columbia,534.0,700000.0,64.0,763.0,3767.0
2026-06-01,2026-06-30,Connecticut,3113.0,477000.0,40.0,3575.0,10544.0
2026-06-01,2026-06-30,Delaware,1175.0,413000.0,56.0,1424.0,5500.0
2026-06-01,2026-06-30,Florida,30550.0,400000.0,73.0,41722.0,199206.0
2026-06-01,2026-06-30,Georgia,10779.0,375000.0,59.0,17059.0,75150.0
2026-06-01,2026-06-30,Hawaii,1019.0,749000.0,94.0,1529.0,8332.0
2026-06-01,2026-06-30,Idaho,2722.0,499000.0,50.0,2799.0,10901.0
2026-06-01,2026-06-30,Illinois,11460.0,345000.0,50.0,13634.0,45400.0
2026-06-01,2026-06-30,Indiana,7185.0,289000.0,35.0,8374.0,27643.0
2026-06-01,2026-06-30,Iowa,3341.0,265000.0,38.0,3970.0,13764.0
2026-06-01,2026-06-30,Kansas,2811.0,305000.0,27.0,3157.0,9731.0
2026-06-01,2026-06-30,Kentucky,3894.0,289900.0,48.0,4903.0,18842.0
2026-06-01,2026-06-30,Louisiana,3418.0,265000.0,59.0,4136.0,20118.0
2026-06-01,2026-06-30,Maine,1519.0,440000.0,51.0,1978.0,7694.0
2026-06-01,2026-06-30,Maryland,5720.0,460000.0,45.0,7233.0,24976.0
2026-06-01,2026-06-30,Massachusetts,5258.0,689900.0,27.0,7122.0,20123.0
2026-06-01,2026-06-30,Michigan,9882.0,300000.0,33.0,12379.0,39967.0
2026-06-01,2026-06-30,Minnesota,6000.0,375000.0,33.0,7301.0,27268.0
2026-06-01,2026-06-30,Mississippi,1826.0,279000.0,50.0,2502.0,11136.0
2026-06-01,2026-06-30,Missouri,6718.0,299900.0,32.0,8465.0,28099.0
2026-06-01,2026-06-30,Montana,1068.0,529500.0,84.0,1335.0,7151.0
2026-06-01,2026-06-30,Nebraska,1800.0,325000.0,31.0,2049.0,6275.0
2026-06-01,2026-06-30,Nevada,3459.0,480000.0,63.0,4223.0,18416.0
2026-06-01,2026-06-30,New Hampshire,1549.0,545000.0,44.0,1823.0,5985.0
2026-06-01,2026-06-30,New Jersey,7346.0,590000.0,43.0,9312.0,31691.0
2026-06-01,2026-06-30,New Mexico,1722.0,356500.0,54.0,2095.0,9058.0
2026-06-01,2026-06-30,New York,10585.0,545000.0,35.0,14157.0,52137.0
2026-06-01,2026-06-30,North Carolina,12383.0,385000.0,65.0,15612.0,69051.0
2026-06-01,2026-06-30,North Dakota,658.0,335000.0,42.0,749.0,2746.0
2026-06-01,2026-06-30,Ohio,11238.0,280000.0,43.0,13198.0,43446.0
2026-06-01,2026-06-30,Oklahoma,4238.0,261995.0,37.0,5137.0,21152.0
2026-06-01,2026-06-30,Oregon,4053.0,520000.0,44.0,4810.0,19991.0
2026-06-01,2026-06-30,Pennsylvania,10801.0,337000.0,39.0,13127.0,43508.0
2026-06-01,2026-06-30,Rhode Island,945.0,533500.0,31.0,1165.0,3211.0
2026-06-01,2026-06-30,South Carolina,7511.0,359471.0,76.0,9415.0,44380.0
2026-06-01,2026-06-30,South Dakota,770.0,340000.0,54.0,909.0,3966.0
2026-06-01,2026-06-30,Tennessee,8255.0,390000.0,67.0,10410.0,47967.0
2026-06-01,2026-06-30,Texas,27525.0,345000.0,70.0,39427.0,181483.0
2026-06-01,2026-06-30,Utah,3282.0,533250.0,54.0,4583.0,18996.0
2026-06-01,2026-06-30,Vermont,621.0,425000.0,68.0,845.0,3731.0
2026-06-01,2026-06-30,Virginia,8879.0,461000.0,38.0,10854.0,35073.0
2026-06-01,2026-06-30,Washington,7249.0,616000.0,32.0,9318.0,33585.0
2026-06-01,2026-06-30,West Virginia,1246.0,275000.0,54.0,1474.0,5732.0
2026-06-01,2026-06-30,Wisconsin,5802.0,360000.0,50.0,6584.0,22743.0
2026-06-01,2026-06-30,Wyoming,643.0,375000.0,45.0,738.0,2969.0
2026-05-01,2026-05-31,Alabama,5376.0,305000.0,64.0,6909.0,30586.0
2026-05-01,2026-05-31,Alaska,664.0,429500.0,29.0,891.0,2602.0
2026-05-01,2026-05-31,Arizona,8427.0,449000.0,67.0,10793.0,47502.0
2026-05-01,2026-05-31,Arkansas,3176.0,278950.0,54.0,4317.0,18903.0
2026-05-01,2026-05-31,California,23187.0,778000.0,41.0,29576.0,109112.0
2026-05-01,2026-05-31,Colorado,7310.0,565000.0,47.0,9059.0,37638.0
2026-05-01,2026-05-31,District of Columbia,573.0,719359.0,63.0,890.0,3847.0
2026-05-01,2026-05-31,Connecticut,3044.0,459500.0,39.0,3650.0,10550.0
2026-05-01,2026-05-31,Delaware,1214.0,410000.0,51.0,1449.0,5474.0
2026-05-01,2026-05-31,Florida,30518.0,397000.0,73.0,42188.0,200800.0
2026-05-01,2026-05-31,Georgia,10939.0,370000.0,61.0,17050.0,75888.0
2026-05-01,2026-05-31,Hawaii,937.0,725000.0,88.0,1533.0,8264.0
2026-05-01,2026-05-31,Idaho,2819.0,494900.0,48.0,2939.0,11300.0
2026-05-01,2026-05-31,Illinois,11504.0,335000.0,50.0,13606.0,45498.0
2026-05-01,2026-05-31,Indiana,7241.0,280585.0,35.0,8636.0,27902.0
2026-05-01,2026-05-31,Iowa,3346.0,252250.0,39.0,3977.0,13810.0
2026-05-01,2026-05-31,Kansas,2821.0,295000.0,26.0,3273.0,9955.0
2026-05-01,2026-05-31,Kentucky,3997.0,282500.0,50.0,5127.0,18753.0
2026-05-01,2026-05-31,Louisiana,3526.0,260000.0,60.0,4258.0,20491.0
2026-05-01,2026-05-31,Maine,1494.0,430000.0,53.0,2022.0,7470.0
2026-05-01,2026-05-31,Maryland,5804.0,450000.0,47.0,7365.0,24894.0
2026-05-01,2026-05-31,Massachusetts,5304.0,667000.0,27.0,7127.0,20124.0
2026-05-01,2026-05-31,Michigan,9856.0,295000.0,34.0,12340.0,39727.0
2026-05-01,2026-05-31,Minnesota,6095.0,365000.0,34.0,7425.0,26244.0
2026-05-01,2026-05-31,Mississippi,1874.0,280000.0,49.0,2618.0,11030.0
2026-05-01,2026-05-31,Missouri,6682.0,295000.0,32.0,8516.0,28261.0
2026-05-01,2026-05-31,Montana,1078.0,515000.0,85.0,1439.0,7215.0
2026-05-01,2026-05-31,Nebraska,1893.0,315000.0,34.0,2071.0,6366.0
2026-05-01,2026-05-31,Nevada,3402.0,475000.0,60.0,4498.0,18774.0
2026-05-01,2026-05-31,New Hampshire,1551.0,535000.0,44.0,1822.0,5964.0
2026-05-01,2026-05-31,New Jersey,7243.0,560000.0,43.0,9505.0,31441.0
2026-05-01,2026-05-31,New Mexico,1747.0,355000.0,52.0,2170.0,9195.0
2026-05-01,2026-05-31,New York,10158.0,520000.0,37.0,13982.0,52516.0
2026-05-01,2026-05-31,North Carolina,12528.0,379900.0,63.0,16075.0,68919.0
2026-05-01,2026-05-31,North Dakota,639.0,312000.0,41.0,762.0,2765.0
2026-05-01,2026-05-31,Ohio,11494.0,275000.0,43.0,13604.0,43631.0
2026-05-01,2026-05-31,Oklahoma,4217.0,265000.0,37.0,5392.0,21325.0
2026-05-01,2026-05-31,Oregon,4029.0,517900.0,47.0,4958.0,20199.0
2026-05-01,2026-05-31,Pennsylvania,10705.0,319000.0,37.0,12888.0,43326.0
2026-05-01,2026-05-31,Rhode Island,867.0,510000.0,32.0,1166.0,3209.0
2026-05-01,2026-05-31,South Carolina,7571.0,350000.0,75.0,9567.0,44960.0
2026-05-01,2026-05-31,South Dakota,848.0,344450.0,53.0,1008.0,4017.0
2026-05-01,2026-05-31,Tennessee,8445.0,385000.0,68.0,10927.0,48919.0
2026-05-01,2026-05-31,Texas,27662.0,341500.0,70.0,39441.0,183490.0
2026-05-01,2026-05-31,Utah,3293.0,530000.0,53.0,4584.0,19063.0
2026-05-01,2026-05-31,Vermont,646.0,447000.0,67.0,887.0,3715.0
2026-05-01,2026-05-31,Virginia,9000.0,450000.0,39.0,11044.0,34868.0
2026-05-01,2026-05-31,Washington,7310.0,615000.0,31.0,9524.0,33479.0
2026-05-01,2026-05-31,West Virginia,1202.0,270000.0,55.0,1568.0,5845.0
2026-05-01,2026-05-31,Wisconsin,5743.0,351000.0,51.0,6801.0,22725.0
2026-05-01,2026-05-31,Wyoming,665.0,371000.0,49.0,781.0,3068.0
2026-04-01,2026-04-30,Alabama,5317.0,299900.0,62.0,6992.0,30537.0
2026-04-01,2026-04-30,Alaska,650.0,419450.0,31.0,838.0,2533.0
2026-04-01,2026-04-30,Arizona,8396.0,440000.0,66.0,10710.0,47610.0
2026-04-01,2026-04-30,Arkansas,3372.0,270000.0,53.0,4381.0,18877.0
2026-04-01,2026-04-30,California,23100.0,765000.0,40.0,29908.0,109956.0
2026-04-01,2026-04-30,Colorado,7439.0,550000.0,46.0,9455.0,38491.0
2026-04-01,2026-04-30,District of Columbia,538.0,654000.0,64.0,897.0,3784.0
2026-04-01,2026-04-30,Connecticut,3017.0,428950.0,41.0,3630.0,10253.0
2026-04-01,2026-04-30,Delaware,1133.0,399990.0,51.0,1472.0,5416.0
2026-04-01,2026-04-30,Florida,29968.0,395000.0,74.0,41707.0,202878.0
2026-04-01,2026-04-30,Georgia,10797.0,367000.0,62.0,17075.0,75252.0
2026-04-01,2026-04-30,Hawaii,908.0,725000.0,97.0,1432.0,8080.0
2026-04-01,2026-04-30,Idaho,2706.0,474000.0,51.0,3057.0,11652.0
2026-04-01,2026-04-30,Illinois,11489.0,326000.0,50.0,13726.0,45529.0
2026-04-01,2026-04-30,Indiana,7191.0,270800.0,35.0,8895.0,28301.0
2026-04-01,2026-04-30,Iowa,3333.0,242250.0,39.0,3873.0,13955.0
2026-04-01,2026-04-30,Kansas,2783.0,285000.0,27.0,3337.0,10095.0
2026-04-01,2026-04-30,Kentucky,3927.0,275000.0,48.0,5234.0,18601.0
2026-04-01,2026-04-30,Louisiana,3520.0,260000.0,64.0,4425.0,21112.0
2026-04-01,2026-04-30,Maine,1490.0,417500.0,56.0,1976.0,7242.0
2026-04-01,2026-04-30,Maryland,5748.0,431525.0,46.0,7525.0,24676.0
2026-04-01,2026-04-30,Massachusetts,5076.0,655000.0,27.0,7183.0,19797.0
2026-04-01,2026-04-30,Michigan,9883.0,279900.0,33.0,12305.0,39014.0
2026-04-01,2026-04-30,Minnesota,5882.0,360000.0,36.0,7501.0,23792.0
2026-04-01,2026-04-30,Mississippi,1894.0,272700.0,47.0,2617.0,10940.0
2026-04-01,2026-04-30,Missouri,6738.0,284900.0,31.0,8471.0,28019.0
2026-04-01,2026-04-30,Montana,1090.0,510000.0,86.0,1440.0,7276.0
2026-04-01,2026-04-30,Nebraska,1928.0,295000.0,32.0,2064.0,6497.0
2026-04-01,2026-04-30,Nevada,3371.0,460000.0,60.0,4503.0,18912.0
2026-04-01,2026-04-30,New Hampshire,1396.0,510000.0,43.0,1836.0,5894.0
2026-04-01,2026-04-30,New Jersey,6967.0,540000.0,45.0,9756.0,31001.0
2026-04-01,2026-04-30,New Mexico,1714.0,350000.0,50.0,2147.0,9329.0
2026-04-01,2026-04-30,New York,10269.0,500000.0,39.0,14398.0,52042.0
2026-04-01,2026-04-30,North Carolina,12480.0,375000.0,63.0,16694.0,68404.0
2026-04-01,2026-04-30,North Dakota,642.0,319800.0,40.0,743.0,2747.0
2026-04-01,2026-04-30,Ohio,10938.0,265000.0,43.0,13725.0,42999.0
2026-04-01,2026-04-30,Oklahoma,4275.0,257750.0,47.0,5201.0,21287.0
2026-04-01,2026-04-30,Oregon,4074.0,508500.0,47.0,5283.0,20395.0
2026-04-01,2026-04-30,Pennsylvania,10447.0,310000.0,38.0,13046.0,42800.0
2026-04-01,2026-04-30,Rhode Island,884.0,525000.0,33.0,1184.0,3179.0
2026-04-01,2026-04-30,South Carolina,7490.0,349000.0,76.0,9692.0,44770.0
2026-04-01,2026-04-30,South Dakota,870.0,339900.0,58.0,944.0,4042.0
2026-04-01,2026-04-30,Tennessee,8293.0,375000.0,69.0,11127.0,49358.0
2026-04-01,2026-04-30,Texas,27575.0,336000.0,71.0,39387.0,184674.0
2026-04-01,2026-04-30,Utah,3407.0,520000.0,51.0,4688.0,19132.0
2026-04-01,2026-04-30,Vermont,670.0,430000.0,70.0,869.0,3650.0
2026-04-01,2026-04-30,Virginia,9012.0,438865.0,38.0,11403.0,34772.0
2026-04-01,2026-04-30,Washington,7190.0,605000.0,32.0,10097.0,33216.0
2026-04-01,2026-04-30,West Virginia,1222.0,259000.0,58.0,1590.0,5879.0
2026-04-01,2026-04-30,Wisconsin,5802.0,338500.0,51.0,6751.0,22526.0
2026-04-01,2026-04-30,Wyoming,663.0,362500.0,48.0,789.0,3137.0
2026-03-01,2026-03-31,Alabama,5209.0,296000.0,64.0,7165.0,30169.0
2026-03-01,2026-03-31,Alaska,619.0,405000.0,28.0,785.0,2460.0
2026-03-01,2026-03-31,Arizona,8473.0,446795.0,66.0,10972.0,47587.0
2026-03-01,2026-03-31,Arkansas,3123.0,275000.0,63.0,4278.0,18532.0
2026-03-01,2026-03-31,California,22929.0,750000.0,41.0,30778.0,108668.0
2026-03-01,2026-03-31,Colorado,7396.0,549000.0,45.0,9988.0,38546.0
2026-03-01,2026-03-31,District of Columbia,512.0,676500.0,69.0,913.0,3739.0
2026-03-01,2026-03-31,Connecticut,2999.0,415000.0,41.0,3338.0,9881.0
2026-03-01,2026-03-31,Delaware,1076.0,395000.0,52.0,1454.0,5329.0
2026-03-01,2026-03-31,Florida,30337.0,394989.0,75.0,41418.0,205122.0
2026-03-01,2026-03-31,Georgia,10968.0,359990.0,63.0,16862.0,73814.0
2026-03-01,2026-03-31,Hawaii,1016.0,750000.0,97.0,1370.0,8069.0
2026-03-01,2026-03-31,Idaho,2639.0,465000.0,52.0,3081.0,11734.0
2026-03-01,2026-03-31,Illinois,11333.0,312500.0,50.0,13652.0,45102.0
2026-03-01,2026-03-31,Indiana,7053.0,269900.0,37.0,8752.0,27810.0
2026-03-01,2026-03-31,Iowa,3352.0,245000.0,54.0,3943.0,14162.0
2026-03-01,2026-03-31,Kansas,2839.0,285000.0,27.0,3291.0,10124.0
2026-03-01,2026-03-31,Kentucky,3815.0,275000.0,51.0,5123.0,18258.0
2026-03-01,2026-03-31,Louisiana,3531.0,255000.0,66.0,4608.0,21453.0
2026-03-01,2026-03-31,Maine,1471.0,384950.0,61.0,1768.0,7140.0
2026-03-01,2026-03-31,Maryland,5517.0,426000.0,46.0,7298.0,23866.0
2026-03-01,2026-03-31,Massachusetts,5171.0,623498.0,29.0,6885.0,18870.0
2026-03-01,2026-03-31,Michigan,9760.0,265000.0,34.0,12234.0,38301.0
2026-03-01,2026-03-31,Minnesota,5925.0,350000.0,35.0,7166.0,20598.0
2026-03-01,2026-03-31,Mississippi,1799.0,260000.0,47.0,2697.0,10830.0
2026-03-01,2026-03-31,Missouri,6664.0,277000.0,33.0,8436.0,27840.0
2026-03-01,2026-03-31,Montana,1083.0,499000.0,90.0,1496.0,7297.0
2026-03-01,2026-03-31,Nebraska,1956.0,298000.0,31.0,2148.0,6634.0
2026-03-01,2026-03-31,Nevada,3463.0,465000.0,57.0,4656.0,18828.0
2026-03-01,2026-03-31,New Hampshire,1497.0,495000.0,43.0,1778.0,5632.0
2026-03-01,2026-03-31,New Jersey,6957.0,525000.0,45.0,9027.0,30144.0
2026-03-01,2026-03-31,New Mexico,1711.0,349900.0,56.0,2332.0,9293.0
2026-03-01,2026-03-31,New York,10288.0,521250.0,39.0,13705.0,50053.0
2026-03-01,2026-03-31,North Carolina,12240.0,367000.0,65.0,16536.0,67136.0
2026-03-01,2026-03-31,North Dakota,638.0,305000.0,54.0,749.0,2747.0
2026-03-01,2026-03-31,Ohio,10765.0,259900.0,43.0,13363.0,41933.0
2026-03-01,2026-03-31,Oklahoma,4196.0,255000.0,61.0,5277.0,21395.0
2026-03-01,2026-03-31,Oregon,4081.0,500000.0,46.0,5412.0,20248.0
2026-03-01,2026-03-31,Pennsylvania,10047.0,299995.0,39.0,12851.0,41566.0
2026-03-01,2026-03-31,Rhode Island,832.0,516000.0,33.0,1050.0,3029.0
2026-03-01,2026-03-31,South Carolina,7431.0,350000.0,82.0,9565.0,44006.0
2026-03-01,2026-03-31,South Dakota,832.0,318000.0,66.0,1094.0,4115.0
2026-03-01,2026-03-31,Tennessee,7826.0,370000.0,71.0,11362.0,48123.0
2026-03-01,2026-03-31,Texas,27155.0,335000.0,73.0,39909.0,184293.0
2026-03-01,2026-03-31,Utah,3405.0,520050.0,53.0,4745.0,18705.0
2026-03-01,2026-03-31,Vermont,595.0,424950.0,69.0,813.0,3592.0
2026-03-01,2026-03-31,Virginia,8934.0,425000.0,38.0,11043.0,33949.0
2026-03-01,2026-03-31,Washington,7247.0,600000.0,29.0,9829.0,31903.0
2026-03-01,2026-03-31,West Virginia,1212.0,255000.0,67.0,1539.0,5768.0
2026-03-01,2026-03-31,Wisconsin,5713.0,329900.0,50.0,6536.0,22267.0
2026-03-01,2026-03-31,Wyoming,636.0,350000.0,52.0,762.0,3118.0
2026-02-01,2026-02-28,Alabama,5313.0,288220.0,65.0,6939.0,29697.0
2026-02-01,2026-02-28,Alaska,629.0,415508.0,34.0,743.0,2454.0
2026-02-01,2026-02-28,Arizona,8377.0,444000.0,66.0,10857.0,47230.0
2026-02-01,2026-02-28,Arkansas,3269.0,265000.0,63.0,4523.0,18507.0
2026-02-01,2026-02-28,California,23309.0,735000.0,41.0,30119.0,106382.0
2026-02-01,2026-02-28,Colorado,7419.0,538500.0,55.0,10334.0,38065.0
2026-02-01,2026-02-28,District of Columbia,493.0,590000.0,76.0,888.0,3661.0
2026-02-01,2026-02-28,Connecticut,3053.0,394125.0,40.0,3219.0,9912.0
2026-02-01,2026-02-28,Delaware,1032.0,380000.0,48.0,1352.0,5238.0
2026-02-01,2026-02-28,Florida,30463.0,385000.0,74.0,41938.0,207658.0
2026-02-01,2026-02-28,Georgia,10982.0,350000.0,64.0,16564.0,72853.0
2026-02-01,2026-02-28,Hawaii,991.0,750959.0,92.0,1431.0,8157.0
2026-02-01,2026-02-28,Idaho,2615.0,465000.0,50.0,3073.0,11948.0
2026-02-01,2026-02-28,Illinois,11265.0,295000.0,51.0,13552.0,44939.0
2026-02-01,2026-02-28,Indiana,7129.0,259993.0,36.0,8564.0,27388.0
2026-02-01,2026-02-28,Iowa,3368.0,233000.0,43.0,4097.0,14344.0
2026-02-01,2026-02-28,Kansas,2825.0,269495.0,29.0,3405.0,10257.0
2026-02-01,2026-02-28,Kentucky,3935.0,268700.0,49.0,4690.0,17820.0
2026-02-01,2026-02-28,Louisiana,3341.0,255500.0,65.0,4522.0,21400.0
2026-02-01,2026-02-28,Maine,1459.0,386000.0,56.0,1769.0,7280.0
2026-02-01,2026-02-28,Maryland,5777.0,422900.0,45.0,6767.0,23698.0
2026-02-01,2026-02-28,Massachusetts,5175.0,585000.0,29.0,6106.0,18459.0
2026-02-01,2026-02-28,Michigan,9913.0,258000.0,35.0,12244.0,37969.0
2026-02-01,2026-02-28,Minnesota,5898.0,343000.0,36.0,7059.0,17505.0
2026-02-01,2026-02-28,Mississippi,1820.0,260000.0,53.0,2608.0,10643.0
2026-02-01,2026-02-28,Missouri,6783.0,270000.0,33.0,8527.0,27714.0
2026-02-01,2026-02-28,Montana,1047.0,499000.0,86.0,1621.0,7269.0
2026-02-01,2026-02-28,Nebraska,1917.0,290000.0,34.0,2091.0,6704.0
2026-02-01,2026-02-28,Nevada,3337.0,455000.0,65.0,4628.0,18709.0
2026-02-01,2026-02-28,New Hampshire,1448.0,490000.0,42.0,1774.0,5562.0
2026-02-01,2026-02-28,New Jersey,6914.0,520000.0,46.0,8005.0,29744.0
2026-02-01,2026-02-28,New Mexico,1677.0,350000.0,52.0,2177.0,9158.0
2026-02-01,2026-02-28,New York,10635.0,510000.0,37.0,13538.0,49557.0
2026-02-01,2026-02-28,North Carolina,12412.0,360250.0,65.0,15649.0,65727.0
2026-02-01,2026-02-28,North Dakota,619.0,311606.0,51.0,765.0,2754.0
2026-02-01,2026-02-28,Ohio,10865.0,250000.0,44.0,12726.0,41350.0
2026-02-01,2026-02-28,Oklahoma,4395.0,250000.0,66.0,5478.0,21436.0
2026-02-01,2026-02-28,Oregon,4074.0,499000.0,49.0,5658.0,20243.0
2026-02-01,2026-02-28,Pennsylvania,10578.0,285000.0,36.0,12622.0,40995.0
2026-02-01,2026-02-28,Rhode Island,854.0,480000.0,29.0,961.0,3042.0
2026-02-01,2026-02-28,South Carolina,7492.0,335000.0,78.0,9410.0,43518.0
2026-02-01,2026-02-28,South Dakota,890.0,318560.0,67.0,1009.0,4085.0
2026-02-01,2026-02-28,Tennessee,8302.0,360000.0,68.0,10587.0,47625.0
2026-02-01,2026-02-28,Texas,26505.0,327500.0,71.0,40037.0,181811.0
2026-02-01,2026-02-28,Utah,3463.0,512738.0,56.0,4753.0,18512.0
2026-02-01,2026-02-28,Vermont,634.0,405000.0,72.0,780.0,3549.0
2026-02-01,2026-02-28,Virginia,9078.0,410000.0,37.0,10514.0,33547.0
2026-02-01,2026-02-28,Washington,7325.0,590000.0,31.0,10229.0,31290.0
2026-02-01,2026-02-28,West Virginia,1398.0,250000.0,59.0,1423.0,5828.0
2026-02-01,2026-02-28,Wisconsin,5792.0,315000.0,52.0,6898.0,22177.0
2026-02-01,2026-02-28,Wyoming,636.0,346550.0,49.0,810.0,3156.0
2026-01-01,2026-01-31,Alabama,5332.0,279335.0,64.0,7154.0,29626.0
2026-01-01,2026-01-31,Alaska,650.0,410000.0,33.0,731.0,2474.0
2026-01-01,2026-01-31,Arizona,8368.0,435000.0,65.0,11102.0,46970.0
2026-01-01,2026-01-31,Arkansas,3223.0,265000.0,60.0,4149.0,18223.0
2026-01-01,2026-01-31,California,22430.0,705000.0,42.0,30221.0,104616.0
2026-01-01,2026-01-31,Colorado,6857.0,525000.0,56.0,9970.0,36957.0
2026-01-01,2026-01-31,District of Columbia,515.0,652500.0,60.0,728.0,3582.0
2026-01-01,2026-01-31,Connecticut,3080.0,415000.0,39.0,3324.0,10181.0
2026-01-01,2026-01-31,Delaware,1122.0,398000.0,51.0,1381.0,5205.0
2026-01-01,2026-01-31,Florida,30025.0,385000.0,73.0,42239.0,210104.0
2026-01-01,2026-01-31,Georgia,10777.0,345000.0,62.0,17087.0,72343.0
2026-01-01,2026-01-31,Hawaii,987.0,735000.0,95.0,1512.0,8180.0
2026-01-01,2026-01-31,Idaho,2515.0,469990.0,50.0,3142.0,12043.0
2026-01-01,2026-01-31,Illinois,11092.0,287000.0,50.0,13565.0,44831.0
2026-01-01,2026-01-31,Indiana,7062.0,250000.0,35.0,8309.0,27040.0
2026-01-01,2026-01-31,Iowa,3249.0,229000.0,41.0,3910.0,14345.0
2026-01-01,2026-01-31,Kansas,2849.0,259450.0,28.0,3339.0,10280.0
2026-01-01,2026-01-31,Kentucky,3869.0,262500.0,47.0,4916.0,17813.0
2026-01-01,2026-01-31,Louisiana,3436.0,248365.0,64.0,4418.0,21583.0
2026-01-01,2026-01-31,Maine,1442.0,390438.0,56.0,1819.0,7253.0
2026-01-01,2026-01-31,Maryland,5655.0,405258.0,42.0,7021.0,23795.0
2026-01-01,2026-01-31,Massachusetts,5168.0,620000.0,27.0,6365.0,18484.0
2026-01-01,2026-01-31,Michigan,9921.0,250000.0,35.0,12151.0,37626.0
2026-01-01,2026-01-31,Minnesota,5670.0,339450.0,33.0,6829.0,16700.0
2026-01-01,2026-01-31,Mississippi,1820.0,251900.0,47.0,2582.0,10559.0
2026-01-01,2026-01-31,Missouri,6677.0,265000.0,33.0,8470.0,27517.0
2026-01-01,2026-01-31,Montana,1016.0,499000.0,85.0,1377.0,7151.0
2026-01-01,2026-01-31,Nebraska,1808.0,290000.0,30.0,2172.0,6788.0
2026-01-01,2026-01-31,Nevada,3274.0,455000.0,58.0,4469.0,18492.0
2026-01-01,2026-01-31,New Hampshire,1463.0,511000.0,42.0,1743.0,5576.0
2026-01-01,2026-01-31,New Jersey,7160.0,530000.0,47.0,8973.0,29870.0
2026-01-01,2026-01-31,New Mexico,1655.0,340000.0,52.0,2104.0,9162.0
2026-01-01,2026-01-31,New York,10643.0,516750.0,37.0,13845.0,50536.0
2026-01-01,2026-01-31,North Carolina,12147.0,359990.0,62.0,15593.0,65187.0
2026-01-01,2026-01-31,North Dakota,609.0,299450.0,49.0,749.0,2731.0
2026-01-01,2026-01-31,Ohio,10756.0,240000.0,43.0,12963.0,41125.0
2026-01-01,2026-01-31,Oklahoma,4030.0,246000.0,62.0,5118.0,21211.0
2026-01-01,2026-01-31,Oregon,3895.0,474400.0,47.0,5171.0,19665.0
2026-01-01,2026-01-31,Pennsylvania,10569.0,290000.0,38.0,12799.0,41276.0
2026-01-01,2026-01-31,Rhode Island,863.0,500500.0,30.0,1090.0,3108.0
2026-01-01,2026-01-31,South Carolina,7427.0,340000.0,74.0,9587.0,43486.0
2026-01-01,2026-01-31,South Dakota,736.0,310000.0,57.0,1023.0,4160.0
2026-01-01,2026-01-31,Tennessee,8065.0,362995.0,67.0,10325.0,47943.0
2026-01-01,2026-01-31,Texas,27049.0,325000.0,70.0,39519.0,179579.0
2026-01-01,2026-01-31,Utah,3284.0,514870.0,54.0,4744.0,18330.0
2026-01-01,2026-01-31,Vermont,627.0,399950.0,64.0,802.0,3540.0
2026-01-01,2026-01-31,Virginia,8941.0,399500.0,36.0,10560.0,33609.0
2026-01-01,2026-01-31,Washington,7274.0,563390.0,29.0,9793.0,30355.0
2026-01-01,2026-01-31,West Virginia,1212.0,230000.0,58.0,1500.0,6030.0
2026-01-01,2026-01-31,Wisconsin,5686.0,311000.0,51.0,6457.0,22002.0
2026-01-01,2026-01-31,Wyoming,647.0,359500.0,53.0,805.0,3230.0
2025-12-01,2025-12-31,Alabama,5284.0,285000.0,63.0,6687.0,29300.0
2025-12-01,2025-12-31,Alaska,692.0,410000.0,28.0,765.0,2534.0
2025-12-01,2025-12-31,Arizona,8442.0,439990.0,65.0,10886.0,46830.0
2025-12-01,2025-12-31,Arkansas,3246.0,264720.0,57.0,4100.0,18365.0
2025-12-01,2025-12-31,California,23265.0,725000.0,42.0,29978.0,104443.0
2025-12-01,2025-12-31,Colorado,7435.0,534950.0,54.0,9034.0,37128.0
2025-12-01,2025-12-31,District of Columbia,524.0,715000.0,56.0,836.0,3695.0
2025-12-01,2025-12-31,Connecticut,3110.0,420000.0,39.0,3427.0,10347.0
2025-12-01,2025-12-31,Delaware,1178.0,405000.0,49.0,1299.0,5208.0
2025-12-01,2025-12-31,Florida,30923.0,389900.0,75.0,41717.0,212679.0
2025-12-01,2025-12-31,Georgia,11064.0,356914.0,63.0,16299.0,72592.0
2025-12-01,2025-12-31,Hawaii,1071.0,750000.0,96.0,1418.0,8150.0
2025-12-01,2025-12-31,Idaho,2564.0,460000.0,49.0,3030.0,12034.0
2025-12-01,2025-12-31,Illinois,11542.0,299900.0,50.0,13191.0,44715.0
2025-12-01,2025-12-31,Indiana,7147.0,262000.0,35.0,7882.0,26870.0
2025-12-01,2025-12-31,Iowa,3355.0,230000.0,41.0,3742.0,14119.0
2025-12-01,2025-12-31,Kansas,2912.0,266250.0,28.0,3104.0,10208.0
2025-12-01,2025-12-31,Kentucky,3947.0,269800.0,46.0,4738.0,17635.0
2025-12-01,2025-12-31,Louisiana,3561.0,246200.0,63.0,4268.0,21508.0
2025-12-01,2025-12-31,Maine,1538.0,392000.0,57.0,1837.0,7355.0
2025-12-01,2025-12-31,Maryland,5819.0,427000.0,42.0,6978.0,24078.0
2025-12-01,2025-12-31,Massachusetts,5283.0,620000.0,27.0,6388.0,18346.0
2025-12-01,2025-12-31,Michigan,9926.0,265000.0,34.0,12135.0,37596.0
2025-12-01,2025-12-31,Minnesota,6005.0,347000.0,32.0,6864.0,17956.0
2025-12-01,2025-12-31,Mississippi,1862.0,260000.0,47.0,2475.0,10455.0
2025-12-01,2025-12-31,Missouri,6724.0,275000.0,34.0,7618.0,27362.0
2025-12-01,2025-12-31,Montana,1023.0,475000.0,85.0,1365.0,7122.0
2025-12-01,2025-12-31,Nebraska,1842.0,289995.0,28.0,2106.0,6722.0
2025-12-01,2025-12-31,Nevada,3403.0,458995.0,62.0,4309.0,18429.0
2025-12-01,2025-12-31,New Hampshire,1559.0,500000.0,42.0,1782.0,5687.0
2025-12-01,2025-12-31,New Jersey,7376.0,540000.0,47.0,8829.0,29834.0
2025-12-01,2025-12-31,New Mexico,1746.0,347700.0,53.0,2143.0,9167.0
2025-12-01,2025-12-31,New York,10893.0,495000.0,36.0,13956.0,50543.0
2025-12-01,2025-12-31,North Carolina,12615.0,370000.0,61.0,15344.0,65053.0
2025-12-01,2025-12-31,North Dakota,634.0,299950.0,50.0,708.0,2703.0
2025-12-01,2025-12-31,Ohio,11379.0,248950.0,43.0,12595.0,41254.0
2025-12-01,2025-12-31,Oklahoma,4200.0,250000.0,55.0,5145.0,21187.0
2025-12-01,2025-12-31,Oregon,4130.0,494900.0,46.0,4751.0,19621.0
2025-12-01,2025-12-31,Pennsylvania,11034.0,295000.0,37.0,12712.0,41198.0
2025-12-01,2025-12-31,Rhode Island,985.0,495000.0,31.0,1114.0,3065.0
2025-12-01,2025-12-31,South Carolina,7618.0,340000.0,75.0,9344.0,43113.0
2025-12-01,2025-12-31,South Dakota,802.0,315000.0,64.0,997.0,4112.0
2025-12-01,2025-12-31,Tennessee,8526.0,374933.0,68.0,10678.0,47944.0
2025-12-01,2025-12-31,Texas,27866.0,333990.0,70.0,39808.0,180621.0
2025-12-01,2025-12-31,Utah,3355.0,525000.0,53.0,4612.0,18154.0
2025-12-01,2025-12-31,Vermont,655.0,412000.0,68.0,724.0,3517.0
2025-12-01,2025-12-31,Virginia,9024.0,415000.0,36.0,10102.0,33679.0
2025-12-01,2025-12-31,Washington,7593.0,575000.0,28.0,9104.0,30051.0
2025-12-01,2025-12-31,West Virginia,1334.0,249900.0,56.0,1552.0,6207.0
2025-12-01,2025-12-31,Wisconsin,5774.0,312000.0,50.0,6263.0,22028.0
2025-12-01,2025-12-31,Wyoming,666.0,358800.0,48.0,776.0,3226.0
2025-11-01,2025-11-30,Alabama,5260.0,289450.0,63.0,6624.0,29218.0
2025-11-01,2025-11-30,Alaska,664.0,405000.0,31.0,823.0,2585.0
2025-11-01,2025-11-30,Arizona,8450.0,440000.0,65.0,10773.0,47213.0
2025-11-01,2025-11-30,Arkansas,3176.0,265000.0,58.0,4293.0,18536.0
2025-11-01,2025-11-30,California,23796.0,749000.0,44.0,29907.0,105205.0
2025-11-01,2025-11-30,Colorado,7183.0,545000.0,55.0,9233.0,37832.0
2025-11-01,2025-11-30,District of Columbia,533.0,700000.0,56.0,768.0,3701.0
2025-11-01,2025-11-30,Connecticut,3101.0,425000.0,39.0,3493.0,10390.0
2025-11-01,2025-11-30,Delaware,1182.0,398352.0,47.0,1360.0,5253.0
2025-11-01,2025-11-30,Florida,30868.0,385000.0,74.0,42451.0,215961.0
2025-11-01,2025-11-30,Georgia,10911.0,358000.0,62.0,16281.0,72492.0
2025-11-01,2025-11-30,Hawaii,1076.0,729500.0,98.0,1502.0,8219.0
2025-11-01,2025-11-30,Idaho,2569.0,469990.0,52.0,3133.0,12203.0
2025-11-01,2025-11-30,Illinois,11377.0,300000.0,50.0,13360.0,44959.0
2025-11-01,2025-11-30,Indiana,7062.0,265000.0,34.0,8304.0,27123.0
2025-11-01,2025-11-30,Iowa,3293.0,237000.0,41.0,3866.0,14203.0
2025-11-01,2025-11-30,Kansas,2876.0,279839.0,27.0,3330.0,10496.0
2025-11-01,2025-11-30,Kentucky,3884.0,272000.0,45.0,4882.0,17739.0
2025-11-01,2025-11-30,Louisiana,3428.0,250000.0,58.0,4646.0,21662.0
2025-11-01,2025-11-30,Maine,1452.0,400000.0,57.0,1894.0,7571.0
2025-11-01,2025-11-30,Maryland,5743.0,425000.0,42.0,7066.0,23755.0
2025-11-01,2025-11-30,Massachusetts,5240.0,635000.0,27.0,6365.0,18381.0
2025-11-01,2025-11-30,Michigan,10022.0,265000.0,33.0,12123.0,38093.0
2025-11-01,2025-11-30,Minnesota,5894.0,352000.0,33.0,7194.0,21206.0
2025-11-01,2025-11-30,Mississippi,1809.0,264693.0,47.0,2622.0,10486.0
2025-11-01,2025-11-30,Missouri,6678.0,279950.0,34.0,8313.0,27652.0
2025-11-01,2025-11-30,Montana,1029.0,499000.0,84.0,1435.0,7151.0
2025-11-01,2025-11-30,Nebraska,1797.0,302000.0,30.0,2099.0,6832.0
2025-11-01,2025-11-30,Nevada,3362.0,470000.0,62.0,4141.0,18497.0
2025-11-01,2025-11-30,New Hampshire,1487.0,500000.0,41.0,1755.0,5622.0
2025-11-01,2025-11-30,New Jersey,7368.0,550000.0,48.0,8812.0,29793.0
2025-11-01,2025-11-30,New Mexico,1608.0,353495.0,55.0,2174.0,9103.0
2025-11-01,2025-11-30,New York,10622.0,470000.0,36.0,14095.0,50932.0
2025-11-01,2025-11-30,North Carolina,12412.0,375000.0,58.0,15336.0,64989.0
2025-11-01,2025-11-30,North Dakota,600.0,300000.0,50.0,732.0,2773.0
2025-11-01,2025-11-30,Ohio,11114.0,255000.0,43.0,13007.0,41640.0
2025-11-01,2025-11-30,Oklahoma,4117.0,250000.0,48.0,5195.0,21188.0
2025-11-01,2025-11-30,Oregon,4060.0,500000.0,47.0,4812.0,19831.0
2025-11-01,2025-11-30,Pennsylvania,10815.0,300000.0,36.0,12770.0,41476.0
2025-11-01,2025-11-30,Rhode Island,897.0,500000.0,32.0,1079.0,3105.0
2025-11-01,2025-11-30,South Carolina,7494.0,341767.0,74.0,9502.0,43039.0
2025-11-01,2025-11-30,South Dakota,748.0,325000.0,63.0,873.0,4082.0
2025-11-01,2025-11-30,Tennessee,8181.0,370000.0,68.0,10697.0,47723.0
2025-11-01,2025-11-30,Texas,27370.0,330000.0,69.0,39457.0,182531.0
2025-11-01,2025-11-30,Utah,3216.0,527990.0,53.0,4588.0,18302.0
2025-11-01,2025-11-30,Vermont,610.0,420000.0,64.0,791.0,3467.0
2025-11-01,2025-11-30,Virginia,8956.0,425000.0,36.0,10653.0,33806.0
2025-11-01,2025-11-30,Washington,7265.0,600000.0,28.0,8968.0,30432.0
2025-11-01,2025-11-30,West Virginia,1204.0,260000.0,60.0,1608.0,6235.0
2025-11-01,2025-11-30,Wisconsin,5727.0,325000.0,51.0,6620.0,21975.0
2025-11-01,2025-11-30,Wyoming,608.0,359000.0,50.0,837.0,3240.0
2025-10-01,2025-10-31,Alabama,5248.0,289500.0,64.0,6819.0,29324.0
2025-10-01,2025-10-31,Alaska,615.0,385000.0,34.0,812.0,2569.0
2025-10-01,2025-10-31,Arizona,8241.0,440000.0,68.0,11140.0,47669.0
2025-10-01,2025-10-31,Arkansas,3051.0,270000.0,56.0,4306.0,18454.0
2025-10-01,2025-10-31,California,23431.0,750000.0,43.0,29628.0,106435.0
2025-10-01,2025-10-31,Colorado,7163.0,550695.0,53.0,9238.0,37919.0
2025-10-01,2025-10-31,District of Columbia,519.0,680000.0,64.0,833.0,3708.0
2025-10-01,2025-10-31,Connecticut,3155.0,425000.0,39.0,3527.0,10471.0
2025-10-01,2025-10-31,Delaware,1136.0,404500.0,48.0,1325.0,5174.0
2025-10-01,2025-10-31,Florida,30569.0,385000.0,75.0,42913.0,218846.0
2025-10-01,2025-10-31,Georgia,10912.0,355000.0,62.0,16548.0,71234.0
2025-10-01,2025-10-31,Hawaii,1151.0,765000.0,92.0,1553.0,8380.0
2025-10-01,2025-10-31,Idaho,2492.0,484990.0,53.0,2880.0,12092.0
2025-10-01,2025-10-31,Illinois,11401.0,303000.0,50.0,13564.0,44905.0
2025-10-01,2025-10-31,Indiana,7007.0,270000.0,34.0,8607.0,27034.0
2025-10-01,2025-10-31,Iowa,3232.0,245000.0,42.0,4055.0,14118.0
2025-10-01,2025-10-31,Kansas,2720.0,285000.0,26.0,3427.0,10476.0
2025-10-01,2025-10-31,Kentucky,3851.0,276000.0,45.0,4968.0,17667.0
2025-10-01,2025-10-31,Louisiana,3357.0,255000.0,60.0,4719.0,21522.0
2025-10-01,2025-10-31,Maine,1509.0,430000.0,57.0,1894.0,7537.0
2025-10-01,2025-10-31,Maryland,5708.0,435000.0,42.0,7212.0,23533.0
2025-10-01,2025-10-31,Massachusetts,5274.0,635000.0,26.0,6543.0,18161.0
2025-10-01,2025-10-31,Michigan,9948.0,270000.0,33.0,12140.0,38005.0
2025-10-01,2025-10-31,Minnesota,5838.0,354450.0,33.0,7015.0,24235.0
2025-10-01,2025-10-31,Mississippi,1786.0,265000.0,43.0,2581.0,10424.0
2025-10-01,2025-10-31,Missouri,6623.0,285000.0,34.0,8271.0,27550.0
2025-10-01,2025-10-31,Montana,1000.0,508000.0,84.0,1404.0,7112.0
2025-10-01,2025-10-31,Nebraska,1871.0,305000.0,29.0,2182.0,6914.0
2025-10-01,2025-10-31,Nevada,3231.0,455000.0,63.0,4295.0,18382.0
2025-10-01,2025-10-31,New Hampshire,1453.0,500000.0,41.0,1783.0,5558.0
2025-10-01,2025-10-31,New Jersey,7182.0,545000.0,47.0,9085.0,29868.0
2025-10-01,2025-10-31,New Mexico,1677.0,358000.0,53.0,2129.0,9015.0
2025-10-01,2025-10-31,New York,10597.0,480000.0,38.0,14033.0,50747.0
2025-10-01,2025-10-31,North Carolina,12330.0,372500.0,57.0,15955.0,64871.0
2025-10-01,2025-10-31,North Dakota,631.0,306750.0,46.0,738.0,2758.0
2025-10-01,2025-10-31,Ohio,11022.0,258000.0,43.0,13235.0,41582.0
2025-10-01,2025-10-31,Oklahoma,3878.0,254250.0,44.0,5273.0,21182.0
2025-10-01,2025-10-31,Oregon,4066.0,510000.0,47.0,4847.0,19813.0
2025-10-01,2025-10-31,Pennsylvania,10572.0,298000.0,36.0,12722.0,41239.0
2025-10-01,2025-10-31,Rhode Island,840.0,500000.0,30.0,1132.0,3093.0
2025-10-01,2025-10-31,South Carolina,7420.0,345000.0,76.0,9616.0,42727.0
2025-10-01,2025-10-31,South Dakota,758.0,320000.0,59.0,974.0,4070.0
2025-10-01,2025-10-31,Tennessee,7871.0,375000.0,66.0,10871.0,47230.0
2025-10-01,2025-10-31,Texas,27031.0,335000.0,68.0,40269.0,184036.0
2025-10-01,2025-10-31,Utah,3215.0,530000.0,52.0,4526.0,18220.0
2025-10-01,2025-10-31,Vermont,652.0,425000.0,62.0,821.0,3433.0
2025-10-01,2025-10-31,Virginia,8934.0,430000.0,36.0,10851.0,33546.0
2025-10-01,2025-10-31,Washington,7235.0,600000.0,27.0,9034.0,30406.0
2025-10-01,2025-10-31,West Virginia,1196.0,246250.0,57.0,1560.0,6152.0
2025-10-01,2025-10-31,Wisconsin,5674.0,333250.0,50.0,6533.0,21767.0
2025-10-01,2025-10-31,Wyoming,611.0,377250.0,52.0,794.0,3154.0
2025-09-01,2025-09-30,Alabama,5264.0,290848.0,63.0,6795.0,29307.0
2025-09-01,2025-09-30,Alaska,665.0,400000.0,31.0,836.0,2526.0
2025-09-01,2025-09-30,Arizona,8325.0,439900.0,70.0,10991.0,47944.0
2025-09-01,2025-09-30,Arkansas,3166.0,268000.0,55.0,4330.0,18175.0
2025-09-01,2025-09-30,California,23286.0,747000.0,43.0,29713.0,108150.0
2025-09-01,2025-09-30,Colorado,7284.0,550000.0,52.0,9184.0,38249.0
2025-09-01,2025-09-30,District of Columbia,540.0,675000.0,64.0,886.0,3736.0
2025-09-01,2025-09-30,Connecticut,3091.0,430000.0,40.0,3566.0,10494.0
2025-09-01,2025-09-30,Delaware,1130.0,395000.0,50.0,1380.0,5206.0
2025-09-01,2025-09-30,Florida,30322.0,384000.0,76.0,42663.0,221584.0
2025-09-01,2025-09-30,Georgia,11058.0,352500.0,62.0,16133.0,69731.0
2025-09-01,2025-09-30,Hawaii,1450.0,749000.0,66.0,1838.0,8681.0
2025-09-01,2025-09-30,Idaho,2415.0,475000.0,55.0,2955.0,12244.0
2025-09-01,2025-09-30,Illinois,11273.0,302000.0,51.0,13535.0,44765.0
2025-09-01,2025-09-30,Indiana,6951.0,270000.0,35.0,8400.0,26698.0
2025-09-01,2025-09-30,Iowa,3280.0,239990.0,41.0,3897.0,13819.0
2025-09-01,2025-09-30,Kansas,2747.0,271436.0,27.0,3297.0,10218.0
2025-09-01,2025-09-30,Kentucky,3889.0,270000.0,46.0,4936.0,17497.0
2025-09-01,2025-09-30,Louisiana,3502.0,251485.0,60.0,4562.0,21437.0
2025-09-01,2025-09-30,Maine,1475.0,410000.0,58.0,1874.0,7479.0
2025-09-01,2025-09-30,Maryland,5713.0,425000.0,42.0,7235.0,23210.0
2025-09-01,2025-09-30,Massachusetts,5249.0,625000.0,26.0,6770.0,18116.0
2025-09-01,2025-09-30,Michigan,10007.0,279900.0,33.0,12083.0,37584.0
2025-09-01,2025-09-30,Minnesota,5877.0,360000.0,33.0,6952.0,24834.0
2025-09-01,2025-09-30,Mississippi,1846.0,261828.0,46.0,2551.0,10406.0
2025-09-01,2025-09-30,Missouri,6643.0,279900.0,34.0,8222.0,27319.0
2025-09-01,2025-09-30,Montana,986.0,514500.0,82.0,1377.0,7153.0
2025-09-01,2025-09-30,Nebraska,1793.0,304945.0,31.0,2229.0,6899.0
2025-09-01,2025-09-30,Nevada,3297.0,458250.0,61.0,4234.0,18349.0
2025-09-01,2025-09-30,New Hampshire,1497.0,510000.0,41.0,1761.0,5519.0
2025-09-01,2025-09-30,New Jersey,7330.0,545000.0,49.0,9252.0,30046.0
2025-09-01,2025-09-30,New Mexico,1720.0,360000.0,54.0,2146.0,8966.0
2025-09-01,2025-09-30,New York,10675.0,490000.0,36.0,14167.0,50835.0
2025-09-01,2025-09-30,North Carolina,12547.0,370000.0,57.0,15699.0,64334.0
2025-09-01,2025-09-30,North Dakota,614.0,299000.0,46.0,726.0,2795.0
2025-09-01,2025-09-30,Ohio,11135.0,255000.0,42.0,13022.0,41191.0
2025-09-01,2025-09-30,Oklahoma,3872.0,252000.0,42.0,5233.0,21055.0
2025-09-01,2025-09-30,Oregon,3974.0,500000.0,45.0,4931.0,20028.0
2025-09-01,2025-09-30,Pennsylvania,10632.0,296900.0,36.0,12747.0,41036.0
2025-09-01,2025-09-30,Rhode Island,1013.0,525000.0,32.0,1150.0,3120.0
2025-09-01,2025-09-30,South Carolina,7496.0,342730.0,76.0,9526.0,42399.0
2025-09-01,2025-09-30,South Dakota,674.0,320000.0,56.0,919.0,4083.0
2025-09-01,2025-09-30,Tennessee,8021.0,374933.0,66.0,10575.0,46741.0
2025-09-01,2025-09-30,Texas,27380.0,332000.0,68.0,39975.0,184782.0
2025-09-01,2025-09-30,Utah,3241.0,520141.0,52.0,4467.0,18001.0
2025-09-01,2025-09-30,Vermont,616.0,410375.0,61.0,811.0,3385.0
2025-09-01,2025-09-30,Virginia,8900.0,420000.0,35.0,10727.0,33263.0
2025-09-01,2025-09-30,Washington,7330.0,599269.0,28.0,9194.0,30453.0
2025-09-01,2025-09-30,West Virginia,1199.0,248500.0,58.0,1607.0,6208.0
2025-09-01,2025-09-30,Wisconsin,5672.0,332000.0,50.0,6524.0,21663.0
2025-09-01,2025-09-30,Wyoming,611.0,361000.0,46.0,756.0,3155.0
2025-08-01,2025-08-31,Alabama,5274.0,294900.0,63.0,6648.0,29238.0
2025-08-01,2025-08-31,Alaska,701.0,405000.0,32.0,804.0,2513.0
2025-08-01,2025-08-31,Arizona,8296.0,432000.0,70.0,10807.0,48454.0
2025-08-01,2025-08-31,Arkansas,3135.0,269900.0,55.0,4217.0,17983.0
2025-08-01,2025-08-31,California,22694.0,747000.0,46.0,29532.0,110337.0
2025-08-01,2025-08-31,Colorado,7137.0,550000.0,51.0,9181.0,38679.0
2025-08-01,2025-08-31,District of Columbia,570.0,662500.0,64.0,820.0,3839.0
2025-08-01,2025-08-31,Connecticut,3140.0,440000.0,39.0,3513.0,10475.0
2025-08-01,2025-08-31,Delaware,1174.0,389000.0,48.0,1352.0,5137.0
2025-08-01,2025-08-31,Florida,29822.0,380000.0,76.0,43046.0,224648.0
2025-08-01,2025-08-31,Georgia,10894.0,361805.0,60.0,15918.0,68574.0
2025-08-01,2025-08-31,Hawaii,979.0,740000.0,101.0,1445.0,8316.0
2025-08-01,2025-08-31,Idaho,2506.0,475528.0,53.0,2852.0,12365.0
2025-08-01,2025-08-31,Illinois,11231.0,315000.0,51.0,13428.0,44699.0
2025-08-01,2025-08-31,Indiana,7083.0,275000.0,34.0,8466.0,26573.0
2025-08-01,2025-08-31,Iowa,3262.0,245000.0,41.0,3800.0,13580.0
2025-08-01,2025-08-31,Kansas,2696.0,285000.0,26.0,3323.0,10211.0
2025-08-01,2025-08-31,Kentucky,3909.0,275000.0,46.0,4944.0,17418.0
2025-08-01,2025-08-31,Louisiana,3498.0,254570.0,64.0,4475.0,21408.0
2025-08-01,2025-08-31,Maine,1545.0,411812.0,59.0,1832.0,7433.0
2025-08-01,2025-08-31,Maryland,5635.0,435000.0,41.0,6941.0,22846.0
2025-08-01,2025-08-31,Massachusetts,5245.0,650000.0,26.0,6291.0,17963.0
2025-08-01,2025-08-31,Michigan,10029.0,280000.0,32.0,12072.0,37483.0
2025-08-01,2025-08-31,Minnesota,5871.0,362000.0,34.0,6906.0,24937.0
2025-08-01,2025-08-31,Mississippi,1785.0,265000.0,46.0,2473.0,10440.0
2025-08-01,2025-08-31,Missouri,6630.0,279950.0,36.0,8129.0,27303.0
2025-08-01,2025-08-31,Montana,994.0,499900.0,84.0,1394.0,7257.0
2025-08-01,2025-08-31,Nebraska,1747.0,305000.0,31.0,2151.0,6859.0
2025-08-01,2025-08-31,Nevada,3285.0,463500.0,60.0,4085.0,18493.0
2025-08-01,2025-08-31,New Hampshire,1449.0,530000.0,40.0,1743.0,5457.0
2025-08-01,2025-08-31,New Jersey,7151.0,575000.0,48.0,8855.0,30100.0
2025-08-01,2025-08-31,New Mexico,1648.0,360000.0,52.0,2135.0,8999.0
2025-08-01,2025-08-31,New York,10590.0,517300.0,35.0,13900.0,50594.0
2025-08-01,2025-08-31,North Carolina,12327.0,375000.0,57.0,15587.0,64242.0
2025-08-01,2025-08-31,North Dakota,667.0,326500.0,46.0,741.0,2819.0
2025-08-01,2025-08-31,Ohio,11012.0,264000.0,43.0,13013.0,41149.0
2025-08-01,2025-08-31,Oklahoma,4045.0,255000.0,39.0,5204.0,20940.0
2025-08-01,2025-08-31,Oregon,3964.0,510000.0,45.0,4654.0,20206.0
2025-08-01,2025-08-31,Pennsylvania,10510.0,315000.0,37.0,12566.0,40787.0
2025-08-01,2025-08-31,Rhode Island,967.0,500000.0,31.0,1107.0,3123.0
2025-08-01,2025-08-31,South Carolina,7444.0,349000.0,76.0,9363.0,42031.0
2025-08-01,2025-08-31,South Dakota,713.0,345000.0,59.0,930.0,4111.0
2025-08-01,2025-08-31,Tennessee,8109.0,375000.0,66.0,10612.0,46636.0
2025-08-01,2025-08-31,Texas,27708.0,338015.0,68.0,39940.0,186453.0
2025-08-01,2025-08-31,Utah,3305.0,525000.0,52.0,4422.0,18182.0
2025-08-01,2025-08-31,Vermont,643.0,435000.0,58.0,774.0,3388.0
2025-08-01,2025-08-31,Virginia,8858.0,425000.0,36.0,10479.0,33002.0
2025-08-01,2025-08-31,Washington,7308.0,614800.0,28.0,8880.0,30160.0
2025-08-01,2025-08-31,West Virginia,1169.0,254995.0,57.0,1609.0,6089.0
2025-08-01,2025-08-31,Wisconsin,5702.0,338995.0,50.0,6318.0,21612.0
2025-08-01,2025-08-31,Wyoming,565.0,380000.0,46.0,771.0,3177.0
2025-07-01,2025-07-31,Alabama,5117.0,299000.0,63.0,6601.0,29254.0
2025-07-01,2025-07-31,Alaska,685.0,420000.0,29.0,777.0,2546.0
2025-07-01,2025-07-31,Arizona,8133.0,435000.0,69.0,10956.0,49136.0
2025-07-01,2025-07-31,Arkansas,3152.0,268400.0,54.0,4102.0,17909.0
2025-07-01,2025-07-31,California,22598.0,750000.0,47.0,29762.0,112110.0
2025-07-01,2025-07-31,Colorado,6998.0,550000.0,48.0,9236.0,39419.0
2025-07-01,2025-07-31,District of Columbia,542.0,677000.0,65.0,810.0,3835.0
2025-07-01,2025-07-31,Connecticut,3142.0,450000.0,40.0,3513.0,10525.0
2025-07-01,2025-07-31,Delaware,1105.0,406690.0,49.0,1334.0,5115.0
2025-07-01,2025-07-31,Florida,29078.0,384990.0,76.0,43162.0,227579.0
2025-07-01,2025-07-31,Georgia,10807.0,365000.0,59.0,15926.0,67359.0
2025-07-01,2025-07-31,Hawaii,943.0,718500.0,99.0,1346.0,8331.0
2025-07-01,2025-07-31,Idaho,2519.0,475266.0,52.0,2773.0,12439.0
2025-07-01,2025-07-31,Illinois,11461.0,318000.0,51.0,13343.0,44816.0
2025-07-01,2025-07-31,Indiana,6965.0,275250.0,34.0,8174.0,26397.0
2025-07-01,2025-07-31,Iowa,3155.0,245000.0,41.0,3857.0,13536.0
2025-07-01,2025-07-31,Kansas,2683.0,299900.0,25.0,3199.0,10077.0
2025-07-01,2025-07-31,Kentucky,3904.0,279900.0,44.0,4757.0,17276.0
2025-07-01,2025-07-31,Louisiana,3411.0,249900.0,61.0,4350.0,21713.0
2025-07-01,2025-07-31,Maine,1490.0,420500.0,60.0,1805.0,7525.0
2025-07-01,2025-07-31,Maryland,5566.0,440000.0,40.0,6753.0,22608.0
2025-07-01,2025-07-31,Massachusetts,5215.0,670000.0,25.0,6353.0,18218.0
2025-07-01,2025-07-31,Michigan,10032.0,288750.0,31.0,12065.0,37321.0
2025-07-01,2025-07-31,Minnesota,5793.0,365000.0,35.0,6875.0,25249.0
2025-07-01,2025-07-31,Mississippi,1814.0,260000.0,49.0,2517.0,10430.0
2025-07-01,2025-07-31,Missouri,6555.0,285000.0,32.0,8144.0,27146.0
2025-07-01,2025-07-31,Montana,1021.0,525000.0,83.0,1372.0,7275.0
2025-07-01,2025-07-31,Nebraska,1796.0,305000.0,29.0,2139.0,6708.0
2025-07-01,2025-07-31,Nevada,3248.0,460000.0,62.0,4144.0,18868.0
2025-07-01,2025-07-31,New Hampshire,1492.0,515000.0,40.0,1741.0,5511.0
2025-07-01,2025-07-31,New Jersey,7191.0,560000.0,47.0,8899.0,29920.0
2025-07-01,2025-07-31,New Mexico,1680.0,355000.0,52.0,2126.0,9038.0
2025-07-01,2025-07-31,New York,10714.0,525000.0,35.0,13976.0,50855.0
2025-07-01,2025-07-31,North Carolina,12327.0,375000.0,53.0,15670.0,64125.0
2025-07-01,2025-07-31,North Dakota,618.0,305000.0,45.0,764.0,2874.0
2025-07-01,2025-07-31,Ohio,10897.0,269750.0,42.0,12794.0,41116.0
2025-07-01,2025-07-31,Oklahoma,3988.0,260000.0,36.0,5214.0,20937.0
2025-07-01,2025-07-31,Oregon,3823.0,515000.0,43.0,4776.0,20459.0
2025-07-01,2025-07-31,Pennsylvania,10493.0,315000.0,36.0,12727.0,40607.0
2025-07-01,2025-07-31,Rhode Island,937.0,500000.0,32.0,1075.0,3132.0
2025-07-01,2025-07-31,South Carolina,7399.0,353000.0,75.0,9444.0,42001.0
2025-07-01,2025-07-31,South Dakota,761.0,335000.0,49.0,933.0,4073.0
2025-07-01,2025-07-31,Tennessee,8021.0,375000.0,66.0,10515.0,47083.0
2025-07-01,2025-07-31,Texas,27131.0,340000.0,68.0,40622.0,188060.0
2025-07-01,2025-07-31,Utah,3227.0,525000.0,52.0,4559.0,18572.0
2025-07-01,2025-07-31,Vermont,636.0,430000.0,60.0,850.0,3352.0
2025-07-01,2025-07-31,Virginia,8784.0,435000.0,37.0,10210.0,32954.0
2025-07-01,2025-07-31,Washington,7298.0,615000.0,28.0,9056.0,30553.0
2025-07-01,2025-07-31,West Virginia,1208.0,250000.0,55.0,1576.0,5999.0
2025-07-01,2025-07-31,Wisconsin,5594.0,335000.0,50.0,6307.0,21624.0
2025-07-01,2025-07-31,Wyoming,622.0,367250.0,48.0,773.0,3188.0
2025-06-01,2025-06-30,Alabama,5019.0,299000.0,60.0,6495.0,28994.0
2025-06-01,2025-06-30,Alaska,689.0,410250.0,29.0,786.0,2587.0
2025-06-01,2025-06-30,Arizona,8117.0,435000.0,68.0,10874.0,49457.0
2025-06-01,2025-06-30,Arkansas,3126.0,278400.0,53.0,4226.0,17780.0
2025-06-01,2025-06-30,California,22174.0,762500.0,43.0,29468.0,114200.0
2025-06-01,2025-06-30,Colorado,7164.0,565000.0,47.0,9331.0,39707.0
2025-06-01,2025-06-30,District of Columbia,522.0,707000.0,67.0,839.0,3897.0
2025-06-01,2025-06-30,Connecticut,3077.0,450000.0,39.0,3485.0,10484.0
2025-06-01,2025-06-30,Delaware,1157.0,405000.0,48.0,1369.0,5087.0
2025-06-01,2025-06-30,Florida,28887.0,389990.0,75.0,43761.0,230360.0
2025-06-01,2025-06-30,Georgia,11049.0,374000.0,59.0,15510.0,65782.0
2025-06-01,2025-06-30,Hawaii,995.0,750000.0,89.0,1396.0,8479.0
2025-06-01,2025-06-30,Idaho,2432.0,482490.0,53.0,2828.0,12429.0
2025-06-01,2025-06-30,Illinois,11523.0,323000.0,51.0,13460.0,44982.0
2025-06-01,2025-06-30,Indiana,6943.0,275000.0,34.0,8194.0,26148.0
2025-06-01,2025-06-30,Iowa,3227.0,252990.0,41.0,3709.0,13349.0
2025-06-01,2025-06-30,Kansas,2635.0,290000.0,24.0,3246.0,9973.0
2025-06-01,2025-06-30,Kentucky,3820.0,280000.0,45.0,4710.0,16996.0
2025-06-01,2025-06-30,Louisiana,3418.0,262000.0,63.0,4377.0,21631.0
2025-06-01,2025-06-30,Maine,1433.0,425000.0,59.0,1812.0,7483.0
2025-06-01,2025-06-30,Maryland,5605.0,449990.0,41.0,7037.0,22439.0
2025-06-01,2025-06-30,Massachusetts,5185.0,680000.0,25.0,6596.0,18215.0
2025-06-01,2025-06-30,Michigan,9958.0,288000.0,32.0,12036.0,37267.0
2025-06-01,2025-06-30,Minnesota,5858.0,370000.0,35.0,6828.0,24751.0
2025-06-01,2025-06-30,Mississippi,1842.0,270000.0,46.0,2447.0,10289.0
2025-06-01,2025-06-30,Missouri,6561.0,290000.0,33.0,8079.0,26938.0
2025-06-01,2025-06-30,Montana,976.0,499000.0,81.0,1422.0,7258.0
2025-06-01,2025-06-30,Nebraska,1813.0,310000.0,29.0,2024.0,6461.0
2025-06-01,2025-06-30,Nevada,3169.0,465000.0,59.0,4326.0,18980.0
2025-06-01,2025-06-30,New Hampshire,1416.0,530000.0,38.0,1758.0,5403.0
2025-06-01,2025-06-30,New Jersey,7170.0,565000.0,45.0,8796.0,29438.0
2025-06-01,2025-06-30,New Mexico,1667.0,352000.0,49.0,2109.0,8978.0
2025-06-01,2025-06-30,New York,10637.0,516000.0,34.0,13778.0,50673.0
2025-06-01,2025-06-30,North Carolina,12183.0,380000.0,52.0,15695.0,63244.0
2025-06-01,2025-06-30,North Dakota,576.0,320000.0,40.0,745.0,2786.0
2025-06-01,2025-06-30,Ohio,10931.0,273000.0,42.0,12935.0,41008.0
2025-06-01,2025-06-30,Oklahoma,3789.0,260000.0,33.0,5078.0,20522.0
2025-06-01,2025-06-30,Oregon,3773.0,529000.0,42.0,4894.0,20408.0
2025-06-01,2025-06-30,Pennsylvania,10417.0,320000.0,35.0,12347.0,40325.0
2025-06-01,2025-06-30,Rhode Island,926.0,510000.0,31.0,1144.0,3191.0
2025-06-01,2025-06-30,South Carolina,7325.0,349990.0,70.0,9403.0,41751.0
2025-06-01,2025-06-30,South Dakota,758.0,335400.0,57.0,984.0,3949.0
2025-06-01,2025-06-30,Tennessee,7869.0,378000.0,64.0,10536.0,46686.0
2025-06-01,2025-06-30,Texas,26741.0,348000.0,68.0,39967.0,187575.0
2025-06-01,2025-06-30,Utah,3169.0,522000.0,50.0,4471.0,18462.0
2025-06-01,2025-06-30,Vermont,602.0,432500.0,60.0,836.0,3260.0
2025-06-01,2025-06-30,Virginia,8797.0,445000.0,36.0,10246.0,32672.0
2025-06-01,2025-06-30,Washington,7297.0,625000.0,25.0,9167.0,30457.0
2025-06-01,2025-06-30,West Virginia,1198.0,263000.0,55.0,1540.0,5784.0
2025-06-01,2025-06-30,Wisconsin,5627.0,340000.0,50.0,6261.0,21493.0
2025-06-01,2025-06-30,Wyoming,603.0,365000.0,44.0,807.0,3115.0
2025-05-01,2025-05-31,Alabama,5241.0,295000.0,60.0,6686.0,28786.0
2025-05-01,2025-05-31,Alaska,685.0,413500.0,30.0,824.0,2641.0
2025-05-01,2025-05-31,Arizona,8027.0,445000.0,63.0,10995.0,49168.0
2025-05-01,2025-05-31,Arkansas,3088.0,269850.0,51.0,4096.0,17424.0
2025-05-01,2025-05-31,California,21967.0,762000.0,41.0,30916.0,115090.0
2025-05-01,2025-05-31,Colorado,7156.0,555000.0,46.0,10338.0,40184.0
2025-05-01,2025-05-31,District of Columbia,489.0,704000.0,62.0,887.0,3861.0
2025-05-01,2025-05-31,Connecticut,3165.0,425000.0,39.0,3484.0,10493.0
2025-05-01,2025-05-31,Delaware,1195.0,400000.0,45.0,1387.0,5067.0
2025-05-01,2025-05-31,Florida,28886.0,390000.0,73.0,43999.0,232427.0
2025-05-01,2025-05-31,Georgia,10854.0,365000.0,57.0,15598.0,65114.0
2025-05-01,2025-05-31,Hawaii,906.0,738750.0,90.0,1496.0,8465.0
2025-05-01,2025-05-31,Idaho,2416.0,475000.0,51.0,3054.0,12368.0
2025-05-01,2025-05-31,Illinois,11299.0,316000.0,49.0,13790.0,44920.0
2025-05-01,2025-05-31,Indiana,6964.0,270000.0,33.0,8438.0,26078.0
2025-05-01,2025-05-31,Iowa,3290.0,247500.0,41.0,3855.0,13554.0
2025-05-01,2025-05-31,Kansas,2769.0,280000.0,24.0,3378.0,9897.0
2025-05-01,2025-05-31,Kentucky,3785.0,275000.0,44.0,4747.0,16765.0
2025-05-01,2025-05-31,Louisiana,3312.0,256000.0,62.0,4632.0,21600.0
2025-05-01,2025-05-31,Maine,1514.0,425000.0,52.0,1854.0,7508.0
2025-05-01,2025-05-31,Maryland,5576.0,437750.0,40.0,7086.0,22149.0
2025-05-01,2025-05-31,Massachusetts,5314.0,666894.0,24.0,6615.0,17887.0
2025-05-01,2025-05-31,Michigan,10013.0,279900.0,31.0,12041.0,37107.0
2025-05-01,2025-05-31,Minnesota,5837.0,360000.0,32.0,6888.0,23868.0
2025-05-01,2025-05-31,Mississippi,1818.0,269900.0,45.0,2415.0,10277.0
2025-05-01,2025-05-31,Missouri,6619.0,280000.0,33.0,9072.0,27831.0
2025-05-01,2025-05-31,Montana,975.0,499900.0,78.0,1540.0,7175.0
2025-05-01,2025-05-31,Nebraska,1805.0,310000.0,28.0,2127.0,6454.0
2025-05-01,2025-05-31,Nevada,3222.0,460000.0,56.0,4697.0,18933.0
2025-05-01,2025-05-31,New Hampshire,1412.0,519300.0,39.0,1706.0,5306.0
2025-05-01,2025-05-31,New Jersey,7404.0,545000.0,44.0,8881.0,29117.0
2025-05-01,2025-05-31,New Mexico,1629.0,351000.0,48.0,2176.0,8882.0
2025-05-01,2025-05-31,New York,10776.0,505000.0,33.0,13900.0,50897.0
2025-05-01,2025-05-31,North Carolina,12257.0,375000.0,51.0,16376.0,62274.0
2025-05-01,2025-05-31,North Dakota,631.0,304075.0,40.0,754.0,2712.0
2025-05-01,2025-05-31,Ohio,10779.0,260000.0,42.0,12857.0,40508.0
2025-05-01,2025-05-31,Oklahoma,3934.0,259000.0,37.0,5159.0,20362.0
2025-05-01,2025-05-31,Oregon,3886.0,520000.0,44.0,5194.0,20273.0
2025-05-01,2025-05-31,Pennsylvania,10542.0,302000.0,35.0,12680.0,40460.0
2025-05-01,2025-05-31,Rhode Island,975.0,497500.0,30.0,1139.0,3197.0
2025-05-01,2025-05-31,South Carolina,7379.0,345010.0,70.0,9354.0,41442.0
2025-05-01,2025-05-31,South Dakota,775.0,330000.0,63.0,1019.0,4251.0
2025-05-01,2025-05-31,Tennessee,7765.0,378000.0,63.0,10898.0,46485.0
2025-05-01,2025-05-31,Texas,27080.0,340098.0,65.0,40837.0,186308.0
2025-05-01,2025-05-31,Utah,3326.0,520000.0,50.0,4611.0,18519.0
2025-05-01,2025-05-31,Vermont,631.0,432500.0,59.0,785.0,3194.0
2025-05-01,2025-05-31,Virginia,8724.0,440000.0,35.0,10691.0,32436.0
2025-05-01,2025-05-31,Washington,7192.0,615280.0,25.0,9696.0,29907.0
2025-05-01,2025-05-31,West Virginia,1246.0,255000.0,53.0,1548.0,5695.0
2025-05-01,2025-05-31,Wisconsin,5637.0,332200.0,50.0,6339.0,21339.0
2025-05-01,2025-05-31,Wyoming,623.0,364950.0,42.0,842.0,3062.0
2025-04-01,2025-04-30,Alabama,5169.0,286000.0,60.0,6679.0,28466.0
2025-04-01,2025-04-30,Alaska,695.0,390000.0,33.0,805.0,2683.0
2025-04-01,2025-04-30,Arizona,8132.0,437480.0,62.0,11302.0,48446.0
2025-04-01,2025-04-30,Arkansas,3058.0,262575.0,52.0,4182.0,17150.0
2025-04-01,2025-04-30,California,22711.0,765000.0,39.0,31626.0,113030.0
2025-04-01,2025-04-30,Colorado,7359.0,560000.0,45.0,10468.0,38568.0
2025-04-01,2025-04-30,District of Columbia,499.0,741250.0,56.0,944.0,3842.0
2025-04-01,2025-04-30,Connecticut,3154.0,415000.0,36.0,3472.0,10562.0
2025-04-01,2025-04-30,Delaware,1199.0,388000.0,40.0,1447.0,5035.0
2025-04-01,2025-04-30,Florida,29091.0,386000.0,71.0,45366.0,232647.0
2025-04-01,2025-04-30,Georgia,10971.0,360000.0,56.0,15659.0,64231.0
2025-04-01,2025-04-30,Hawaii,948.0,731000.0,89.0,1585.0,8382.0
2025-04-01,2025-04-30,Idaho,2436.0,459900.0,50.0,3061.0,12106.0
2025-04-01,2025-04-30,Illinois,11251.0,310000.0,49.0,13618.0,44413.0
2025-04-01,2025-04-30,Indiana,6924.0,263850.0,32.0,8357.0,25808.0
2025-04-01,2025-04-30,Iowa,3197.0,235000.0,40.0,3947.0,13468.0
2025-04-01,2025-04-30,Kansas,2732.0,273150.0,29.0,3229.0,9646.0
2025-04-01,2025-04-30,Kentucky,3839.0,261500.0,44.0,4710.0,16577.0
2025-04-01,2025-04-30,Louisiana,3259.0,250000.0,64.0,4610.0,21368.0
2025-04-01,2025-04-30,Maine,1467.0,415000.0,57.0,1927.0,7417.0
2025-04-01,2025-04-30,Maryland,5668.0,431000.0,37.0,6970.0,21625.0
2025-04-01,2025-04-30,Massachusetts,5326.0,637500.0,24.0,6907.0,17802.0
2025-04-01,2025-04-30,Michigan,9887.0,265000.0,32.0,11985.0,36782.0
2025-04-01,2025-04-30,Minnesota,5937.0,360000.0,32.0,6982.0,21327.0
2025-04-01,2025-04-30,Mississippi,1789.0,265000.0,48.0,2483.0,10198.0
2025-04-01,2025-04-30,Missouri,6470.0,270000.0,33.0,8025.0,26204.0
2025-04-01,2025-04-30,Montana,943.0,499000.0,85.0,1487.0,7005.0
2025-04-01,2025-04-30,Nebraska,1767.0,298000.0,28.0,2171.0,6283.0
2025-04-01,2025-04-30,Nevada,3337.0,460000.0,54.0,4887.0,18394.0
2025-04-01,2025-04-30,New Hampshire,1484.0,490000.0,37.0,1725.0,5265.0
2025-04-01,2025-04-30,New Jersey,7227.0,527500.0,42.0,8815.0,28902.0
2025-04-01,2025-04-30,New Mexico,1698.0,349000.0,49.0,2126.0,8780.0
2025-04-01,2025-04-30,New York,10832.0,492000.0,32.0,13760.0,51168.0
2025-04-01,2025-04-30,North Carolina,12142.0,370000.0,49.0,16020.0,60478.0
2025-04-01,2025-04-30,North Dakota,610.0,314900.0,43.0,771.0,2742.0
2025-04-01,2025-04-30,Ohio,11090.0,247500.0,42.0,12994.0,40348.0
2025-04-01,2025-04-30,Oklahoma,3989.0,254990.0,42.0,5123.0,19963.0
2025-04-01,2025-04-30,Oregon,3888.0,505000.0,43.0,5466.0,19806.0
2025-04-01,2025-04-30,Pennsylvania,10788.0,293000.0,33.0,12465.0,39830.0
2025-04-01,2025-04-30,Rhode Island,900.0,475000.0,25.0,1174.0,3164.0
2025-04-01,2025-04-30,South Carolina,7281.0,345000.0,68.0,9304.0,40972.0
2025-04-01,2025-04-30,South Dakota,787.0,319900.0,68.0,1035.0,4201.0
2025-04-01,2025-04-30,Tennessee,7867.0,372475.0,62.0,10949.0,45900.0
2025-04-01,2025-04-30,Texas,26589.0,340000.0,63.0,40790.0,182628.0
2025-04-01,2025-04-30,Utah,3199.0,517000.0,48.0,4710.0,18162.0
2025-04-01,2025-04-30,Vermont,556.0,440000.0,56.0,830.0,3125.0
2025-04-01,2025-04-30,Virginia,8733.0,425000.0,33.0,10691.0,31750.0
2025-04-01,2025-04-30,Washington,7272.0,615280.0,22.0,9527.0,28434.0
2025-04-01,2025-04-30,West Virginia,1209.0,249500.0,57.0,1491.0,5540.0
2025-04-01,2025-04-30,Wisconsin,5566.0,324900.0,49.0,6267.0,21251.0
2025-04-01,2025-04-30,Wyoming,628.0,349900.0,44.0,780.0,3015.0
2025-03-01,2025-03-31,Alabama,5174.0,286735.0,60.0,6789.0,28351.0
2025-03-01,2025-03-31,Alaska,674.0,391500.0,29.0,872.0,2735.0
2025-03-01,2025-03-31,Arizona,8131.0,446500.0,62.0,11053.0,47203.0
2025-03-01,2025-03-31,Arkansas,3237.0,259900.0,53.0,4368.0,17020.0
2025-03-01,2025-03-31,California,23133.0,755000.0,37.0,31110.0,109957.0
2025-03-01,2025-03-31,Colorado,7547.0,554000.0,45.0,10448.0,37816.0
2025-03-01,2025-03-31,District of Columbia,556.0,655000.0,58.0,934.0,3742.0
2025-03-01,2025-03-31,Connecticut,3138.0,395000.0,38.0,3720.0,10649.0
2025-03-01,2025-03-31,Delaware,1210.0,385000.0,39.0,1480.0,5020.0
2025-03-01,2025-03-31,Florida,30011.0,385000.0,70.0,46213.0,230952.0
2025-03-01,2025-03-31,Georgia,10773.0,360000.0,55.0,15578.0,63136.0
2025-03-01,2025-03-31,Hawaii,962.0,737000.0,88.0,1681.0,8173.0
2025-03-01,2025-03-31,Idaho,2365.0,470000.0,47.0,3133.0,12020.0
2025-03-01,2025-03-31,Illinois,11368.0,295000.0,49.0,13593.0,44594.0
2025-03-01,2025-03-31,Indiana,6950.0,260000.0,31.0,8589.0,25739.0
2025-03-01,2025-03-31,Iowa,3275.0,235500.0,41.0,3836.0,13350.0
2025-03-01,2025-03-31,Kansas,2640.0,260000.0,29.0,3216.0,9731.0
2025-03-01,2025-03-31,Kentucky,3776.0,262450.0,42.0,4815.0,16546.0
2025-03-01,2025-03-31,Louisiana,3238.0,245000.0,66.0,4592.0,21156.0
2025-03-01,2025-03-31,Maine,1480.0,390000.0,50.0,1996.0,7226.0
2025-03-01,2025-03-31,Maryland,5710.0,419900.0,34.0,7223.0,21280.0
2025-03-01,2025-03-31,Massachusetts,5197.0,610000.0,23.0,6664.0,17762.0
2025-03-01,2025-03-31,Michigan,10069.0,253000.0,31.0,12042.0,36671.0
2025-03-01,2025-03-31,Minnesota,5896.0,346000.0,33.0,7254.0,19109.0
2025-03-01,2025-03-31,Mississippi,1833.0,258870.0,49.0,2444.0,10233.0
2025-03-01,2025-03-31,Missouri,6557.0,264000.0,33.0,7969.0,26013.0
2025-03-01,2025-03-31,Montana,909.0,515000.0,84.0,1513.0,6776.0
2025-03-01,2025-03-31,Nebraska,1770.0,290000.0,27.0,2039.0,6211.0
2025-03-01,2025-03-31,Nevada,3447.0,462933.0,49.0,4835.0,17845.0
2025-03-01,2025-03-31,New Hampshire,1423.0,500000.0,37.0,1735.0,5224.0
2025-03-01,2025-03-31,New Jersey,7286.0,510000.0,42.0,9106.0,28772.0
2025-03-01,2025-03-31,New Mexico,1716.0,349000.0,46.0,2132.0,8791.0
2025-03-01,2025-03-31,New York,11062.0,490000.0,35.0,14029.0,51311.0
2025-03-01,2025-03-31,North Carolina,12248.0,367000.0,50.0,15958.0,59498.0
2025-03-01,2025-03-31,North Dakota,625.0,281000.0,44.0,772.0,2702.0
2025-03-01,2025-03-31,Ohio,10849.0,244900.0,40.0,13270.0,40325.0
2025-03-01,2025-03-31,Oklahoma,3968.0,248000.0,52.0,5243.0,20024.0
2025-03-01,2025-03-31,Oregon,3945.0,500000.0,43.0,5289.0,19221.0
2025-03-01,2025-03-31,Pennsylvania,10748.0,285000.0,34.0,12551.0,40246.0
2025-03-01,2025-03-31,Rhode Island,936.0,478500.0,27.0,1247.0,3155.0
2025-03-01,2025-03-31,South Carolina,7350.0,339000.0,68.0,9340.0,40352.0
2025-03-01,2025-03-31,South Dakota,833.0,320000.0,70.0,964.0,4115.0
2025-03-01,2025-03-31,Tennessee,8045.0,370000.0,60.0,10915.0,44861.0
2025-03-01,2025-03-31,Texas,27150.0,340000.0,62.0,40439.0,177915.0
2025-03-01,2025-03-31,Utah,3229.0,507745.0,47.0,4749.0,17773.0
2025-03-01,2025-03-31,Vermont,644.0,400000.0,56.0,788.0,3067.0
2025-03-01,2025-03-31,Virginia,8641.0,419230.0,32.0,10730.0,30946.0
2025-03-01,2025-03-31,Washington,7428.0,605000.0,23.0,9430.0,27924.0
2025-03-01,2025-03-31,West Virginia,1243.0,242500.0,51.0,1518.0,5532.0
2025-03-01,2025-03-31,Wisconsin,5592.0,310000.0,50.0,6465.0,21321.0
2025-03-01,2025-03-31,Wyoming,592.0,335000.0,53.0,813.0,2994.0
2025-02-01,2025-02-28,Alabama,5113.0,278301.0,58.0,6858.0,28149.0
2025-02-01,2025-02-28,Alaska,634.0,387000.0,28.0,837.0,2713.0
2025-02-01,2025-02-28,Arizona,8235.0,445000.0,60.0,11229.0,45901.0
2025-02-01,2025-02-28,Arkansas,3073.0,250000.0,52.0,4070.0,16628.0
2025-02-01,2025-02-28,California,23693.0,745000.0,36.0,31506.0,107982.0
2025-02-01,2025-02-28,Colorado,7373.0,545000.0,48.0,10029.0,36490.0
2025-02-01,2025-02-28,District of Columbia,596.0,649900.0,55.0,886.0,3722.0
2025-02-01,2025-02-28,Connecticut,3239.0,387750.0,37.0,3688.0,10480.0
2025-02-01,2025-02-28,Delaware,1245.0,390000.0,42.0,1442.0,4934.0
2025-02-01,2025-02-28,Florida,29502.0,386000.0,68.0,46248.0,226460.0
2025-02-01,2025-02-28,Georgia,10977.0,350000.0,56.0,15534.0,61480.0
2025-02-01,2025-02-28,Hawaii,965.0,737350.0,89.0,1473.0,7862.0
2025-02-01,2025-02-28,Idaho,2541.0,451733.0,48.0,3032.0,11798.0
2025-02-01,2025-02-28,Illinois,11914.0,282000.0,49.0,13799.0,44774.0
2025-02-01,2025-02-28,Indiana,6935.0,254000.0,32.0,8392.0,24977.0
2025-02-01,2025-02-28,Iowa,3284.0,220000.0,40.0,3697.0,13391.0
2025-02-01,2025-02-28,Kansas,2649.0,269900.0,28.0,3164.0,9705.0
2025-02-01,2025-02-28,Kentucky,3795.0,260000.0,44.0,4814.0,16543.0
2025-02-01,2025-02-28,Louisiana,3356.0,247500.0,65.0,4583.0,21007.0
2025-02-01,2025-02-28,Maine,1500.0,389000.0,51.0,1874.0,6998.0
2025-02-01,2025-02-28,Maryland,5780.0,405000.0,33.0,7167.0,20503.0
2025-02-01,2025-02-28,Massachusetts,5443.0,590000.0,23.0,6792.0,17540.0
2025-02-01,2025-02-28,Michigan,10058.0,250000.0,30.0,11901.0,36400.0
2025-02-01,2025-02-28,Minnesota,5909.0,345000.0,32.0,6603.0,16303.0
2025-02-01,2025-02-28,Mississippi,1865.0,254250.0,50.0,2518.0,10266.0
2025-02-01,2025-02-28,Missouri,6450.0,256000.0,33.0,7794.0,25609.0
2025-02-01,2025-02-28,Montana,972.0,510000.0,80.0,1161.0,6620.0
2025-02-01,2025-02-28,Nebraska,1883.0,287250.0,27.0,1999.0,6197.0
2025-02-01,2025-02-28,Nevada,3618.0,455000.0,47.0,4736.0,17421.0
2025-02-01,2025-02-28,New Hampshire,1524.0,480000.0,36.0,1689.0,5070.0
2025-02-01,2025-02-28,New Jersey,7422.0,494500.0,40.0,9108.0,28262.0
2025-02-01,2025-02-28,New Mexico,1813.0,342975.0,51.0,2294.0,8858.0
2025-02-01,2025-02-28,New York,10851.0,503500.0,36.0,14057.0,50699.0
2025-02-01,2025-02-28,North Carolina,12277.0,355000.0,47.0,15852.0,58282.0
2025-02-01,2025-02-28,North Dakota,646.0,292500.0,46.0,698.0,2678.0
2025-02-01,2025-02-28,Ohio,10896.0,236000.0,39.0,13232.0,39598.0
2025-02-01,2025-02-28,Oklahoma,4082.0,245000.0,61.0,4977.0,19639.0
2025-02-01,2025-02-28,Oregon,3993.0,490000.0,37.0,4899.0,18938.0
2025-02-01,2025-02-28,Pennsylvania,10933.0,275688.0,35.0,12649.0,40061.0
2025-02-01,2025-02-28,Rhode Island,965.0,469900.0,28.0,1201.0,3062.0
2025-02-01,2025-02-28,South Carolina,7366.0,334900.0,68.0,9398.0,39691.0
2025-02-01,2025-02-28,South Dakota,800.0,319900.0,68.0,952.0,4152.0
2025-02-01,2025-02-28,Tennessee,8095.0,360000.0,60.0,10820.0,44191.0
2025-02-01,2025-02-28,Texas,27580.0,330000.0,60.0,40503.0,173851.0
2025-02-01,2025-02-28,Utah,3359.0,510200.0,47.0,4656.0,17119.0
2025-02-01,2025-02-28,Vermont,645.0,387682.0,57.0,722.0,3082.0
2025-02-01,2025-02-28,Virginia,8675.0,405000.0,29.0,10089.0,30005.0
2025-02-01,2025-02-28,Washington,7420.0,599000.0,20.0,8971.0,27483.0
2025-02-01,2025-02-28,West Virginia,1191.0,245000.0,58.0,1445.0,5434.0
2025-02-01,2025-02-28,Wisconsin,5682.0,305000.0,49.0,6324.0,21331.0
2025-02-01,2025-02-28,Wyoming,624.0,350000.0,45.0,767.0,2939.0
2025-01-01,2025-01-31,Alabama,5125.0,275000.0,59.0,6489.0,27698.0
2025-01-01,2025-01-31,Alaska,679.0,389330.0,25.0,857.0,2667.0
2025-01-01,2025-01-31,Arizona,8007.0,445000.0,59.0,11018.0,44478.0
2025-01-01,2025-01-31,Arkansas,3141.0,255000.0,50.0,4316.0,16634.0
2025-01-01,2025-01-31,California,22557.0,720000.0,37.0,31672.0,104693.0
2025-01-01,2025-01-31,Colorado,7566.0,545000.0,47.0,10174.0,35556.0
2025-01-01,2025-01-31,District of Columbia,632.0,550000.0,56.0,940.0,3735.0
2025-01-01,2025-01-31,Connecticut,3125.0,382500.0,39.0,3650.0,10320.0
2025-01-01,2025-01-31,Delaware,1263.0,380000.0,39.0,1385.0,4875.0
2025-01-01,2025-01-31,Florida,29648.0,384900.0,68.0,46650.0,220682.0
2025-01-01,2025-01-31,Georgia,10962.0,348000.0,55.0,14842.0,59450.0
2025-01-01,2025-01-31,Hawaii,1019.0,775000.0,85.0,1508.0,7848.0
2025-01-01,2025-01-31,Idaho,2300.0,459137.0,49.0,3200.0,11815.0
2025-01-01,2025-01-31,Illinois,11914.0,282500.0,51.0,13671.0,44685.0
2025-01-01,2025-01-31,Indiana,6871.0,249900.0,29.0,8085.0,24484.0
2025-01-01,2025-01-31,Iowa,3226.0,218625.0,39.0,3872.0,13670.0
2025-01-01,2025-01-31,Kansas,2732.0,254950.0,28.0,3040.0,9741.0
2025-01-01,2025-01-31,Kentucky,3800.0,260000.0,42.0,4495.0,16020.0
2025-01-01,2025-01-31,Louisiana,3118.0,247250.0,60.0,4153.0,20753.0
2025-01-01,2025-01-31,Maine,1488.0,392500.0,51.0,1960.0,6980.0
2025-01-01,2025-01-31,Maryland,5904.0,400000.0,32.0,6930.0,19826.0
2025-01-01,2025-01-31,Massachusetts,5249.0,600000.0,24.0,6720.0,17170.0
2025-01-01,2025-01-31,Michigan,9936.0,242000.0,30.0,11949.0,36143.0
2025-01-01,2025-01-31,Minnesota,5916.0,335000.0,33.0,7186.0,15987.0
2025-01-01,2025-01-31,Mississippi,1801.0,249900.0,50.0,2585.0,10193.0
2025-01-01,2025-01-31,Missouri,6465.0,255000.0,32.0,7682.0,25260.0
2025-01-01,2025-01-31,Montana,978.0,485000.0,80.0,1205.0,6692.0
2025-01-01,2025-01-31,Nebraska,1806.0,279000.0,27.0,2070.0,6233.0
2025-01-01,2025-01-31,Nevada,3400.0,455000.0,47.0,4801.0,17000.0
2025-01-01,2025-01-31,New Hampshire,1410.0,490000.0,38.0,1731.0,5029.0
2025-01-01,2025-01-31,New Jersey,7461.0,522000.0,39.0,8799.0,27563.0
2025-01-01,2025-01-31,New Mexico,1805.0,335000.0,49.0,2192.0,8710.0
2025-01-01,2025-01-31,New York,10839.0,499000.0,34.0,14023.0,50217.0
2025-01-01,2025-01-31,North Carolina,12215.0,358000.0,47.0,15435.0,56916.0
2025-01-01,2025-01-31,North Dakota,632.0,285000.0,47.0,711.0,2783.0
2025-01-01,2025-01-31,Ohio,10949.0,225000.0,40.0,12670.0,38739.0
2025-01-01,2025-01-31,Oklahoma,4141.0,239900.0,55.0,5136.0,19742.0
2025-01-01,2025-01-31,Oregon,4048.0,499900.0,40.0,5499.0,18883.0
2025-01-01,2025-01-31,Pennsylvania,10621.0,275000.0,33.0,12410.0,39504.0
2025-01-01,2025-01-31,Rhode Island,942.0,479900.0,28.0,1131.0,2928.0
2025-01-01,2025-01-31,South Carolina,7263.0,340000.0,70.0,8969.0,38665.0
2025-01-01,2025-01-31,South Dakota,739.0,315450.0,67.0,957.0,4156.0
2025-01-01,2025-01-31,Tennessee,7879.0,359900.0,60.0,10630.0,43336.0
2025-01-01,2025-01-31,Texas,27570.0,329900.0,60.0,40113.0,170055.0
2025-01-01,2025-01-31,Utah,3068.0,500000.0,44.0,4666.0,16482.0
2025-01-01,2025-01-31,Vermont,606.0,420000.0,62.0,783.0,3103.0
2025-01-01,2025-01-31,Virginia,8673.0,395000.0,29.0,10077.0,29396.0
2025-01-01,2025-01-31,Washington,7571.0,579669.0,22.0,9667.0,27305.0
2025-01-01,2025-01-31,West Virginia,1228.0,240000.0,56.0,1375.0,5470.0
2025-01-01,2025-01-31,Wisconsin,5572.0,291000.0,50.0,6786.0,21356.0
2025-01-01,2025-01-31,Wyoming,631.0,349900.0,45.0,728.0,2995.0
2024-12-01,2024-12-31,Alabama,5297.0,280000.0,56.0,6686.0,27539.0
2024-12-01,2024-12-31,Alaska,636.0,380000.0,33.0,840.0,2574.0
2024-12-01,2024-12-31,Arizona,8085.0,440000.0,60.0,10942.0,43230.0
2024-12-01,2024-12-31,Arkansas,3195.0,258500.0,51.0,4295.0,16221.0
2024-12-01,2024-12-31,California,23644.0,735000.0,37.0,30694.0,101284.0
2024-12-01,2024-12-31,Colorado,7568.0,544000.0,48.0,10017.0,35195.0
2024-12-01,2024-12-31,District of Columbia,620.0,630000.0,61.0,897.0,3776.0
2024-12-01,2024-12-31,Connecticut,3183.0,400000.0,39.0,3537.0,10115.0
2024-12-01,2024-12-31,Delaware,1222.0,395000.0,41.0,1440.0,4855.0
2024-12-01,2024-12-31,Florida,30525.0,389000.0,67.0,46084.0,215730.0
2024-12-01,2024-12-31,Georgia,11124.0,360000.0,53.0,15448.0,57868.0
2024-12-01,2024-12-31,Hawaii,946.0,750000.0,87.0,1428.0,7666.0
2024-12-01,2024-12-31,Idaho,2494.0,463000.0,47.0,3141.0,11462.0
2024-12-01,2024-12-31,Illinois,11628.0,281500.0,50.0,13970.0,44586.0
2024-12-01,2024-12-31,Indiana,6895.0,252500.0,29.0,8333.0,24252.0
2024-12-01,2024-12-31,Iowa,3238.0,228000.0,39.0,3847.0,13253.0
2024-12-01,2024-12-31,Kansas,2753.0,271050.0,28.0,3390.0,9963.0
2024-12-01,2024-12-31,Kentucky,3860.0,259900.0,41.0,4860.0,16052.0
2024-12-01,2024-12-31,Louisiana,3437.0,250000.0,63.0,4504.0,20893.0
2024-12-01,2024-12-31,Maine,1469.0,410000.0,51.0,1980.0,6988.0
2024-12-01,2024-12-31,Maryland,6040.0,420000.0,32.0,6879.0,19571.0
2024-12-01,2024-12-31,Massachusetts,5356.0,615000.0,24.0,6644.0,16738.0
2024-12-01,2024-12-31,Michigan,10002.0,250000.0,30.0,11880.0,35753.0
2024-12-01,2024-12-31,Minnesota,5882.0,337000.0,31.0,7006.0,16779.0
2024-12-01,2024-12-31,Mississippi,1820.0,260000.0,45.0,2412.0,10095.0
2024-12-01,2024-12-31,Missouri,6567.0,259995.0,33.0,7804.0,25451.0
2024-12-01,2024-12-31,Montana,1010.0,499900.0,78.0,1303.0,6781.0
2024-12-01,2024-12-31,Nebraska,1826.0,280000.0,29.0,2094.0,6102.0
2024-12-01,2024-12-31,Nevada,3521.0,450000.0,49.0,4421.0,16361.0
2024-12-01,2024-12-31,New Hampshire,1384.0,494467.0,36.0,1642.0,4804.0
2024-12-01,2024-12-31,New Jersey,7572.0,525000.0,38.0,8861.0,27176.0
2024-12-01,2024-12-31,New Mexico,1742.0,349900.0,49.0,2183.0,8566.0
2024-12-01,2024-12-31,New York,10803.0,470000.0,35.0,14052.0,49218.0
2024-12-01,2024-12-31,North Carolina,12203.0,366838.0,46.0,15333.0,55868.0
2024-12-01,2024-12-31,North Dakota,661.0,295000.0,45.0,765.0,2802.0
2024-12-01,2024-12-31,Ohio,10815.0,240000.0,39.0,12870.0,38431.0
2024-12-01,2024-12-31,Oklahoma,4065.0,241000.0,51.0,5102.0,19514.0
2024-12-01,2024-12-31,Oregon,4079.0,494900.0,39.0,4991.0,18499.0
2024-12-01,2024-12-31,Pennsylvania,10698.0,285000.0,34.0,12506.0,39324.0
2024-12-01,2024-12-31,Rhode Island,945.0,471000.0,27.0,1116.0,2890.0
2024-12-01,2024-12-31,South Carolina,7310.0,334580.0,69.0,9203.0,38152.0
2024-12-01,2024-12-31,South Dakota,807.0,306000.0,64.0,942.0,4239.0
2024-12-01,2024-12-31,Tennessee,8101.0,369320.0,60.0,10410.0,42194.0
2024-12-01,2024-12-31,Texas,27992.0,342000.0,57.0,40404.0,167624.0
2024-12-01,2024-12-31,Utah,3168.0,514990.0,44.0,4403.0,16027.0
2024-12-01,2024-12-31,Vermont,637.0,375000.0,53.0,812.0,3080.0
2024-12-01,2024-12-31,Virginia,8692.0,415000.0,29.0,10932.0,29054.0
2024-12-01,2024-12-31,Washington,7521.0,587000.0,21.0,9127.0,26630.0
2024-12-01,2024-12-31,West Virginia,1273.0,242750.0,56.0,1492.0,5548.0
2024-12-01,2024-12-31,Wisconsin,5696.0,305000.0,50.0,6404.0,20968.0
2024-12-01,2024-12-31,Wyoming,630.0,355000.0,47.0,825.0,2995.0
2024-11-01,2024-11-30,Alabama,5274.0,280000.0,57.0,7019.0,27360.0
2024-11-01,2024-11-30,Alaska,694.0,392500.0,29.0,826.0,2545.0
2024-11-01,2024-11-30,Arizona,8048.0,440000.0,58.0,10812.0,42280.0
2024-11-01,2024-11-30,Arkansas,3164.0,260000.0,49.0,4081.0,15881.0
2024-11-01,2024-11-30,California,23347.0,750000.0,35.0,30340.0,99027.0
2024-11-01,2024-11-30,Colorado,7523.0,555000.0,45.0,9310.0,34934.0
2024-11-01,2024-11-30,District of Columbia,565.0,697000.0,54.0,928.0,3618.0
2024-11-01,2024-11-30,Connecticut,3191.0,390450.0,38.0,3439.0,10182.0
2024-11-01,2024-11-30,Delaware,1153.0,390000.0,38.0,1413.0,4768.0
2024-11-01,2024-11-30,Florida,28622.0,388200.0,67.0,46191.0,212397.0
2024-11-01,2024-11-30,Georgia,11017.0,359900.0,51.0,15126.0,56402.0
2024-11-01,2024-11-30,Hawaii,958.0,750000.0,88.0,1459.0,7531.0
2024-11-01,2024-11-30,Idaho,2456.0,450000.0,47.0,2894.0,11296.0
2024-11-01,2024-11-30,Illinois,11658.0,285000.0,49.0,13648.0,44219.0
2024-11-01,2024-11-30,Indiana,6855.0,260000.0,29.0,8213.0,23784.0
2024-11-01,2024-11-30,Iowa,3215.0,227000.0,36.0,3923.0,13087.0
2024-11-01,2024-11-30,Kansas,2759.0,270000.0,27.0,3211.0,9746.0
2024-11-01,2024-11-30,Kentucky,3797.0,265000.0,40.0,4826.0,15796.0
2024-11-01,2024-11-30,Louisiana,3613.0,240000.0,65.0,4375.0,21137.0
2024-11-01,2024-11-30,Maine,1452.0,390000.0,51.0,1785.0,6814.0
2024-11-01,2024-11-30,Maryland,5949.0,423945.0,32.0,7051.0,19473.0
2024-11-01,2024-11-30,Massachusetts,5255.0,615000.0,22.0,6143.0,16046.0
2024-11-01,2024-11-30,Michigan,10007.0,260000.0,30.0,11923.0,35259.0
2024-11-01,2024-11-30,Minnesota,5799.0,340300.0,32.0,6715.0,20045.0
2024-11-01,2024-11-30,Mississippi,1863.0,254250.0,46.0,2466.0,10036.0
2024-11-01,2024-11-30,Missouri,6510.0,262000.0,32.0,7732.0,25079.0
2024-11-01,2024-11-30,Montana,948.0,491431.0,80.0,1367.0,6794.0
2024-11-01,2024-11-30,Nebraska,1792.0,292000.0,26.0,2074.0,6014.0
2024-11-01,2024-11-30,Nevada,3444.0,460000.0,45.0,4435.0,15909.0
2024-11-01,2024-11-30,New Hampshire,1419.0,479450.0,37.0,1653.0,4786.0
2024-11-01,2024-11-30,New Jersey,7213.0,525000.0,37.0,9065.0,27050.0
2024-11-01,2024-11-30,New Mexico,1731.0,345177.0,44.0,2149.0,8393.0
2024-11-01,2024-11-30,New York,10672.0,445000.0,34.0,14036.0,48455.0
2024-11-01,2024-11-30,North Carolina,11978.0,365000.0,47.0,15429.0,54701.0
2024-11-01,2024-11-30,North Dakota,691.0,299900.0,43.0,766.0,2737.0
2024-11-01,2024-11-30,Ohio,10842.0,241000.0,40.0,12851.0,37907.0
2024-11-01,2024-11-30,Oklahoma,3909.0,244601.0,42.0,4978.0,19133.0
2024-11-01,2024-11-30,Oregon,4139.0,495000.0,38.0,4741.0,18118.0
2024-11-01,2024-11-30,Pennsylvania,10364.0,285200.0,34.0,12434.0,38655.0
2024-11-01,2024-11-30,Rhode Island,854.0,480750.0,28.0,1134.0,2829.0
2024-11-01,2024-11-30,South Carolina,7197.0,340945.0,69.0,9136.0,37560.0
2024-11-01,2024-11-30,South Dakota,778.0,313000.0,67.0,1021.0,4163.0
2024-11-01,2024-11-30,Tennessee,8077.0,368650.0,58.0,10383.0,41715.0
2024-11-01,2024-11-30,Texas,28385.0,335000.0,57.0,39551.0,165775.0
2024-11-01,2024-11-30,Utah,3267.0,510000.0,42.0,4360.0,15906.0
2024-11-01,2024-11-30,Vermont,608.0,415000.0,54.0,714.0,3052.0
2024-11-01,2024-11-30,Virginia,8742.0,412500.0,29.0,10724.0,28498.0
2024-11-01,2024-11-30,Washington,7711.0,606750.0,21.0,8923.0,26084.0
2024-11-01,2024-11-30,West Virginia,1237.0,250000.0,52.0,1452.0,5505.0
2024-11-01,2024-11-30,Wisconsin,5543.0,310000.0,49.0,6313.0,20758.0
2024-11-01,2024-11-30,Wyoming,625.0,354250.0,44.0,792.0,2935.0
2024-10-01,2024-10-31,Alabama,5153.0,280000.0,55.0,6414.0,26874.0
2024-10-01,2024-10-31,Alaska,684.0,382400.0,29.0,804.0,2565.0
2024-10-01,2024-10-31,Arizona,8058.0,438945.0,57.0,10579.0,41717.0
2024-10-01,2024-10-31,Arkansas,3226.0,255000.0,51.0,4025.0,15726.0
2024-10-01,2024-10-31,California,22937.0,752000.0,35.0,30360.0,97481.0
2024-10-01,2024-10-31,Colorado,7346.0,550085.0,45.0,9726.0,34852.0
2024-10-01,2024-10-31,District of Columbia,562.0,660000.0,50.0,883.0,3513.0
2024-10-01,2024-10-31,Connecticut,3094.0,397000.0,38.0,3563.0,10200.0
2024-10-01,2024-10-31,Delaware,1225.0,397450.0,40.0,1401.0,4717.0
2024-10-01,2024-10-31,Florida,28340.0,389900.0,64.0,38312.0,205726.0
2024-10-01,2024-10-31,Georgia,11018.0,361000.0,52.0,14889.0,55552.0
2024-10-01,2024-10-31,Hawaii,968.0,730000.0,82.0,1307.0,7351.0
2024-10-01,2024-10-31,Idaho,2429.0,459900.0,48.0,2932.0,11383.0
2024-10-01,2024-10-31,Illinois,11341.0,285000.0,50.0,13707.0,43949.0
2024-10-01,2024-10-31,Indiana,6866.0,257945.0,29.0,8070.0,23524.0
2024-10-01,2024-10-31,Iowa,3207.0,235000.0,37.0,3742.0,12900.0
2024-10-01,2024-10-31,Kansas,2730.0,268500.0,29.0,3220.0,9723.0
2024-10-01,2024-10-31,Kentucky,3794.0,261500.0,40.0,4700.0,15565.0
2024-10-01,2024-10-31,Louisiana,3288.0,238000.0,68.0,4581.0,21783.0
2024-10-01,2024-10-31,Maine,1370.0,395000.0,50.0,1826.0,6776.0
2024-10-01,2024-10-31,Maryland,5953.0,421195.0,33.0,7029.0,19291.0
2024-10-01,2024-10-31,Massachusetts,5279.0,621500.0,23.0,6427.0,16088.0
2024-10-01,2024-10-31,Michigan,9871.0,260000.0,30.0,11813.0,34784.0
2024-10-01,2024-10-31,Minnesota,5833.0,347700.0,32.0,6834.0,23044.0
2024-10-01,2024-10-31,Mississippi,1846.0,256950.0,48.0,2541.0,10048.0
2024-10-01,2024-10-31,Missouri,6494.0,269500.0,32.0,7729.0,24902.0
2024-10-01,2024-10-31,Montana,934.0,499000.0,77.0,1405.0,6782.0
2024-10-01,2024-10-31,Nebraska,1679.0,285000.0,26.0,2055.0,5989.0
2024-10-01,2024-10-31,Nevada,3506.0,456250.0,48.0,4404.0,15584.0
2024-10-01,2024-10-31,New Hampshire,1390.0,488500.0,37.0,1644.0,4810.0
2024-10-01,2024-10-31,New Jersey,7057.0,520000.0,36.0,8800.0,27006.0
2024-10-01,2024-10-31,New Mexico,1705.0,350000.0,44.0,2124.0,8261.0
2024-10-01,2024-10-31,New York,10234.0,460000.0,33.0,13880.0,47429.0
2024-10-01,2024-10-31,North Carolina,12101.0,367000.0,46.0,14392.0,53663.0
2024-10-01,2024-10-31,North Dakota,636.0,292000.0,45.0,749.0,2762.0
2024-10-01,2024-10-31,Ohio,10738.0,242500.0,40.0,12713.0,37282.0
2024-10-01,2024-10-31,Oklahoma,3922.0,243500.0,40.0,5028.0,19100.0
2024-10-01,2024-10-31,Oregon,3983.0,500000.0,38.0,4968.0,18091.0
2024-10-01,2024-10-31,Pennsylvania,10548.0,285000.0,34.0,12313.0,37815.0
2024-10-01,2024-10-31,Rhode Island,935.0,480000.0,27.0,1050.0,2743.0
2024-10-01,2024-10-31,South Carolina,7177.0,343000.0,66.0,8811.0,37061.0
2024-10-01,2024-10-31,South Dakota,728.0,327000.0,63.0,1048.0,4041.0
2024-10-01,2024-10-31,Tennessee,7893.0,365000.0,60.0,10291.0,41447.0
2024-10-01,2024-10-31,Texas,27952.0,337000.0,57.0,39847.0,164700.0
2024-10-01,2024-10-31,Utah,3141.0,515000.0,44.0,4360.0,15618.0
2024-10-01,2024-10-31,Vermont,578.0,410000.0,56.0,780.0,3029.0
2024-10-01,2024-10-31,Virginia,8645.0,415000.0,30.0,10254.0,28083.0
2024-10-01,2024-10-31,Washington,7574.0,612500.0,21.0,9231.0,25903.0
2024-10-01,2024-10-31,West Virginia,1225.0,236750.0,56.0,1511.0,5528.0
2024-10-01,2024-10-31,Wisconsin,5618.0,310000.0,49.0,6410.0,20684.0
2024-10-01,2024-10-31,Wyoming,608.0,354950.0,41.0,783.0,2909.0
2024-09-01,2024-09-30,Alabama,4963.0,285000.0,55.0,6428.0,26555.0
2024-09-01,2024-09-30,Alaska,668.0,390000.0,28.0,834.0,2575.0
2024-09-01,2024-09-30,Arizona,7871.0,435000.0,58.0,10823.0,41458.0
2024-09-01,2024-09-30,Arkansas,3103.0,259200.0,49.0,3968.0,15612.0
2024-09-01,2024-09-30,California,22329.0,738000.0,36.0,30644.0,95608.0
2024-09-01,2024-09-30,Colorado,6922.0,549900.0,42.0,9788.0,34025.0
2024-09-01,2024-09-30,District of Columbia,503.0,602500.0,52.0,875.0,3461.0
2024-09-01,2024-09-30,Connecticut,3035.0,403000.0,37.0,3555.0,10012.0
2024-09-01,2024-09-30,Delaware,1151.0,397250.0,38.0,1354.0,4667.0
2024-09-01,2024-09-30,Florida,29247.0,385000.0,62.0,45405.0,210777.0
2024-09-01,2024-09-30,Georgia,10916.0,363948.0,49.0,15005.0,55300.0
2024-09-01,2024-09-30,Hawaii,904.0,750000.0,83.0,1409.0,7352.0
2024-09-01,2024-09-30,Idaho,2320.0,470000.0,45.0,2887.0,11222.0
2024-09-01,2024-09-30,Illinois,11051.0,290000.0,50.0,13491.0,43426.0
2024-09-01,2024-09-30,Indiana,6864.0,260000.0,28.0,8001.0,23251.0
2024-09-01,2024-09-30,Iowa,3056.0,229000.0,36.0,3820.0,12676.0
2024-09-01,2024-09-30,Kansas,2567.0,260000.0,27.0,3288.0,9667.0
2024-09-01,2024-09-30,Kentucky,3724.0,265000.0,39.0,4645.0,15326.0
2024-09-01,2024-09-30,Louisiana,3095.0,245000.0,69.0,4157.0,21369.0
2024-09-01,2024-09-30,Maine,1415.0,410000.0,50.0,1830.0,6671.0
2024-09-01,2024-09-30,Maryland,5650.0,420000.0,31.0,6923.0,18951.0
2024-09-01,2024-09-30,Massachusetts,5109.0,610000.0,22.0,6543.0,15779.0
2024-09-01,2024-09-30,Michigan,9881.0,263000.0,28.0,11876.0,34359.0
2024-09-01,2024-09-30,Minnesota,5617.0,350000.0,32.0,6867.0,23049.0
2024-09-01,2024-09-30,Mississippi,1788.0,255000.0,47.0,2485.0,9949.0
2024-09-01,2024-09-30,Missouri,6458.0,265000.0,32.0,7761.0,24725.0
2024-09-01,2024-09-30,Montana,893.0,499900.0,79.0,1461.0,6660.0
2024-09-01,2024-09-30,Nebraska,1641.0,285000.0,27.0,1996.0,5910.0
2024-09-01,2024-09-30,Nevada,3388.0,460000.0,47.0,4510.0,15259.0
2024-09-01,2024-09-30,New Hampshire,1382.0,499450.0,35.0,1657.0,4755.0
2024-09-01,2024-09-30,New Jersey,6998.0,525000.0,36.0,8925.0,26877.0
2024-09-01,2024-09-30,New Mexico,1596.0,335000.0,43.0,2283.0,8233.0
2024-09-01,2024-09-30,New York,10554.0,460844.0,33.0,14098.0,46659.0
2024-09-01,2024-09-30,North Carolina,11730.0,368500.0,45.0,15016.0,53230.0
2024-09-01,2024-09-30,North Dakota,611.0,293200.0,42.0,796.0,2707.0
2024-09-01,2024-09-30,Ohio,10594.0,247500.0,40.0,12646.0,36746.0
2024-09-01,2024-09-30,Oklahoma,3689.0,247000.0,35.0,5001.0,18816.0
2024-09-01,2024-09-30,Oregon,3783.0,500000.0,37.0,5018.0,17863.0
2024-09-01,2024-09-30,Pennsylvania,10112.0,289900.0,33.0,12364.0,37524.0
2024-09-01,2024-09-30,Rhode Island,907.0,495000.0,27.0,1147.0,2799.0
2024-09-01,2024-09-30,South Carolina,7014.0,338000.0,69.0,8966.0,36863.0
2024-09-01,2024-09-30,South Dakota,715.0,314000.0,61.0,966.0,3914.0
2024-09-01,2024-09-30,Tennessee,7684.0,365000.0,58.0,10255.0,40625.0
2024-09-01,2024-09-30,Texas,26728.0,339000.0,57.0,39393.0,162440.0
2024-09-01,2024-09-30,Utah,3138.0,512777.0,43.0,4275.0,15457.0
2024-09-01,2024-09-30,Vermont,557.0,400000.0,55.0,832.0,2946.0
2024-09-01,2024-09-30,Virginia,8576.0,415000.0,29.0,10145.0,27739.0
2024-09-01,2024-09-30,Washington,7144.0,600000.0,21.0,9011.0,25268.0
2024-09-01,2024-09-30,West Virginia,1152.0,242000.0,56.0,1505.0,5395.0
2024-09-01,2024-09-30,Wisconsin,5494.0,310000.0,48.0,6325.0,20397.0
2024-09-01,2024-09-30,Wyoming,564.0,355500.0,44.0,772.0,2858.0
2024-08-01,2024-08-31,Alabama,5020.0,285000.0,54.0,6391.0,26300.0
2024-08-01,2024-08-31,Alaska,639.0,399000.0,33.0,846.0,2539.0
2024-08-01,2024-08-31,Arizona,7790.0,431990.0,57.0,10676.0,40530.0
2024-08-01,2024-08-31,Arkansas,3120.0,261000.0,48.0,4044.0,15410.0
2024-08-01,2024-08-31,California,22784.0,745000.0,34.0,29758.0,92006.0
2024-08-01,2024-08-31,Colorado,7296.0,540000.0,40.0,9404.0,32834.0
2024-08-01,2024-08-31,District of Columbia,514.0,630000.0,51.0,830.0,3397.0
2024-08-01,2024-08-31,Connecticut,3109.0,415000.0,36.0,3437.0,9862.0
2024-08-01,2024-08-31,Delaware,1098.0,395000.0,38.0,1414.0,4589.0
2024-08-01,2024-08-31,Florida,30675.0,385000.0,61.0,46018.0,208719.0
2024-08-01,2024-08-31,Georgia,10973.0,359470.0,47.0,15081.0,55131.0
2024-08-01,2024-08-31,Hawaii,960.0,750000.0,79.0,1393.0,7187.0
2024-08-01,2024-08-31,Idaho,2166.0,459900.0,48.0,2820.0,10918.0
2024-08-01,2024-08-31,Illinois,11199.0,295000.0,50.0,13374.0,42967.0
2024-08-01,2024-08-31,Indiana,6627.0,265000.0,28.0,8031.0,22987.0
2024-08-01,2024-08-31,Iowa,3052.0,240000.0,37.0,3736.0,12200.0
2024-08-01,2024-08-31,Kansas,2602.0,269980.0,28.0,3205.0,9447.0
2024-08-01,2024-08-31,Kentucky,3651.0,260500.0,38.0,4666.0,14990.0
2024-08-01,2024-08-31,Louisiana,3263.0,243000.0,67.0,4528.0,21540.0
2024-08-01,2024-08-31,Maine,1367.0,400000.0,51.0,1826.0,6468.0
2024-08-01,2024-08-31,Maryland,5713.0,424136.0,31.0,6741.0,18563.0
2024-08-01,2024-08-31,Massachusetts,5122.0,630000.0,22.0,5984.0,15130.0
2024-08-01,2024-08-31,Michigan,9762.0,269000.0,28.0,11787.0,33667.0
2024-08-01,2024-08-31,Minnesota,5669.0,352500.0,33.0,6594.0,23067.0
2024-08-01,2024-08-31,Mississippi,1840.0,254900.0,48.0,2497.0,9920.0
2024-08-01,2024-08-31,Missouri,6427.0,269900.0,33.0,7732.0,24181.0
2024-08-01,2024-08-31,Montana,943.0,499900.0,75.0,1357.0,6509.0
2024-08-01,2024-08-31,Nebraska,1708.0,294000.0,25.0,1851.0,5859.0
2024-08-01,2024-08-31,Nevada,3502.0,457111.0,45.0,4354.0,14576.0
2024-08-01,2024-08-31,New Hampshire,1380.0,507250.0,36.0,1631.0,4697.0
2024-08-01,2024-08-31,New Jersey,7218.0,539250.0,35.0,8534.0,26656.0
2024-08-01,2024-08-31,New Mexico,1688.0,347600.0,41.0,2205.0,7957.0
2024-08-01,2024-08-31,New York,10416.0,485000.0,34.0,13663.0,45338.0
2024-08-01,2024-08-31,North Carolina,11880.0,374000.0,43.0,14791.0,51853.0
2024-08-01,2024-08-31,North Dakota,613.0,296000.0,42.0,752.0,2650.0
2024-08-01,2024-08-31,Ohio,10500.0,250000.0,39.0,12685.0,36061.0
2024-08-01,2024-08-31,Oklahoma,3931.0,250000.0,33.0,5031.0,18394.0
2024-08-01,2024-08-31,Oregon,3809.0,506548.0,36.0,4725.0,17298.0
2024-08-01,2024-08-31,Pennsylvania,10225.0,300000.0,32.0,12272.0,36921.0
2024-08-01,2024-08-31,Rhode Island,917.0,482840.0,29.0,1076.0,2660.0
2024-08-01,2024-08-31,South Carolina,7039.0,344900.0,66.0,8920.0,36680.0
2024-08-01,2024-08-31,South Dakota,733.0,324900.0,63.0,956.0,3880.0
2024-08-01,2024-08-31,Tennessee,7709.0,370000.0,58.0,10165.0,40242.0
2024-08-01,2024-08-31,Texas,26127.0,340000.0,56.0,39731.0,159359.0
2024-08-01,2024-08-31,Utah,3075.0,512000.0,43.0,4200.0,15067.0
2024-08-01,2024-08-31,Vermont,550.0,400000.0,54.0,771.0,2840.0
2024-08-01,2024-08-31,Virginia,8517.0,415000.0,28.0,9790.0,27315.0
2024-08-01,2024-08-31,Washington,7217.0,605000.0,20.0,8685.0,24568.0
2024-08-01,2024-08-31,West Virginia,1231.0,245000.0,55.0,1439.0,5306.0
2024-08-01,2024-08-31,Wisconsin,5450.0,322500.0,48.0,6281.0,20074.0
2024-08-01,2024-08-31,Wyoming,634.0,350000.0,43.0,767.0,2842.0
2024-07-01,2024-07-31,Alabama,5099.0,289200.0,55.0,6424.0,26102.0
2024-07-01,2024-07-31,Alaska,654.0,390000.0,27.0,800.0,2497.0
2024-07-01,2024-07-31,Arizona,7863.0,435000.0,56.0,10383.0,39746.0
2024-07-01,2024-07-31,Arkansas,3122.0,255000.0,48.0,4107.0,15151.0
2024-07-01,2024-07-31,California,23066.0,755000.0,33.0,29137.0,90697.0
2024-07-01,2024-07-31,Colorado,6994.0,550000.0,40.0,9256.0,32205.0
2024-07-01,2024-07-31,District of Columbia,510.0,675000.0,54.0,812.0,3365.0
2024-07-01,2024-07-31,Connecticut,3086.0,420000.0,37.0,3447.0,9909.0
2024-07-01,2024-07-31,Delaware,1164.0,382900.0,40.0,1343.0,4519.0
2024-07-01,2024-07-31,Florida,30871.0,390000.0,62.0,45928.0,206546.0
2024-07-01,2024-07-31,Georgia,11130.0,360900.0,46.0,14980.0,54844.0
2024-07-01,2024-07-31,Hawaii,991.0,765000.0,80.0,1454.0,7028.0
2024-07-01,2024-07-31,Idaho,2301.0,470000.0,49.0,2643.0,10656.0
2024-07-01,2024-07-31,Illinois,11306.0,307000.0,50.0,13199.0,42667.0
2024-07-01,2024-07-31,Indiana,6787.0,264999.0,26.0,7743.0,22403.0
2024-07-01,2024-07-31,Iowa,3067.0,243500.0,35.0,3472.0,11857.0
2024-07-01,2024-07-31,Kansas,2600.0,278750.0,29.0,3155.0,9238.0
2024-07-01,2024-07-31,Kentucky,3718.0,264999.0,39.0,4526.0,14708.0
2024-07-01,2024-07-31,Louisiana,3418.0,248243.0,67.0,4349.0,21347.0
2024-07-01,2024-07-31,Maine,1388.0,400000.0,51.0,1714.0,6330.0
2024-07-01,2024-07-31,Maryland,5842.0,430000.0,31.0,6616.0,18619.0
2024-07-01,2024-07-31,Massachusetts,5143.0,650000.0,22.0,6101.0,15152.0
2024-07-01,2024-07-31,Michigan,9847.0,272000.0,28.0,11810.0,33143.0
2024-07-01,2024-07-31,Minnesota,5693.0,355000.0,31.0,6550.0,22642.0
2024-07-01,2024-07-31,Mississippi,1817.0,257520.0,44.0,2327.0,9819.0
2024-07-01,2024-07-31,Missouri,6441.0,270000.0,32.0,7541.0,23887.0
2024-07-01,2024-07-31,Montana,853.0,489900.0,77.0,1335.0,6450.0
2024-07-01,2024-07-31,Nebraska,1735.0,295000.0,25.0,1954.0,5904.0
2024-07-01,2024-07-31,Nevada,3493.0,460000.0,47.0,4312.0,14288.0
2024-07-01,2024-07-31,New Hampshire,1374.0,505000.0,34.0,1637.0,4693.0
2024-07-01,2024-07-31,New Jersey,7199.0,540000.0,35.0,8768.0,26392.0
2024-07-01,2024-07-31,New Mexico,1645.0,350000.0,42.0,2027.0,7781.0
2024-07-01,2024-07-31,New York,10627.0,483750.0,32.0,13618.0,45841.0
2024-07-01,2024-07-31,North Carolina,11958.0,370000.0,42.0,14458.0,50638.0
2024-07-01,2024-07-31,North Dakota,601.0,303444.0,44.0,723.0,2635.0
2024-07-01,2024-07-31,Ohio,10536.0,254500.0,40.0,12222.0,35213.0
2024-07-01,2024-07-31,Oklahoma,3694.0,249000.0,29.0,4872.0,17931.0
2024-07-01,2024-07-31,Oregon,3803.0,515000.0,37.0,4674.0,17181.0
2024-07-01,2024-07-31,Pennsylvania,10416.0,300000.0,31.0,12156.0,36588.0
2024-07-01,2024-07-31,Rhode Island,975.0,487425.0,27.0,1111.0,2726.0
2024-07-01,2024-07-31,South Carolina,7139.0,345000.0,63.0,8842.0,36621.0
2024-07-01,2024-07-31,South Dakota,726.0,329250.0,61.0,907.0,3812.0
2024-07-01,2024-07-31,Tennessee,7688.0,369900.0,57.0,10011.0,39524.0
2024-07-01,2024-07-31,Texas,26310.0,346833.0,55.0,37923.0,156431.0
2024-07-01,2024-07-31,Utah,3076.0,514990.0,43.0,4227.0,14933.0
2024-07-01,2024-07-31,Vermont,728.0,445000.0,52.0,777.0,2797.0
2024-07-01,2024-07-31,Virginia,8538.0,427500.0,28.0,9681.0,26968.0
2024-07-01,2024-07-31,Washington,7235.0,615000.0,19.0,8410.0,24177.0
2024-07-01,2024-07-31,West Virginia,1192.0,239450.0,62.0,1400.0,5391.0
2024-07-01,2024-07-31,Wisconsin,5543.0,325000.0,48.0,6005.0,19860.0
2024-07-01,2024-07-31,Wyoming,581.0,340000.0,43.0,739.0,2803.0
2024-06-01,2024-06-30,Alabama,4978.0,294000.0,54.0,6555.0,25678.0
2024-06-01,2024-06-30,Alaska,630.0,395000.0,30.0,816.0,2496.0
2024-06-01,2024-06-30,Arizona,7768.0,443990.0,57.0,10523.0,39336.0
2024-06-01,2024-06-30,Arkansas,3029.0,270000.0,46.0,3909.0,14785.0
2024-06-01,2024-06-30,California,22528.0,765000.0,33.0,29813.0,90031.0
2024-06-01,2024-06-30,Colorado,6906.0,564000.0,40.0,9180.0,31769.0
2024-06-01,2024-06-30,District of Columbia,514.0,715000.0,53.0,835.0,3359.0
2024-06-01,2024-06-30,Connecticut,3032.0,430000.0,37.0,3368.0,9786.0
2024-06-01,2024-06-30,Delaware,1138.0,391000.0,40.0,1322.0,4465.0
2024-06-01,2024-06-30,Florida,30747.0,399900.0,62.0,46267.0,204607.0
2024-06-01,2024-06-30,Georgia,10853.0,365000.0,45.0,15214.0,54280.0
2024-06-01,2024-06-30,Hawaii,937.0,800000.0,76.0,1377.0,6752.0
2024-06-01,2024-06-30,Idaho,2216.0,473139.0,47.0,2735.0,10698.0
2024-06-01,2024-06-30,Illinois,10828.0,315000.0,50.0,13124.0,42237.0
2024-06-01,2024-06-30,Indiana,6637.0,270000.0,27.0,7741.0,21990.0
2024-06-01,2024-06-30,Iowa,3013.0,246000.0,33.0,3596.0,11767.0
2024-06-01,2024-06-30,Kansas,2561.0,275000.0,29.0,3172.0,9129.0
2024-06-01,2024-06-30,Kentucky,3677.0,270000.0,39.0,4442.0,14488.0
2024-06-01,2024-06-30,Louisiana,3265.0,249700.0,65.0,4450.0,21154.0
2024-06-01,2024-06-30,Maine,1393.0,409500.0,51.0,1779.0,6293.0
2024-06-01,2024-06-30,Maryland,5725.0,434995.0,32.0,6771.0,18691.0
2024-06-01,2024-06-30,Massachusetts,5145.0,660000.0,23.0,6152.0,15117.0
2024-06-01,2024-06-30,Michigan,9790.0,275000.0,28.0,11717.0,33142.0
2024-06-01,2024-06-30,Minnesota,5588.0,359990.0,32.0,6501.0,21884.0
2024-06-01,2024-06-30,Mississippi,1838.0,260000.0,43.0,2481.0,9805.0
2024-06-01,2024-06-30,Missouri,6389.0,280000.0,33.0,7665.0,23772.0
2024-06-01,2024-06-30,Montana,922.0,499000.0,75.0,1370.0,6384.0
2024-06-01,2024-06-30,Nebraska,1698.0,305000.0,24.0,1958.0,5897.0
2024-06-01,2024-06-30,Nevada,3490.0,455000.0,49.0,4323.0,14158.0
2024-06-01,2024-06-30,New Hampshire,1362.0,510000.0,34.0,1605.0,4596.0
2024-06-01,2024-06-30,New Jersey,7070.0,533000.0,36.0,8456.0,26118.0
2024-06-01,2024-06-30,New Mexico,1589.0,343690.0,42.0,2057.0,7701.0
2024-06-01,2024-06-30,New York,10625.0,500000.0,33.0,13516.0,45487.0
2024-06-01,2024-06-30,North Carolina,11857.0,375000.0,42.0,14861.0,49789.0
2024-06-01,2024-06-30,North Dakota,596.0,295000.0,45.0,685.0,2614.0
2024-06-01,2024-06-30,Ohio,10526.0,255000.0,40.0,12149.0,35037.0
2024-06-01,2024-06-30,Oklahoma,3859.0,256401.0,30.0,4904.0,17649.0
2024-06-01,2024-06-30,Oregon,3850.0,521750.0,38.0,4828.0,17069.0
2024-06-01,2024-06-30,Pennsylvania,10022.0,302400.0,31.0,12328.0,36476.0
2024-06-01,2024-06-30,Rhode Island,862.0,494000.0,23.0,1073.0,2650.0
2024-06-01,2024-06-30,South Carolina,7086.0,349000.0,63.0,8949.0,36278.0
2024-06-01,2024-06-30,South Dakota,709.0,326200.0,61.0,896.0,3724.0
2024-06-01,2024-06-30,Tennessee,7444.0,375000.0,57.0,10125.0,38996.0
2024-06-01,2024-06-30,Texas,26284.0,347500.0,55.0,39103.0,156096.0
2024-06-01,2024-06-30,Utah,3144.0,513000.0,42.0,4281.0,14667.0
2024-06-01,2024-06-30,Vermont,580.0,395000.0,52.0,763.0,2731.0
2024-06-01,2024-06-30,Virginia,8427.0,431350.0,27.0,9694.0,26771.0
2024-06-01,2024-06-30,Washington,7185.0,606000.0,18.0,8682.0,24269.0
2024-06-01,2024-06-30,West Virginia,1200.0,242000.0,64.0,1453.0,5496.0
2024-06-01,2024-06-30,Wisconsin,5450.0,325000.0,48.0,5881.0,19703.0
2024-06-01,2024-06-30,Wyoming,565.0,350000.0,45.0,746.0,2804.0
2024-05-01,2024-05-31,Alabama,5012.0,288993.0,51.0,6399.0,25261.0
2024-05-01,2024-05-31,Alaska,652.0,390000.0,28.0,807.0,2465.0
2024-05-01,2024-05-31,Arizona,7857.0,445000.0,56.0,10448.0,38717.0
2024-05-01,2024-05-31,Arkansas,3120.0,259000.0,47.0,3936.0,14761.0
2024-05-01,2024-05-31,California,22681.0,765000.0,32.0,29533.0,88337.0
2024-05-01,2024-05-31,Colorado,7022.0,560000.0,39.0,9522.0,31280.0
2024-05-01,2024-05-31,District of Columbia,541.0,690000.0,49.0,845.0,3285.0
2024-05-01,2024-05-31,Connecticut,3029.0,395000.0,38.0,3349.0,9915.0
2024-05-01,2024-05-31,Delaware,1140.0,399945.0,40.0,1372.0,4408.0
2024-05-01,2024-05-31,Florida,31552.0,397500.0,61.0,46312.0,201952.0
2024-05-01,2024-05-31,Georgia,11107.0,369000.0,44.0,15045.0,53220.0
2024-05-01,2024-05-31,Hawaii,1038.0,749500.0,78.0,1462.0,6649.0
2024-05-01,2024-05-31,Idaho,2236.0,470675.0,46.0,2689.0,10478.0
2024-05-01,2024-05-31,Illinois,11228.0,300000.0,49.0,13102.0,42062.0
2024-05-01,2024-05-31,Indiana,6649.0,265000.0,27.0,7712.0,21769.0
2024-05-01,2024-05-31,Iowa,3052.0,238500.0,33.0,3536.0,11579.0
2024-05-01,2024-05-31,Kansas,2654.0,263000.0,28.0,2981.0,8987.0
2024-05-01,2024-05-31,Kentucky,3677.0,265000.0,39.0,4432.0,14218.0
2024-05-01,2024-05-31,Louisiana,3409.0,246000.0,66.0,4459.0,21047.0
2024-05-01,2024-05-31,Maine,1378.0,399450.0,52.0,1720.0,6278.0
2024-05-01,2024-05-31,Maryland,5776.0,428125.0,31.0,6724.0,18387.0
2024-05-01,2024-05-31,Massachusetts,5116.0,634000.0,23.0,6306.0,15064.0
2024-05-01,2024-05-31,Michigan,9878.0,270000.0,27.0,11762.0,33514.0
2024-05-01,2024-05-31,Minnesota,5756.0,352500.0,32.0,6396.0,21363.0
2024-05-01,2024-05-31,Mississippi,1874.0,260000.0,42.0,2419.0,9643.0
2024-05-01,2024-05-31,Missouri,6412.0,269000.0,29.0,7645.0,23449.0
2024-05-01,2024-05-31,Montana,930.0,494950.0,75.0,1409.0,6274.0
2024-05-01,2024-05-31,Nebraska,1783.0,296500.0,22.0,1978.0,5809.0
2024-05-01,2024-05-31,Nevada,3537.0,450000.0,47.0,4442.0,14040.0
2024-05-01,2024-05-31,New Hampshire,1440.0,500000.0,34.0,1643.0,4594.0
2024-05-01,2024-05-31,New Jersey,7240.0,515000.0,38.0,8418.0,26205.0
2024-05-01,2024-05-31,New Mexico,1676.0,350000.0,41.0,2079.0,7560.0
2024-05-01,2024-05-31,New York,10782.0,475000.0,32.0,13680.0,46912.0
2024-05-01,2024-05-31,North Carolina,11910.0,370000.0,40.0,14165.0,48424.0
2024-05-01,2024-05-31,North Dakota,638.0,296000.0,51.0,703.0,2696.0
2024-05-01,2024-05-31,Ohio,10688.0,250000.0,39.0,12238.0,35059.0
2024-05-01,2024-05-31,Oklahoma,3905.0,250000.0,29.0,4847.0,17476.0
2024-05-01,2024-05-31,Oregon,3851.0,518000.0,36.0,4866.0,16968.0
2024-05-01,2024-05-31,Pennsylvania,10451.0,285000.0,31.0,12197.0,36593.0
2024-05-01,2024-05-31,Rhode Island,899.0,465000.0,23.0,1082.0,2644.0
2024-05-01,2024-05-31,South Carolina,7050.0,347033.0,63.0,8885.0,35779.0
2024-05-01,2024-05-31,South Dakota,735.0,334250.0,62.0,888.0,3634.0
2024-05-01,2024-05-31,Tennessee,8245.0,367000.0,56.0,9979.0,38720.0
2024-05-01,2024-05-31,Texas,26462.0,349000.0,52.0,38156.0,154822.0
2024-05-01,2024-05-31,Utah,3121.0,517000.0,41.0,4245.0,14391.0
2024-05-01,2024-05-31,Vermont,560.0,409000.0,57.0,713.0,2630.0
2024-05-01,2024-05-31,Virginia,8547.0,425000.0,28.0,9665.0,26485.0
2024-05-01,2024-05-31,Washington,7207.0,615000.0,16.0,8791.0,24039.0
2024-05-01,2024-05-31,West Virginia,1229.0,245000.0,62.0,1390.0,5503.0
2024-05-01,2024-05-31,Wisconsin,5541.0,315500.0,47.0,6086.0,19933.0
2024-05-01,2024-05-31,Wyoming,578.0,347000.0,50.0,725.0,2738.0
2024-04-01,2024-04-30,Alabama,5041.0,275000.0,52.0,6455.0,24884.0
2024-04-01,2024-04-30,Alaska,610.0,375000.0,25.0,780.0,2382.0
2024-04-01,2024-04-30,Arizona,7774.0,446000.0,54.0,10184.0,37796.0
2024-04-01,2024-04-30,Arkansas,3152.0,255000.0,45.0,3977.0,14643.0
2024-04-01,2024-04-30,California,22466.0,759000.0,32.0,28476.0,85287.0
2024-04-01,2024-04-30,Colorado,7075.0,560000.0,37.0,9061.0,30060.0
2024-04-01,2024-04-30,District of Columbia,546.0,699900.0,54.0,803.0,3220.0
2024-04-01,2024-04-30,Connecticut,3031.0,383764.0,37.0,3379.0,10021.0
2024-04-01,2024-04-30,Delaware,1129.0,389995.0,40.0,1280.0,4329.0
2024-04-01,2024-04-30,Florida,31103.0,399550.0,59.0,45668.0,198221.0
2024-04-01,2024-04-30,Georgia,11188.0,360000.0,42.0,15265.0,52618.0
2024-04-01,2024-04-30,Hawaii,1051.0,783500.0,74.0,1352.0,6424.0
2024-04-01,2024-04-30,Idaho,2293.0,464990.0,44.0,2869.0,10469.0
2024-04-01,2024-04-30,Illinois,11358.0,291000.0,49.0,12984.0,42069.0
2024-04-01,2024-04-30,Indiana,6752.0,250000.0,26.0,7578.0,21560.0
2024-04-01,2024-04-30,Iowa,3128.0,230000.0,34.0,3597.0,11668.0
2024-04-01,2024-04-30,Kansas,2808.0,248000.0,29.0,3048.0,9170.0
2024-04-01,2024-04-30,Kentucky,3686.0,255000.0,37.0,4350.0,14196.0
2024-04-01,2024-04-30,Louisiana,3514.0,245000.0,63.0,4638.0,20812.0
2024-04-01,2024-04-30,Maine,1418.0,385000.0,45.0,1646.0,6158.0
2024-04-01,2024-04-30,Maryland,5779.0,412000.0,32.0,6399.0,18129.0
2024-04-01,2024-04-30,Massachusetts,5163.0,615000.0,22.0,5952.0,14692.0
2024-04-01,2024-04-30,Michigan,10122.0,255000.0,26.0,11789.0,34010.0
2024-04-01,2024-04-30,Minnesota,5788.0,351000.0,31.0,6568.0,19332.0
2024-04-01,2024-04-30,Mississippi,1872.0,237000.0,41.0,2576.0,9569.0
2024-04-01,2024-04-30,Missouri,6480.0,260000.0,29.0,7676.0,23460.0
2024-04-01,2024-04-30,Montana,967.0,495000.0,74.0,1362.0,6189.0
2024-04-01,2024-04-30,Nebraska,1808.0,285000.0,23.0,2023.0,5791.0
2024-04-01,2024-04-30,Nevada,3497.0,447000.0,44.0,4098.0,13785.0
2024-04-01,2024-04-30,New Hampshire,1433.0,470000.0,34.0,1593.0,4477.0
2024-04-01,2024-04-30,New Jersey,7282.0,491500.0,38.0,8195.0,26173.0
2024-04-01,2024-04-30,New Mexico,1648.0,339700.0,40.0,2096.0,7401.0
2024-04-01,2024-04-30,New York,10728.0,460000.0,32.0,13118.0,47047.0
2024-04-01,2024-04-30,North Carolina,11923.0,367460.0,39.0,14143.0,47839.0
2024-04-01,2024-04-30,North Dakota,658.0,285000.0,66.0,774.0,3181.0
2024-04-01,2024-04-30,Ohio,10858.0,230000.0,40.0,11958.0,34829.0
2024-04-01,2024-04-30,Oklahoma,3989.0,242500.0,32.0,5017.0,17179.0
2024-04-01,2024-04-30,Oregon,3890.0,505000.0,39.0,4969.0,16694.0
2024-04-01,2024-04-30,Pennsylvania,10468.0,274450.0,32.0,11991.0,37210.0
2024-04-01,2024-04-30,Rhode Island,907.0,450000.0,24.0,1053.0,2692.0
2024-04-01,2024-04-30,South Carolina,7112.0,345000.0,63.0,8827.0,35580.0
2024-04-01,2024-04-30,South Dakota,767.0,311000.0,68.0,937.0,3672.0
2024-04-01,2024-04-30,Tennessee,8215.0,359995.0,55.0,10030.0,38294.0
2024-04-01,2024-04-30,Texas,27433.0,344570.0,52.0,38640.0,152698.0
2024-04-01,2024-04-30,Utah,3128.0,510000.0,43.0,4245.0,14218.0
2024-04-01,2024-04-30,Vermont,564.0,424750.0,46.0,660.0,2562.0
2024-04-01,2024-04-30,Virginia,8492.0,417000.0,27.0,9283.0,26006.0
2024-04-01,2024-04-30,Washington,7248.0,609998.0,16.0,8763.0,23806.0
2024-04-01,2024-04-30,West Virginia,1111.0,244965.0,56.0,1415.0,5393.0
2024-04-01,2024-04-30,Wisconsin,5563.0,304950.0,47.0,6140.0,20064.0
2024-04-01,2024-04-30,Wyoming,627.0,330000.0,52.0,756.0,2763.0
2024-03-01,2024-03-31,Alabama,5019.0,280000.0,50.0,6313.0,24482.0
2024-03-01,2024-03-31,Alaska,649.0,375000.0,19.0,745.0,2309.0
2024-03-01,2024-03-31,Arizona,7702.0,439000.0,53.0,10317.0,37055.0
2024-03-01,2024-03-31,Arkansas,3017.0,250000.0,43.0,3894.0,14412.0
2024-03-01,2024-03-31,California,22262.0,730040.0,31.0,28713.0,84178.0
2024-03-01,2024-03-31,Colorado,7243.0,550000.0,39.0,8904.0,29594.0
2024-03-01,2024-03-31,District of Columbia,547.0,643000.0,46.0,846.0,3183.0
2024-03-01,2024-03-31,Connecticut,3079.0,370000.0,34.0,3336.0,10096.0
2024-03-01,2024-03-31,Delaware,1103.0,377000.0,37.0,1307.0,4262.0
2024-03-01,2024-03-31,Florida,31020.0,393900.0,57.0,45615.0,193656.0
2024-03-01,2024-03-31,Georgia,11281.0,355000.0,41.0,14998.0,52353.0
2024-03-01,2024-03-31,Hawaii,986.0,795000.0,74.0,1404.0,6290.0
2024-03-01,2024-03-31,Idaho,2239.0,454259.0,45.0,2717.0,10301.0
2024-03-01,2024-03-31,Illinois,11495.0,280000.0,45.0,13115.0,41951.0
2024-03-01,2024-03-31,Indiana,6742.0,249900.0,26.0,7754.0,21492.0
2024-03-01,2024-03-31,Iowa,3089.0,220000.0,33.0,3681.0,11646.0
2024-03-01,2024-03-31,Kansas,2777.0,248000.0,27.0,3268.0,9331.0
2024-03-01,2024-03-31,Kentucky,3752.0,253000.0,35.0,4507.0,14453.0
2024-03-01,2024-03-31,Louisiana,3581.0,240000.0,62.0,4410.0,20430.0
2024-03-01,2024-03-31,Maine,1491.0,384500.0,41.0,1713.0,6301.0
2024-03-01,2024-03-31,Maryland,5907.0,400000.0,28.0,6410.0,18215.0
2024-03-01,2024-03-31,Massachusetts,5215.0,600000.0,21.0,5947.0,15737.0
2024-03-01,2024-03-31,Michigan,9907.0,245000.0,25.0,11763.0,34030.0
2024-03-01,2024-03-31,Minnesota,5788.0,335000.0,30.0,6658.0,17367.0
2024-03-01,2024-03-31,Mississippi,1858.0,250000.0,42.0,2552.0,9469.0
2024-03-01,2024-03-31,Missouri,6519.0,249900.0,28.0,7747.0,23364.0
2024-03-01,2024-03-31,Montana,1009.0,497900.0,71.0,1258.0,6149.0
2024-03-01,2024-03-31,Nebraska,1764.0,285000.0,22.0,2110.0,5777.0
2024-03-01,2024-03-31,Nevada,3378.0,441250.0,41.0,4234.0,13998.0
2024-03-01,2024-03-31,New Hampshire,1455.0,474933.0,33.0,1598.0,4514.0
2024-03-01,2024-03-31,New Jersey,7238.0,475000.0,37.0,8427.0,26388.0
2024-03-01,2024-03-31,New Mexico,1633.0,329950.0,38.0,1973.0,7181.0
2024-03-01,2024-03-31,New York,10349.0,425000.0,33.0,13525.0,48889.0
2024-03-01,2024-03-31,North Carolina,12047.0,360000.0,37.0,14302.0,47537.0
2024-03-01,2024-03-31,North Dakota,650.0,284900.0,65.0,759.0,3184.0
2024-03-01,2024-03-31,Ohio,11055.0,225000.0,33.0,12106.0,34994.0
2024-03-01,2024-03-31,Oklahoma,3990.0,240000.0,42.0,4902.0,17003.0
2024-03-01,2024-03-31,Oregon,3811.0,490000.0,38.0,4814.0,16494.0
2024-03-01,2024-03-31,Pennsylvania,10797.0,265000.0,32.0,12168.0,37772.0
2024-03-01,2024-03-31,Rhode Island,939.0,445000.0,22.0,1018.0,2751.0
2024-03-01,2024-03-31,South Carolina,7093.0,339915.0,59.0,8762.0,35056.0
2024-03-01,2024-03-31,South Dakota,761.0,314850.0,67.0,881.0,3626.0
2024-03-01,2024-03-31,Tennessee,8185.0,355000.0,56.0,10075.0,38319.0
2024-03-01,2024-03-31,Texas,27414.0,339900.0,49.0,38436.0,149709.0
2024-03-01,2024-03-31,Utah,3219.0,499900.0,41.0,4232.0,14172.0
2024-03-01,2024-03-31,Vermont,601.0,372500.0,45.0,724.0,2663.0
2024-03-01,2024-03-31,Virginia,8521.0,399900.0,26.0,9478.0,26298.0
2024-03-01,2024-03-31,Washington,7079.0,598000.0,16.0,8572.0,23591.0
2024-03-01,2024-03-31,West Virginia,1124.0,235000.0,56.0,1461.0,5303.0
2024-03-01,2024-03-31,Wisconsin,5562.0,298900.0,47.0,6225.0,19976.0
2024-03-01,2024-03-31,Wyoming,645.0,334500.0,49.0,684.0,2760.0
2024-02-01,2024-02-29,Alabama,5112.0,274900.0,51.0,6480.0,24302.0
2024-02-01,2024-02-29,Alaska,623.0,360000.0,24.0,748.0,2330.0
2024-02-01,2024-02-29,Arizona,7848.0,434183.0,52.0,9965.0,36386.0
2024-02-01,2024-02-29,Arkansas,3063.0,239000.0,44.0,3861.0,14308.0
2024-02-01,2024-02-29,California,22413.0,715000.0,30.0,27565.0,83369.0
2024-02-01,2024-02-29,Colorado,7540.0,534950.0,39.0,9036.0,29744.0
2024-02-01,2024-02-29,District of Columbia,560.0,589000.0,46.0,843.0,3167.0
2024-02-01,2024-02-29,Connecticut,3001.0,355000.0,35.0,3328.0,10307.0
2024-02-01,2024-02-29,Delaware,1150.0,370990.0,35.0,1337.0,4236.0
2024-02-01,2024-02-29,Florida,31133.0,386420.0,55.0,45200.0,188010.0
2024-02-01,2024-02-29,Georgia,11186.0,349990.0,40.0,15430.0,51865.0
2024-02-01,2024-02-29,Hawaii,1060.0,735000.0,73.0,1271.0,6126.0
2024-02-01,2024-02-29,Idaho,2251.0,444000.0,43.0,2578.0,10294.0
2024-02-01,2024-02-29,Illinois,11299.0,267500.0,46.0,13141.0,41622.0
2024-02-01,2024-02-29,Indiana,6776.0,239900.0,27.0,7934.0,21952.0
2024-02-01,2024-02-29,Iowa,2991.0,215000.0,34.0,3708.0,11467.0
2024-02-01,2024-02-29,Kansas,2749.0,250000.0,27.0,3083.0,9178.0
2024-02-01,2024-02-29,Kentucky,3674.0,250000.0,37.0,4680.0,14556.0
2024-02-01,2024-02-29,Louisiana,3372.0,235000.0,63.0,4332.0,20293.0
2024-02-01,2024-02-29,Maine,1456.0,354500.0,45.0,1848.0,6297.0
2024-02-01,2024-02-29,Maryland,5704.0,399000.0,27.0,6811.0,18309.0
2024-02-01,2024-02-29,Massachusetts,5062.0,550000.0,21.0,6149.0,16384.0
2024-02-01,2024-02-29,Michigan,9895.0,235000.0,25.0,11761.0,33398.0
2024-02-01,2024-02-29,Minnesota,5798.0,330000.0,29.0,6875.0,15647.0
2024-02-01,2024-02-29,Mississippi,1869.0,249500.0,38.0,2541.0,9426.0
2024-02-01,2024-02-29,Missouri,6410.0,239000.0,28.0,7669.0,23108.0
2024-02-01,2024-02-29,Montana,1000.0,475000.0,73.0,1284.0,6149.0
2024-02-01,2024-02-29,Nebraska,1695.0,275000.0,22.0,2099.0,5716.0
2024-02-01,2024-02-29,Nevada,3512.0,440000.0,39.0,4208.0,14028.0
2024-02-01,2024-02-29,New Hampshire,1458.0,450000.0,33.0,1613.0,4648.0
2024-02-01,2024-02-29,New Jersey,7083.0,460000.0,36.0,8746.0,26442.0
2024-02-01,2024-02-29,New Mexico,1666.0,324900.0,42.0,1950.0,7120.0
2024-02-01,2024-02-29,New York,9879.0,425000.0,34.0,13571.0,49743.0
2024-02-01,2024-02-29,North Carolina,11901.0,354120.0,38.0,15008.0,47452.0
2024-02-01,2024-02-29,North Dakota,612.0,255000.0,65.0,771.0,3187.0
2024-02-01,2024-02-29,Ohio,11042.0,220000.0,32.0,12458.0,35229.0
2024-02-01,2024-02-29,Oklahoma,3841.0,237000.0,49.0,5014.0,16813.0
2024-02-01,2024-02-29,Oregon,3882.0,485000.0,38.0,4616.0,16398.0
2024-02-01,2024-02-29,Pennsylvania,10429.0,255000.0,32.0,12059.0,37624.0
2024-02-01,2024-02-29,Rhode Island,899.0,433900.0,27.0,1050.0,2798.0
2024-02-01,2024-02-29,South Carolina,7143.0,331000.0,58.0,8841.0,34802.0
2024-02-01,2024-02-29,South Dakota,745.0,299900.0,63.0,912.0,3611.0
2024-02-01,2024-02-29,Tennessee,7985.0,350000.0,56.0,10354.0,37931.0
2024-02-01,2024-02-29,Texas,27342.0,335000.0,49.0,38028.0,146621.0
2024-02-01,2024-02-29,Utah,3141.0,493675.0,39.0,4163.0,14418.0
2024-02-01,2024-02-29,Vermont,592.0,345000.0,43.0,760.0,2592.0
2024-02-01,2024-02-29,Virginia,8435.0,380000.0,27.0,10048.0,26826.0
2024-02-01,2024-02-29,Washington,7026.0,580000.0,18.0,8472.0,23466.0
2024-02-01,2024-02-29,West Virginia,1145.0,230000.0,59.0,1460.0,5056.0
2024-02-01,2024-02-29,Wisconsin,5499.0,275000.0,46.0,6157.0,19719.0
2024-02-01,2024-02-29,Wyoming,585.0,320000.0,54.0,699.0,2806.0
2024-01-01,2024-01-31,Alabama,5017.0,266500.0,49.0,6068.0,23930.0
2024-01-01,2024-01-31,Alaska,616.0,349000.0,20.0,744.0,2400.0
2024-01-01,2024-01-31,Arizona,7699.0,425000.0,51.0,10003.0,35835.0
2024-01-01,2024-01-31,Arkansas,3008.0,239000.0,42.0,3572.0,14093.0
2024-01-01,2024-01-31,California,22235.0,675000.0,31.0,27548.0,85185.0
2024-01-01,2024-01-31,Colorado,6950.0,524900.0,36.0,8881.0,29603.0
2024-01-01,2024-01-31,District of Columbia,515.0,610000.0,48.0,879.0,3069.0
2024-01-01,2024-01-31,Connecticut,3056.0,357250.0,36.0,3476.0,10133.0
2024-01-01,2024-01-31,Delaware,1067.0,365000.0,34.0,1320.0,4168.0
2024-01-01,2024-01-31,Florida,29619.0,381928.0,53.0,44806.0,181634.0
2024-01-01,2024-01-31,Georgia,11189.0,341500.0,40.0,15362.0,51336.0
2024-01-01,2024-01-31,Hawaii,991.0,740000.0,73.0,1291.0,6044.0
2024-01-01,2024-01-31,Idaho,2176.0,434990.0,41.0,2421.0,10339.0
2024-01-01,2024-01-31,Illinois,11277.0,257500.0,46.0,12659.0,41756.0
2024-01-01,2024-01-31,Indiana,6697.0,234950.0,27.0,7791.0,21702.0
2024-01-01,2024-01-31,Iowa,3103.0,215000.0,33.0,3039.0,11167.0
2024-01-01,2024-01-31,Kansas,2666.0,235000.0,26.0,2972.0,9041.0
2024-01-01,2024-01-31,Kentucky,3602.0,240000.0,35.0,4377.0,14265.0
2024-01-01,2024-01-31,Louisiana,3312.0,230000.0,63.0,4250.0,20026.0
2024-01-01,2024-01-31,Maine,1383.0,362000.0,44.0,1832.0,6091.0
2024-01-01,2024-01-31,Maryland,5531.0,380000.0,28.0,6707.0,17875.0
2024-01-01,2024-01-31,Massachusetts,4965.0,560000.0,21.0,6529.0,15970.0
2024-01-01,2024-01-31,Michigan,9964.0,224500.0,24.0,10434.0,32963.0
2024-01-01,2024-01-31,Minnesota,5746.0,317000.0,29.0,6986.0,14789.0
2024-01-01,2024-01-31,Mississippi,1869.0,230000.0,43.0,2395.0,9325.0
2024-01-01,2024-01-31,Missouri,6444.0,239900.0,28.0,7164.0,22395.0
2024-01-01,2024-01-31,Montana,973.0,469000.0,69.0,1206.0,6048.0
2024-01-01,2024-01-31,Nebraska,1792.0,275000.0,23.0,1656.0,5437.0
2024-01-01,2024-01-31,Nevada,3347.0,425000.0,42.0,4182.0,13915.0
2024-01-01,2024-01-31,New Hampshire,1466.0,440000.0,31.0,1610.0,4547.0
2024-01-01,2024-01-31,New Jersey,6873.0,475000.0,36.0,8618.0,25766.0
2024-01-01,2024-01-31,New Mexico,1575.0,325000.0,39.0,1997.0,7099.0
2024-01-01,2024-01-31,New York,10158.0,448000.0,34.0,13363.0,48883.0
2024-01-01,2024-01-31,North Carolina,11939.0,350000.0,37.0,14910.0,46572.0
2024-01-01,2024-01-31,North Dakota,672.0,263000.0,68.0,774.0,3177.0
2024-01-01,2024-01-31,Ohio,10974.0,208700.0,31.0,12559.0,34854.0
2024-01-01,2024-01-31,Oklahoma,3793.0,226525.0,45.0,4193.0,16274.0
2024-01-01,2024-01-31,Oregon,3782.0,475000.0,33.0,4332.0,16464.0
2024-01-01,2024-01-31,Pennsylvania,10200.0,252900.0,31.0,11998.0,37342.0
2024-01-01,2024-01-31,Rhode Island,853.0,440500.0,26.0,1062.0,2822.0
2024-01-01,2024-01-31,South Carolina,7007.0,329000.0,58.0,8827.0,34321.0
2024-01-01,2024-01-31,South Dakota,728.0,310000.0,63.0,838.0,3518.0
2024-01-01,2024-01-31,Tennessee,7792.0,355000.0,54.0,8724.0,36303.0
2024-01-01,2024-01-31,Texas,27332.0,325000.0,48.0,37457.0,144047.0
2024-01-01,2024-01-31,Utah,3235.0,490000.0,39.0,4230.0,14380.0
2024-01-01,2024-01-31,Vermont,574.0,385250.0,42.0,749.0,2478.0
2024-01-01,2024-01-31,Virginia,8414.0,369990.0,27.0,9708.0,26314.0
2024-01-01,2024-01-31,Washington,6872.0,560000.0,20.0,7917.0,23331.0
2024-01-01,2024-01-31,West Virginia,1053.0,225000.0,62.0,1393.0,4785.0
2024-01-01,2024-01-31,Wisconsin,5513.0,265000.0,46.0,6050.0,19400.0
2024-01-01,2024-01-31,Wyoming,576.0,318500.0,53.0,674.0,2816.0
2023-12-01,2023-12-31,Alabama,4878.0,270000.0,49.0,6451.0,23434.0
2023-12-01,2023-12-31,Alaska,554.0,370000.0,19.0,769.0,2409.0
2023-12-01,2023-12-31,Arizona,7566.0,425000.0,48.0,9936.0,34692.0
2023-12-01,2023-12-31,Arkansas,2868.0,243000.0,42.0,4025.0,14039.0
2023-12-01,2023-12-31,California,20847.0,693000.0,29.0,28300.0,84909.0
2023-12-01,2023-12-31,Colorado,6739.0,520000.0,38.0,8682.0,29270.0
2023-12-01,2023-12-31,District of Columbia,533.0,599999.0,47.0,835.0,2945.0
2023-12-01,2023-12-31,Connecticut,3076.0,355000.0,35.0,3635.0,9947.0
2023-12-01,2023-12-31,Delaware,1016.0,361000.0,35.0,1418.0,4107.0
2023-12-01,2023-12-31,Florida,29043.0,386420.0,48.0,44170.0,175770.0
2023-12-01,2023-12-31,Georgia,10937.0,341250.0,39.0,15173.0,51390.0
2023-12-01,2023-12-31,Hawaii,882.0,756250.0,68.0,1360.0,5831.0
2023-12-01,2023-12-31,Idaho,1982.0,439000.0,41.0,2773.0,10497.0
2023-12-01,2023-12-31,Illinois,11232.0,255000.0,47.0,13631.0,42349.0
2023-12-01,2023-12-31,Indiana,6494.0,235000.0,26.0,8034.0,21237.0
2023-12-01,2023-12-31,Iowa,2981.0,215000.0,32.0,3763.0,11214.0
2023-12-01,2023-12-31,Kansas,2634.0,240000.0,25.0,3152.0,9014.0
2023-12-01,2023-12-31,Kentucky,3622.0,243250.0,34.0,4605.0,14098.0
2023-12-01,2023-12-31,Louisiana,3228.0,235000.0,60.0,4654.0,20111.0
2023-12-01,2023-12-31,Maine,1304.0,360000.0,43.0,1706.0,5915.0
2023-12-01,2023-12-31,Maryland,5401.0,395000.0,27.0,7100.0,17533.0
2023-12-01,2023-12-31,Massachusetts,4884.0,560000.0,21.0,6112.0,15455.0
2023-12-01,2023-12-31,Michigan,9866.0,230000.0,25.0,11751.0,33067.0
2023-12-01,2023-12-31,Minnesota,5561.0,315000.0,30.0,7071.0,15491.0
2023-12-01,2023-12-31,Mississippi,1838.0,230000.0,42.0,2655.0,9263.0
2023-12-01,2023-12-31,Missouri,6295.0,238000.0,25.0,7586.0,22062.0
2023-12-01,2023-12-31,Montana,872.0,479000.0,72.0,1472.0,5854.0
2023-12-01,2023-12-31,Nebraska,1660.0,273000.0,20.0,1999.0,5668.0
2023-12-01,2023-12-31,Nevada,3135.0,428000.0,40.0,4021.0,13514.0
2023-12-01,2023-12-31,New Hampshire,1324.0,449933.0,30.0,1614.0,4400.0
2023-12-01,2023-12-31,New Jersey,6772.0,465000.0,37.0,8779.0,25173.0
2023-12-01,2023-12-31,New Mexico,1572.0,325000.0,36.0,2028.0,6898.0
2023-12-01,2023-12-31,New York,10016.0,420000.0,33.0,13785.0,48283.0
2023-12-01,2023-12-31,North Carolina,11494.0,351000.0,37.0,14889.0,45325.0
2023-12-01,2023-12-31,North Dakota,615.0,265000.0,66.0,773.0,3156.0
2023-12-01,2023-12-31,Ohio,10396.0,215000.0,31.0,13033.0,33926.0
2023-12-01,2023-12-31,Oklahoma,3666.0,229000.0,36.0,4960.0,16568.0
2023-12-01,2023-12-31,Oregon,3429.0,480000.0,34.0,4673.0,16621.0
2023-12-01,2023-12-31,Pennsylvania,10164.0,262000.0,32.0,12147.0,37074.0
2023-12-01,2023-12-31,Rhode Island,811.0,430000.0,25.0,1092.0,2741.0
2023-12-01,2023-12-31,South Carolina,6943.0,325600.0,56.0,8802.0,32283.0
2023-12-01,2023-12-31,South Dakota,630.0,295888.0,58.0,865.0,3472.0
2023-12-01,2023-12-31,Tennessee,7345.0,350000.0,52.0,10179.0,36191.0
2023-12-01,2023-12-31,Texas,25298.0,335950.0,46.0,37440.0,141690.0
2023-12-01,2023-12-31,Utah,2765.0,479990.0,39.0,4515.0,14330.0
2023-12-01,2023-12-31,Vermont,539.0,370000.0,42.0,781.0,2358.0
2023-12-01,2023-12-31,Virginia,8254.0,380000.0,26.0,9888.0,25677.0
2023-12-01,2023-12-31,Washington,6461.0,555000.0,19.0,8423.0,23364.0
2023-12-01,2023-12-31,West Virginia,1043.0,230000.0,61.0,1417.0,4693.0
2023-12-01,2023-12-31,Wisconsin,5300.0,272000.0,46.0,6543.0,19154.0
2023-12-01,2023-12-31,Wyoming,521.0,330000.0,50.0,694.0,2779.0
2023-11-01,2023-11-30,Alabama,4889.0,270000.0,46.0,6191.0,22763.0
2023-11-01,2023-11-30,Alaska,601.0,351000.0,19.0,783.0,2369.0
2023-11-01,2023-11-30,Arizona,7562.0,430824.0,46.0,9888.0,32954.0
2023-11-01,2023-11-30,Arkansas,2913.0,238000.0,40.0,3906.0,13431.0
2023-11-01,2023-11-30,California,20462.0,725000.0,28.0,27626.0,80290.0
2023-11-01,2023-11-30,Colorado,6567.0,530000.0,35.0,9025.0,27944.0
2023-11-01,2023-11-30,District of Columbia,531.0,635000.0,48.0,758.0,2889.0
2023-11-01,2023-11-30,Connecticut,3043.0,365000.0,34.0,3724.0,9773.0
2023-11-01,2023-11-30,Delaware,1147.0,385000.0,32.0,1413.0,4040.0
2023-11-01,2023-11-30,Florida,30557.0,389900.0,44.0,44367.0,169557.0
2023-11-01,2023-11-30,Georgia,11151.0,349929.0,37.0,15544.0,50877.0
2023-11-01,2023-11-30,Hawaii,876.0,680000.0,73.0,1239.0,5611.0
2023-11-01,2023-11-30,Idaho,1987.0,445990.0,39.0,2695.0,10157.0
2023-11-01,2023-11-30,Illinois,11144.0,265000.0,47.0,13664.0,41573.0
2023-11-01,2023-11-30,Indiana,6635.0,240000.0,25.0,7904.0,20611.0
2023-11-01,2023-11-30,Iowa,3031.0,212000.0,32.0,3564.0,10919.0
2023-11-01,2023-11-30,Kansas,2640.0,245000.0,25.0,3110.0,8738.0
2023-11-01,2023-11-30,Kentucky,3568.0,247000.0,34.0,4449.0,13433.0
2023-11-01,2023-11-30,Louisiana,3248.0,235000.0,60.0,4476.0,19765.0
2023-11-01,2023-11-30,Maine,1399.0,360000.0,39.0,1798.0,5705.0
2023-11-01,2023-11-30,Maryland,5585.0,399000.0,26.0,6972.0,17165.0
2023-11-01,2023-11-30,Massachusetts,5023.0,580000.0,22.0,6303.0,14362.0
2023-11-01,2023-11-30,Michigan,9869.0,235000.0,24.0,11634.0,31882.0
2023-11-01,2023-11-30,Minnesota,5635.0,327000.0,28.0,6810.0,18201.0
2023-11-01,2023-11-30,Mississippi,1842.0,238000.0,39.0,2514.0,9010.0
2023-11-01,2023-11-30,Missouri,6397.0,245000.0,25.0,7569.0,21316.0
2023-11-01,2023-11-30,Montana,887.0,459000.0,65.0,1363.0,5626.0
2023-11-01,2023-11-30,Nebraska,1691.0,272000.0,21.0,2155.0,5615.0
2023-11-01,2023-11-30,Nevada,3044.0,430000.0,38.0,4209.0,12702.0
2023-11-01,2023-11-30,New Hampshire,1394.0,440000.0,31.0,1610.0,4327.0
2023-11-01,2023-11-30,New Jersey,6959.0,470000.0,36.0,8852.0,24979.0
2023-11-01,2023-11-30,New Mexico,1613.0,335500.0,33.0,2042.0,6747.0
2023-11-01,2023-11-30,New York,10351.0,405000.0,35.0,13527.0,47212.0
2023-11-01,2023-11-30,North Carolina,11892.0,355000.0,37.0,14576.0,44199.0
2023-11-01,2023-11-30,North Dakota,599.0,264900.0,65.0,735.0,3101.0
2023-11-01,2023-11-30,Ohio,10591.0,220000.0,31.0,12803.0,32398.0
2023-11-01,2023-11-30,Oklahoma,3858.0,230000.0,33.0,4994.0,15991.0
2023-11-01,2023-11-30,Oregon,3412.0,479900.0,32.0,4923.0,15983.0
2023-11-01,2023-11-30,Pennsylvania,10320.0,260000.0,31.0,12066.0,35832.0
2023-11-01,2023-11-30,Rhode Island,855.0,435000.0,22.0,1071.0,2485.0
2023-11-01,2023-11-30,South Carolina,7102.0,326945.0,56.0,8632.0,31628.0
2023-11-01,2023-11-30,South Dakota,728.0,305000.0,54.0,987.0,3471.0
2023-11-01,2023-11-30,Tennessee,7686.0,350000.0,52.0,10195.0,35293.0
2023-11-01,2023-11-30,Texas,25818.0,329990.0,43.0,38121.0,137595.0
2023-11-01,2023-11-30,Utah,2620.0,494493.0,39.0,3795.0,13607.0
2023-11-01,2023-11-30,Vermont,577.0,385000.0,42.0,784.0,2296.0
2023-11-01,2023-11-30,Virginia,8273.0,385000.0,24.0,9892.0,25139.0
2023-11-01,2023-11-30,Washington,6354.0,575000.0,17.0,8387.0,22005.0
2023-11-01,2023-11-30,West Virginia,1141.0,229900.0,60.0,1295.0,4606.0
2023-11-01,2023-11-30,Wisconsin,5455.0,277500.0,46.0,6392.0,18916.0
2023-11-01,2023-11-30,Wyoming,554.0,320000.0,56.0,699.0,2846.0
2023-10-01,2023-10-31,Alabama,4863.0,273235.0,46.0,6419.0,22295.0
2023-10-01,2023-10-31,Alaska,651.0,349000.0,16.0,846.0,2311.0
2023-10-01,2023-10-31,Arizona,7647.0,430000.0,44.0,9730.0,31240.0
2023-10-01,2023-10-31,Arkansas,2917.0,240000.0,39.0,3880.0,12910.0
2023-10-01,2023-10-31,California,21244.0,725000.0,28.0,26906.0,75470.0
2023-10-01,2023-10-31,Colorado,6614.0,545000.0,34.0,8816.0,26627.0
2023-10-01,2023-10-31,District of Columbia,509.0,675000.0,47.0,769.0,2891.0
2023-10-01,2023-10-31,Connecticut,3061.0,375000.0,35.0,3566.0,9537.0
2023-10-01,2023-10-31,Delaware,1048.0,370000.0,31.0,1304.0,3898.0
2023-10-01,2023-10-31,Florida,31953.0,385000.0,43.0,43836.0,162348.0
2023-10-01,2023-10-31,Georgia,11000.0,350000.0,34.0,15516.0,50477.0
2023-10-01,2023-10-31,Hawaii,969.0,710000.0,69.0,1283.0,5472.0
2023-10-01,2023-10-31,Idaho,1910.0,459900.0,37.0,2685.0,9631.0
2023-10-01,2023-10-31,Illinois,11187.0,264000.0,48.0,12983.0,40722.0
2023-10-01,2023-10-31,Indiana,6507.0,240000.0,23.0,7503.0,19998.0
2023-10-01,2023-10-31,Iowa,2978.0,219000.0,29.0,3462.0,10769.0
2023-10-01,2023-10-31,Kansas,2665.0,250000.0,24.0,3019.0,8490.0
2023-10-01,2023-10-31,Kentucky,3605.0,245000.0,33.0,4374.0,13009.0
2023-10-01,2023-10-31,Louisiana,3276.0,235000.0,59.0,4391.0,19275.0
2023-10-01,2023-10-31,Maine,1329.0,385000.0,39.0,1795.0,5450.0
2023-10-01,2023-10-31,Maryland,5418.0,395000.0,25.0,6651.0,16525.0
2023-10-01,2023-10-31,Massachusetts,4996.0,592500.0,21.0,6111.0,13323.0
2023-10-01,2023-10-31,Michigan,9855.0,243000.0,23.0,11588.0,30709.0
2023-10-01,2023-10-31,Minnesota,5567.0,330000.0,27.0,6577.0,20322.0
2023-10-01,2023-10-31,Mississippi,1804.0,244500.0,39.0,2524.0,8735.0
2023-10-01,2023-10-31,Missouri,6317.0,250000.0,23.0,7446.0,20602.0
2023-10-01,2023-10-31,Montana,856.0,499000.0,66.0,1277.0,5495.0
2023-10-01,2023-10-31,Nebraska,1611.0,274000.0,21.0,1980.0,5331.0
2023-10-01,2023-10-31,Nevada,3165.0,435000.0,40.0,3986.0,11844.0
2023-10-01,2023-10-31,New Hampshire,1318.0,450000.0,29.0,1588.0,4199.0
2023-10-01,2023-10-31,New Jersey,7079.0,479000.0,36.0,8674.0,24748.0
2023-10-01,2023-10-31,New Mexico,1615.0,330000.0,31.0,2181.0,6691.0
2023-10-01,2023-10-31,New York,10472.0,415000.0,37.0,13481.0,47032.0
2023-10-01,2023-10-31,North Carolina,11705.0,358135.0,36.0,14415.0,42719.0
2023-10-01,2023-10-31,North Dakota,603.0,265000.0,68.0,729.0,3106.0
2023-10-01,2023-10-31,Ohio,10473.0,227000.0,30.0,12268.0,30912.0
2023-10-01,2023-10-31,Oklahoma,3805.0,235000.0,28.0,4703.0,15237.0
2023-10-01,2023-10-31,Oregon,3544.0,490000.0,31.0,4658.0,15084.0
2023-10-01,2023-10-31,Pennsylvania,10188.0,265000.0,28.0,12010.0,34723.0
2023-10-01,2023-10-31,Rhode Island,871.0,430000.0,23.0,1097.0,2357.0
2023-10-01,2023-10-31,South Carolina,7014.0,339000.0,55.0,8653.0,31009.0
2023-10-01,2023-10-31,South Dakota,703.0,305650.0,56.0,902.0,3362.0
2023-10-01,2023-10-31,Tennessee,7847.0,351000.0,51.0,9778.0,34132.0
2023-10-01,2023-10-31,Texas,25734.0,334000.0,42.0,36298.0,131877.0
2023-10-01,2023-10-31,Utah,2751.0,490600.0,38.0,3779.0,13200.0
2023-10-01,2023-10-31,Vermont,570.0,386000.0,41.0,756.0,2246.0
2023-10-01,2023-10-31,Virginia,8237.0,390000.0,24.0,9783.0,24474.0
2023-10-01,2023-10-31,Washington,6472.0,570000.0,16.0,7927.0,20519.0
2023-10-01,2023-10-31,West Virginia,1077.0,222500.0,59.0,1312.0,4563.0
2023-10-01,2023-10-31,Wisconsin,5316.0,280000.0,46.0,6125.0,18595.0
2023-10-01,2023-10-31,Wyoming,580.0,330000.0,64.0,733.0,3044.0
2023-09-01,2023-09-30,Alabama,4956.0,279900.0,44.0,6276.0,21765.0
2023-09-01,2023-09-30,Alaska,691.0,370850.0,19.0,806.0,2251.0
2023-09-01,2023-09-30,Arizona,7695.0,425000.0,42.0,9480.0,30309.0
2023-09-01,2023-09-30,Arkansas,2932.0,254000.0,39.0,3859.0,12509.0
2023-09-01,2023-09-30,California,21280.0,715000.0,27.0,26523.0,72509.0
2023-09-01,2023-09-30,Colorado,7023.0,541500.0,31.0,8802.0,25603.0
2023-09-01,2023-09-30,District of Columbia,579.0,624500.0,45.0,801.0,2900.0
2023-09-01,2023-09-30,Connecticut,3139.0,365000.0,35.0,3471.0,9449.0
2023-09-01,2023-09-30,Delaware,1097.0,372000.0,33.0,1319.0,3802.0
2023-09-01,2023-09-30,Florida,33138.0,385000.0,43.0,43981.0,155588.0
2023-09-01,2023-09-30,Georgia,11151.0,352000.0,34.0,15807.0,50027.0
2023-09-01,2023-09-30,Hawaii,973.0,745000.0,69.0,1262.0,5352.0
2023-09-01,2023-09-30,Idaho,2127.0,450000.0,38.0,2529.0,9303.0
2023-09-01,2023-09-30,Illinois,11514.0,270000.0,48.0,13095.0,40662.0
2023-09-01,2023-09-30,Indiana,6526.0,245000.0,23.0,7665.0,19684.0
2023-09-01,2023-09-30,Iowa,3046.0,220000.0,27.0,3483.0,10495.0
2023-09-01,2023-09-30,Kansas,2813.0,250000.0,24.0,3057.0,8390.0
2023-09-01,2023-09-30,Kentucky,3571.0,245000.0,31.0,4419.0,12663.0
2023-09-01,2023-09-30,Louisiana,3481.0,235000.0,58.0,4590.0,19321.0
2023-09-01,2023-09-30,Maine,1285.0,380000.0,39.0,1724.0,5142.0
2023-09-01,2023-09-30,Maryland,5660.0,402000.0,24.0,6453.0,16163.0
2023-09-01,2023-09-30,Massachusetts,4998.0,580000.0,21.0,5906.0,12979.0
2023-09-01,2023-09-30,Michigan,9793.0,250000.0,23.0,11513.0,30066.0
2023-09-01,2023-09-30,Minnesota,5703.0,330000.0,26.0,6510.0,20681.0
2023-09-01,2023-09-30,Mississippi,1832.0,249500.0,41.0,2600.0,8489.0
2023-09-01,2023-09-30,Missouri,6231.0,252000.0,23.0,7365.0,20186.0
2023-09-01,2023-09-30,Montana,946.0,495000.0,66.0,1377.0,5455.0
2023-09-01,2023-09-30,Nebraska,1762.0,280000.0,20.0,1971.0,5237.0
2023-09-01,2023-09-30,Nevada,3374.0,429073.0,41.0,3872.0,11587.0
2023-09-01,2023-09-30,New Hampshire,1312.0,470000.0,31.0,1577.0,4079.0
2023-09-01,2023-09-30,New Jersey,7163.0,485000.0,34.0,8323.0,24439.0
2023-09-01,2023-09-30,New Mexico,1704.0,335000.0,33.0,2098.0,6508.0
2023-09-01,2023-09-30,New York,10684.0,434700.0,32.0,13218.0,45716.0
2023-09-01,2023-09-30,North Carolina,11873.0,358500.0,37.0,14036.0,41402.0
2023-09-01,2023-09-30,North Dakota,602.0,271675.0,74.0,708.0,3157.0
2023-09-01,2023-09-30,Ohio,10413.0,227500.0,30.0,12412.0,30239.0
2023-09-01,2023-09-30,Oklahoma,3912.0,230000.0,23.0,4762.0,14857.0
2023-09-01,2023-09-30,Oregon,3711.0,495000.0,28.0,4630.0,14637.0
2023-09-01,2023-09-30,Pennsylvania,10239.0,265000.0,29.0,11823.0,33882.0
2023-09-01,2023-09-30,Rhode Island,942.0,445000.0,24.0,980.0,2229.0
2023-09-01,2023-09-30,South Carolina,7074.0,333000.0,53.0,8495.0,30375.0
2023-09-01,2023-09-30,South Dakota,728.0,304000.0,57.0,927.0,3340.0
2023-09-01,2023-09-30,Tennessee,7645.0,350000.0,52.0,9820.0,33707.0
2023-09-01,2023-09-30,Texas,26263.0,340000.0,41.0,36703.0,127549.0
2023-09-01,2023-09-30,Utah,2831.0,495000.0,37.0,3892.0,12957.0
2023-09-01,2023-09-30,Vermont,586.0,385000.0,40.0,721.0,2193.0
2023-09-01,2023-09-30,Virginia,8274.0,380000.0,23.0,9562.0,23776.0
2023-09-01,2023-09-30,Washington,6725.0,575000.0,15.0,7999.0,19734.0
2023-09-01,2023-09-30,West Virginia,1077.0,230000.0,60.0,1282.0,4459.0
2023-09-01,2023-09-30,Wisconsin,5337.0,290000.0,46.0,6095.0,18438.0
2023-09-01,2023-09-30,Wyoming,598.0,333000.0,62.0,789.0,3042.0
2023-08-01,2023-08-31,Alabama,5013.0,279000.0,45.0,6094.0,21515.0
2023-08-01,2023-08-31,Alaska,643.0,372000.0,21.0,808.0,2235.0
2023-08-01,2023-08-31,Arizona,7904.0,428500.0,43.0,9289.0,29855.0
2023-08-01,2023-08-31,Arkansas,2940.0,250000.0,39.0,3834.0,12205.0
2023-08-01,2023-08-31,California,22094.0,720000.0,27.0,25907.0,69857.0
2023-08-01,2023-08-31,Colorado,7166.0,549500.0,32.0,8805.0,24703.0
2023-08-01,2023-08-31,District of Columbia,602.0,625000.0,51.0,814.0,2918.0
2023-08-01,2023-08-31,Connecticut,3070.0,380000.0,38.0,3484.0,9459.0
2023-08-01,2023-08-31,Delaware,1114.0,370000.0,31.0,1157.0,3707.0
2023-08-01,2023-08-31,Florida,31704.0,389714.0,45.0,42416.0,148384.0
2023-08-01,2023-08-31,Georgia,11135.0,359500.0,35.0,15385.0,49159.0
2023-08-01,2023-08-31,Hawaii,1005.0,712000.0,67.0,1190.0,5353.0
2023-08-01,2023-08-31,Idaho,2182.0,450000.0,39.0,2596.0,9197.0
2023-08-01,2023-08-31,Illinois,11671.0,280000.0,50.0,13153.0,40742.0
2023-08-01,2023-08-31,Indiana,6665.0,252000.0,22.0,7341.0,19126.0
2023-08-01,2023-08-31,Iowa,3047.0,230000.0,25.0,3577.0,10360.0
2023-08-01,2023-08-31,Kansas,2749.0,253000.0,24.0,3008.0,8183.0
2023-08-01,2023-08-31,Kentucky,3676.0,250000.0,32.0,4209.0,12256.0
2023-08-01,2023-08-31,Louisiana,3528.0,235000.0,58.0,4584.0,18919.0
2023-08-01,2023-08-31,Maine,1318.0,375000.0,39.0,1766.0,4962.0
2023-08-01,2023-08-31,Maryland,5786.0,410000.0,25.0,6458.0,16030.0
2023-08-01,2023-08-31,Massachusetts,4949.0,610000.0,22.0,5948.0,12960.0
2023-08-01,2023-08-31,Michigan,9934.0,254500.0,24.0,11464.0,29514.0
2023-08-01,2023-08-31,Minnesota,5681.0,347000.0,26.0,6676.0,21479.0
2023-08-01,2023-08-31,Mississippi,1844.0,245000.0,38.0,2508.0,8223.0
2023-08-01,2023-08-31,Missouri,6319.0,260000.0,21.0,7311.0,19548.0
2023-08-01,2023-08-31,Montana,944.0,489700.0,67.0,1376.0,5394.0
2023-08-01,2023-08-31,Nebraska,1769.0,286000.0,19.0,1872.0,5293.0
2023-08-01,2023-08-31,Nevada,3429.0,430000.0,42.0,3903.0,11557.0
2023-08-01,2023-08-31,New Hampshire,1335.0,460000.0,30.0,1551.0,3954.0
2023-08-01,2023-08-31,New Jersey,7164.0,500000.0,33.0,8400.0,24462.0
2023-08-01,2023-08-31,New Mexico,1735.0,336399.0,32.0,2114.0,6443.0
2023-08-01,2023-08-31,New York,10920.0,461000.0,32.0,13342.0,44537.0
2023-08-01,2023-08-31,North Carolina,11883.0,360000.0,37.0,13679.0,40481.0
2023-08-01,2023-08-31,North Dakota,625.0,269000.0,72.0,731.0,3158.0
2023-08-01,2023-08-31,Ohio,10610.0,239709.0,30.0,11807.0,29109.0
2023-08-01,2023-08-31,Oklahoma,3755.0,238500.0,23.0,4529.0,14524.0
2023-08-01,2023-08-31,Oregon,3933.0,500000.0,29.0,4744.0,14350.0
2023-08-01,2023-08-31,Pennsylvania,10199.0,280000.0,29.0,11930.0,33417.0
2023-08-01,2023-08-31,Rhode Island,858.0,448500.0,23.0,1045.0,2232.0
2023-08-01,2023-08-31,South Carolina,7093.0,336000.0,54.0,8444.0,29899.0
2023-08-01,2023-08-31,South Dakota,741.0,317002.0,55.0,875.0,3323.0
2023-08-01,2023-08-31,Tennessee,7880.0,360000.0,52.0,9287.0,32754.0
2023-08-01,2023-08-31,Texas,27333.0,343499.0,42.0,35933.0,123493.0
2023-08-01,2023-08-31,Utah,2967.0,496000.0,38.0,3851.0,12513.0
2023-08-01,2023-08-31,Vermont,535.0,410000.0,50.0,701.0,2161.0
2023-08-01,2023-08-31,Virginia,8320.0,399999.0,23.0,9417.0,23468.0
2023-08-01,2023-08-31,Washington,6996.0,583898.0,14.0,8046.0,19116.0
2023-08-01,2023-08-31,West Virginia,1126.0,232000.0,62.0,1244.0,4480.0
2023-08-01,2023-08-31,Wisconsin,5308.0,299900.0,46.0,6119.0,18260.0
2023-08-01,2023-08-31,Wyoming,558.0,330000.0,66.0,781.0,2940.0
2023-07-01,2023-07-31,Alabama,5056.0,279900.0,45.0,6151.0,21207.0
2023-07-01,2023-07-31,Alaska,661.0,384900.0,24.0,849.0,2184.0
2023-07-01,2023-07-31,Arizona,7876.0,430000.0,45.0,9430.0,29839.0
2023-07-01,2023-07-31,Arkansas,3001.0,250000.0,39.0,3559.0,11818.0
2023-07-01,2023-07-31,California,22428.0,719000.0,27.0,25301.0,69366.0
2023-07-01,2023-07-31,Colorado,7256.0,545000.0,33.0,8674.0,24247.0
2023-07-01,2023-07-31,District of Columbia,628.0,615000.0,48.0,863.0,2912.0
2023-07-01,2023-07-31,Connecticut,3057.0,389900.0,37.0,3371.0,9338.0
2023-07-01,2023-07-31,Delaware,1021.0,376100.0,32.0,1172.0,3689.0
2023-07-01,2023-07-31,Florida,32228.0,387900.0,46.0,42266.0,144333.0
2023-07-01,2023-07-31,Georgia,11172.0,355000.0,35.0,15808.0,48863.0
2023-07-01,2023-07-31,Hawaii,1046.0,700000.0,66.0,1174.0,5401.0
2023-07-01,2023-07-31,Idaho,2167.0,460000.0,39.0,2560.0,9161.0
2023-07-01,2023-07-31,Illinois,11376.0,285000.0,50.0,12912.0,40636.0
2023-07-01,2023-07-31,Indiana,6574.0,255000.0,21.0,7225.0,18843.0
2023-07-01,2023-07-31,Iowa,3033.0,230250.0,26.0,3561.0,10345.0
2023-07-01,2023-07-31,Kansas,2720.0,258000.0,23.0,3034.0,8162.0
2023-07-01,2023-07-31,Kentucky,3595.0,256950.0,32.0,4154.0,12256.0
2023-07-01,2023-07-31,Louisiana,3555.0,242597.0,57.0,4473.0,18547.0
2023-07-01,2023-07-31,Maine,1356.0,380000.0,42.0,1640.0,4702.0
2023-07-01,2023-07-31,Maryland,5700.0,410000.0,24.0,6597.0,15907.0
2023-07-01,2023-07-31,Massachusetts,5054.0,620000.0,22.0,5836.0,12701.0
2023-07-01,2023-07-31,Michigan,9867.0,256800.0,25.0,11409.0,29647.0
2023-07-01,2023-07-31,Minnesota,5598.0,340100.0,26.0,6523.0,20469.0
2023-07-01,2023-07-31,Mississippi,1835.0,250000.0,40.0,2357.0,8102.0
2023-07-01,2023-07-31,Missouri,6371.0,260000.0,22.0,7244.0,19253.0
2023-07-01,2023-07-31,Montana,950.0,495000.0,62.0,1329.0,5326.0
2023-07-01,2023-07-31,Nebraska,1695.0,290000.0,19.0,1963.0,5347.0
2023-07-01,2023-07-31,Nevada,3583.0,432000.0,46.0,3749.0,11848.0
2023-07-01,2023-07-31,New Hampshire,1337.0,460000.0,32.0,1518.0,3949.0
2023-07-01,2023-07-31,New Jersey,7179.0,480280.0,33.0,8211.0,23748.0
2023-07-01,2023-07-31,New Mexico,1708.0,325000.0,31.0,1932.0,6350.0
2023-07-01,2023-07-31,New York,10692.0,450000.0,33.0,12992.0,43924.0
2023-07-01,2023-07-31,North Carolina,11846.0,366000.0,39.0,13025.0,40275.0
2023-07-01,2023-07-31,North Dakota,578.0,285000.0,69.0,776.0,3069.0
2023-07-01,2023-07-31,Ohio,10549.0,239900.0,30.0,11525.0,29290.0
2023-07-01,2023-07-31,Oklahoma,3841.0,247500.0,20.0,4548.0,14356.0
2023-07-01,2023-07-31,Oregon,3863.0,500000.0,28.0,4558.0,14133.0
2023-07-01,2023-07-31,Pennsylvania,10040.0,282658.0,30.0,11694.0,33487.0
2023-07-01,2023-07-31,Rhode Island,844.0,440000.0,21.0,976.0,2181.0
2023-07-01,2023-07-31,South Carolina,6982.0,337000.0,56.0,8282.0,29406.0
2023-07-01,2023-07-31,South Dakota,761.0,320000.0,55.0,888.0,3335.0
2023-07-01,2023-07-31,Tennessee,7757.0,360000.0,52.0,9000.0,32525.0
2023-07-01,2023-07-31,Texas,27287.0,347500.0,42.0,35664.0,121192.0
2023-07-01,2023-07-31,Utah,2939.0,495000.0,38.0,3756.0,12316.0
2023-07-01,2023-07-31,Vermont,589.0,400000.0,49.0,590.0,2020.0
2023-07-01,2023-07-31,Virginia,8333.0,399925.0,23.0,9405.0,23215.0
2023-07-01,2023-07-31,Washington,7092.0,585000.0,18.0,7904.0,19116.0
2023-07-01,2023-07-31,West Virginia,1070.0,235000.0,62.0,1227.0,4399.0
2023-07-01,2023-07-31,Wisconsin,5269.0,300000.0,46.0,5968.0,17978.0
2023-07-01,2023-07-31,Wyoming,587.0,325000.0,67.0,745.0,2865.0
2023-06-01,2023-06-30,Alabama,5091.0,286600.0,45.0,5994.0,20988.0
2023-06-01,2023-06-30,Alaska,680.0,382500.0,26.0,801.0,2138.0
2023-06-01,2023-06-30,Arizona,7910.0,435000.0,49.0,9136.0,30233.0
2023-06-01,2023-06-30,Arkansas,3064.0,252900.0,39.0,3557.0,11770.0
2023-06-01,2023-06-30,California,22222.0,725000.0,28.0,24760.0,69811.0
2023-06-01,2023-06-30,Colorado,7110.0,550000.0,33.0,8358.0,23998.0
2023-06-01,2023-06-30,District of Columbia,596.0,614999.0,50.0,805.0,2856.0
2023-06-01,2023-06-30,Connecticut,3137.0,385000.0,36.0,3371.0,9517.0
2023-06-01,2023-06-30,Delaware,1049.0,370493.0,32.0,1182.0,3695.0
2023-06-01,2023-06-30,Florida,32087.0,392500.0,47.0,40696.0,142709.0
2023-06-01,2023-06-30,Georgia,11247.0,360000.0,37.0,15535.0,48472.0
2023-06-01,2023-06-30,Hawaii,1066.0,710775.0,68.0,1232.0,5513.0
2023-06-01,2023-06-30,Idaho,2233.0,450000.0,37.0,2504.0,9130.0
2023-06-01,2023-06-30,Illinois,11412.0,290000.0,50.0,12721.0,40976.0
2023-06-01,2023-06-30,Indiana,6699.0,255000.0,20.0,7265.0,18796.0
2023-06-01,2023-06-30,Iowa,3052.0,235000.0,26.0,3458.0,10180.0
2023-06-01,2023-06-30,Kansas,2822.0,265000.0,23.0,3048.0,8181.0
2023-06-01,2023-06-30,Kentucky,3619.0,255000.0,32.0,4207.0,12245.0
2023-06-01,2023-06-30,Louisiana,3550.0,247500.0,59.0,4396.0,18370.0
2023-06-01,2023-06-30,Maine,1320.0,385000.0,42.0,1485.0,4729.0
2023-06-01,2023-06-30,Maryland,5630.0,412650.0,27.0,6233.0,16077.0
2023-06-01,2023-06-30,Massachusetts,5057.0,620000.0,22.0,5444.0,12727.0
2023-06-01,2023-06-30,Michigan,10044.0,257500.0,25.0,11366.0,30198.0
2023-06-01,2023-06-30,Minnesota,5657.0,350000.0,27.0,6495.0,20622.0
2023-06-01,2023-06-30,Mississippi,1824.0,257900.0,37.0,2349.0,8054.0
2023-06-01,2023-06-30,Missouri,6299.0,264000.0,21.0,7038.0,18785.0
2023-06-01,2023-06-30,Montana,936.0,499900.0,66.0,1292.0,5330.0
2023-06-01,2023-06-30,Nebraska,1724.0,295000.0,20.0,1961.0,5271.0
2023-06-01,2023-06-30,Nevada,3438.0,427995.0,49.0,3821.0,12326.0
2023-06-01,2023-06-30,New Hampshire,1404.0,475000.0,32.0,1520.0,4064.0
2023-06-01,2023-06-30,New Jersey,7390.0,477500.0,42.0,8138.0,25391.0
2023-06-01,2023-06-30,New Mexico,1741.0,334000.0,32.0,1952.0,6354.0
2023-06-01,2023-06-30,New York,11090.0,460000.0,34.0,12600.0,44520.0
2023-06-01,2023-06-30,North Carolina,11975.0,365000.0,39.0,12460.0,40225.0
2023-06-01,2023-06-30,North Dakota,644.0,285000.0,75.0,722.0,2986.0
2023-06-01,2023-06-30,Ohio,10622.0,240500.0,30.0,11629.0,29879.0
2023-06-01,2023-06-30,Oklahoma,3876.0,247925.0,20.0,4478.0,14340.0
2023-06-01,2023-06-30,Oregon,3781.0,505000.0,29.0,4677.0,14230.0
2023-06-01,2023-06-30,Pennsylvania,10126.0,287000.0,32.0,11624.0,33789.0
2023-06-01,2023-06-30,Rhode Island,898.0,440000.0,24.0,955.0,2256.0
2023-06-01,2023-06-30,South Carolina,7060.0,341206.0,54.0,8046.0,29458.0
2023-06-01,2023-06-30,South Dakota,742.0,327000.0,54.0,903.0,3282.0
2023-06-01,2023-06-30,Tennessee,7917.0,360000.0,51.0,9162.0,32334.0
2023-06-01,2023-06-30,Texas,27319.0,350000.0,42.0,35109.0,120404.0
2023-06-01,2023-06-30,Utah,2897.0,500000.0,39.0,3776.0,12199.0
2023-06-01,2023-06-30,Vermont,590.0,387500.0,43.0,635.0,2142.0
2023-06-01,2023-06-30,Virginia,8429.0,410000.0,23.0,9108.0,23155.0
2023-06-01,2023-06-30,Washington,6872.0,587000.0,14.0,7803.0,19192.0
2023-06-01,2023-06-30,West Virginia,1077.0,230000.0,58.0,1227.0,4420.0
2023-06-01,2023-06-30,Wisconsin,5215.0,305000.0,46.0,5859.0,17813.0
2023-06-01,2023-06-30,Wyoming,600.0,355900.0,67.0,684.0,2826.0
2023-05-01,2023-05-31,Alabama,5060.0,284000.0,46.0,5951.0,21087.0
2023-05-01,2023-05-31,Alaska,651.0,386375.0,30.0,698.0,2139.0
2023-05-01,2023-05-31,Arizona,8026.0,430000.0,53.0,9206.0,31387.0
2023-05-01,2023-05-31,Arkansas,3025.0,250000.0,38.0,3707.0,11897.0
2023-05-01,2023-05-31,California,22659.0,710000.0,33.0,24696.0,71050.0
2023-05-01,2023-05-31,Colorado,7195.0,542000.0,33.0,8258.0,24326.0
2023-05-01,2023-05-31,District of Columbia,623.0,675000.0,52.0,749.0,2870.0
2023-05-01,2023-05-31,Connecticut,3146.0,360000.0,37.0,3341.0,9729.0
2023-05-01,2023-05-31,Delaware,1118.0,360000.0,36.0,1170.0,3696.0
2023-05-01,2023-05-31,Florida,32508.0,390000.0,47.0,40526.0,143080.0
2023-05-01,2023-05-31,Georgia,11334.0,355000.0,40.0,15892.0,49078.0
2023-05-01,2023-05-31,Hawaii,1027.0,715000.0,70.0,1230.0,5563.0
2023-05-01,2023-05-31,Idaho,2083.0,450000.0,45.0,2593.0,9296.0
2023-05-01,2023-05-31,Illinois,11227.0,275000.0,50.0,12645.0,41578.0
2023-05-01,2023-05-31,Indiana,6683.0,255000.0,21.0,7224.0,18998.0
2023-05-01,2023-05-31,Iowa,3008.0,225000.0,26.0,3459.0,10139.0
2023-05-01,2023-05-31,Kansas,2765.0,259950.0,23.0,3010.0,8193.0
2023-05-01,2023-05-31,Kentucky,3620.0,250000.0,33.0,4130.0,12183.0
2023-05-01,2023-05-31,Louisiana,3442.0,245000.0,56.0,4423.0,18127.0
2023-05-01,2023-05-31,Maine,1367.0,375000.0,43.0,1528.0,4974.0
2023-05-01,2023-05-31,Maryland,5779.0,409128.0,28.0,6118.0,16405.0
2023-05-01,2023-05-31,Massachusetts,5069.0,597500.0,23.0,5856.0,13804.0
2023-05-01,2023-05-31,Michigan,9940.0,250000.0,26.0,11403.0,31163.0
2023-05-01,2023-05-31,Minnesota,5374.0,340000.0,28.0,6420.0,19038.0
2023-05-01,2023-05-31,Mississippi,1827.0,253720.0,39.0,2317.0,8017.0
2023-05-01,2023-05-31,Missouri,6312.0,255000.0,23.0,7020.0,19111.0
2023-05-01,2023-05-31,Montana,1003.0,479000.0,67.0,1252.0,5401.0
2023-05-01,2023-05-31,Nebraska,1689.0,285500.0,19.0,1930.0,5191.0
2023-05-01,2023-05-31,Nevada,3487.0,422000.0,52.0,3715.0,12886.0
2023-05-01,2023-05-31,New Hampshire,1328.0,450000.0,31.0,1521.0,4098.0
2023-05-01,2023-05-31,New Jersey,7224.0,458700.0,43.0,7926.0,26015.0
2023-05-01,2023-05-31,New Mexico,1640.0,328995.0,36.0,1918.0,6364.0
2023-05-01,2023-05-31,New York,11265.0,440000.0,36.0,12836.0,46264.0
2023-05-01,2023-05-31,North Carolina,12002.0,362000.0,39.0,12569.0,41011.0
2023-05-01,2023-05-31,North Dakota,563.0,277250.0,71.0,720.0,2852.0
2023-05-01,2023-05-31,Ohio,10456.0,233000.0,30.0,11672.0,30631.0
2023-05-01,2023-05-31,Oklahoma,3964.0,245000.0,22.0,4506.0,14506.0
2023-05-01,2023-05-31,Oregon,3683.0,500000.0,34.0,4553.0,14077.0
2023-05-01,2023-05-31,Pennsylvania,10291.0,270000.0,33.0,11757.0,34940.0
2023-05-01,2023-05-31,Rhode Island,904.0,425188.0,26.0,1000.0,2435.0
2023-05-01,2023-05-31,South Carolina,7060.0,339500.0,57.0,8085.0,29728.0
2023-05-01,2023-05-31,South Dakota,702.0,310000.0,54.0,889.0,3173.0
2023-05-01,2023-05-31,Tennessee,8054.0,350500.0,52.0,9027.0,33093.0
2023-05-01,2023-05-31,Texas,27577.0,347500.0,45.0,35405.0,119984.0
2023-05-01,2023-05-31,Utah,3005.0,495000.0,41.0,3687.0,12248.0
2023-05-01,2023-05-31,Vermont,572.0,377000.0,38.0,653.0,2158.0
2023-05-01,2023-05-31,Virginia,8462.0,407000.0,25.0,8807.0,23525.0
2023-05-01,2023-05-31,Washington,6847.0,583000.0,16.0,7691.0,19558.0
2023-05-01,2023-05-31,West Virginia,1016.0,219900.0,61.0,1220.0,4405.0
2023-05-01,2023-05-31,Wisconsin,5208.0,292600.0,47.0,5651.0,17684.0
2023-05-01,2023-05-31,Wyoming,571.0,325000.0,66.0,706.0,2788.0
2023-04-01,2023-04-30,Alabama,5073.0,274900.0,47.0,5813.0,21284.0
2023-04-01,2023-04-30,Alaska,625.0,359900.0,29.0,698.0,2251.0
2023-04-01,2023-04-30,Arizona,7826.0,420000.0,56.0,9302.0,32778.0
2023-04-01,2023-04-30,Arkansas,3029.0,235000.0,39.0,3532.0,12173.0
2023-04-01,2023-04-30,California,21303.0,699000.0,36.0,24795.0,74187.0
2023-04-01,2023-04-30,Colorado,7451.0,535000.0,36.0,8146.0,25178.0
2023-04-01,2023-04-30,District of Columbia,610.0,681250.0,51.0,753.0,2915.0
2023-04-01,2023-04-30,Connecticut,3226.0,350000.0,40.0,3330.0,9946.0
2023-04-01,2023-04-30,Delaware,1107.0,363000.0,35.0,1158.0,3733.0
2023-04-01,2023-04-30,Florida,32754.0,384075.0,49.0,40517.0,144870.0
2023-04-01,2023-04-30,Georgia,11326.0,347000.0,42.0,15314.0,50278.0
2023-04-01,2023-04-30,Hawaii,1045.0,695000.0,73.0,1251.0,5581.0
2023-04-01,2023-04-30,Idaho,3203.0,402136.0,51.0,2324.0,9476.0
2023-04-01,2023-04-30,Illinois,11503.0,270000.0,49.0,12511.0,42703.0
2023-04-01,2023-04-30,Indiana,6753.0,242504.0,23.0,7137.0,19077.0
2023-04-01,2023-04-30,Iowa,3039.0,215000.0,28.0,3319.0,10131.0
2023-04-01,2023-04-30,Kansas,2696.0,239900.0,23.0,3039.0,8487.0
2023-04-01,2023-04-30,Kentucky,3648.0,243000.0,33.0,4103.0,12483.0
2023-04-01,2023-04-30,Louisiana,3595.0,239500.0,53.0,4310.0,17950.0
2023-04-01,2023-04-30,Maine,1426.0,377000.0,39.0,1485.0,5299.0
2023-04-01,2023-04-30,Maryland,5829.0,392475.0,32.0,5971.0,16819.0
2023-04-01,2023-04-30,Massachusetts,5192.0,569000.0,23.0,5439.0,14571.0
2023-04-01,2023-04-30,Michigan,9955.0,237249.0,28.0,11431.0,32131.0
2023-04-01,2023-04-30,Minnesota,5468.0,337000.0,29.0,5954.0,15826.0
2023-04-01,2023-04-30,Mississippi,1856.0,245000.0,43.0,2154.0,8060.0
2023-04-01,2023-04-30,Missouri,6407.0,245000.0,25.0,6904.0,19588.0
2023-04-01,2023-04-30,Montana,939.0,469000.0,63.0,1128.0,5485.0
2023-04-01,2023-04-30,Nebraska,1667.0,275000.0,20.0,1784.0,5167.0
2023-04-01,2023-04-30,Nevada,3363.0,411308.0,57.0,3652.0,13830.0
2023-04-01,2023-04-30,New Hampshire,1379.0,429278.0,33.0,1508.0,4160.0
2023-04-01,2023-04-30,New Jersey,7620.0,430000.0,45.0,7675.0,26950.0
2023-04-01,2023-04-30,New Mexico,1651.0,321900.0,34.0,1722.0,6327.0
2023-04-01,2023-04-30,New York,10994.0,425000.0,40.0,12829.0,48257.0
2023-04-01,2023-04-30,North Carolina,12278.0,353000.0,40.0,12625.0,41849.0
2023-04-01,2023-04-30,North Dakota,588.0,269500.0,75.0,613.0,2748.0
2023-04-01,2023-04-30,Ohio,10713.0,220000.0,34.0,11482.0,31911.0
2023-04-01,2023-04-30,Oklahoma,3833.0,232000.0,28.0,4504.0,14814.0
2023-04-01,2023-04-30,Oregon,3740.0,490000.0,36.0,4283.0,14378.0
2023-04-01,2023-04-30,Pennsylvania,10597.0,257000.0,33.0,11840.0,36480.0
2023-04-01,2023-04-30,Rhode Island,941.0,414000.0,30.0,972.0,2577.0
2023-04-01,2023-04-30,South Carolina,7075.0,329000.0,59.0,8007.0,30106.0
2023-04-01,2023-04-30,South Dakota,616.0,317250.0,53.0,879.0,3047.0
2023-04-01,2023-04-30,Tennessee,7975.0,340000.0,53.0,8900.0,33046.0
2023-04-01,2023-04-30,Texas,27556.0,339900.0,46.0,34637.0,120908.0
2023-04-01,2023-04-30,Utah,3014.0,481250.0,45.0,3579.0,12644.0
2023-04-01,2023-04-30,Vermont,640.0,370000.0,48.0,633.0,2121.0
2023-04-01,2023-04-30,Virginia,8516.0,390000.0,27.0,8836.0,24065.0
2023-04-01,2023-04-30,Washington,6931.0,570000.0,20.0,7386.0,20672.0
2023-04-01,2023-04-30,West Virginia,1118.0,225000.0,60.0,1217.0,4433.0
2023-04-01,2023-04-30,Wisconsin,5189.0,282250.0,47.0,5464.0,17599.0
2023-04-01,2023-04-30,Wyoming,524.0,310400.0,64.0,631.0,2629.0
2023-03-01,2023-03-31,Alabama,5127.0,274850.0,46.0,5775.0,21486.0
2023-03-01,2023-03-31,Alaska,645.0,349900.0,30.0,756.0,2316.0
2023-03-01,2023-03-31,Arizona,7944.0,411000.0,59.0,9133.0,34044.0
2023-03-01,2023-03-31,Arkansas,3090.0,245000.0,41.0,3511.0,12480.0
2023-03-01,2023-03-31,California,22120.0,685000.0,40.0,23980.0,77382.0
2023-03-01,2023-03-31,Colorado,7546.0,527000.0,37.0,8262.0,26036.0
2023-03-01,2023-03-31,District of Columbia,597.0,640000.0,48.0,838.0,2950.0
2023-03-01,2023-03-31,Connecticut,3318.0,329000.0,40.0,3387.0,10403.0
2023-03-01,2023-03-31,Delaware,1191.0,349990.0,31.0,1149.0,3760.0
2023-03-01,2023-03-31,Florida,32465.0,380000.0,48.0,40015.0,146027.0
2023-03-01,2023-03-31,Georgia,11395.0,339000.0,43.0,15962.0,51716.0
2023-03-01,2023-03-31,Hawaii,1046.0,740000.0,74.0,1131.0,5579.0
2023-03-01,2023-03-31,Idaho,2266.0,429900.0,62.0,2335.0,9883.0
2023-03-01,2023-03-31,Illinois,11913.0,255000.0,49.0,12758.0,44261.0
2023-03-01,2023-03-31,Indiana,6938.0,233836.0,25.0,7195.0,19844.0
2023-03-01,2023-03-31,Iowa,3122.0,211250.0,36.0,3319.0,10368.0
2023-03-01,2023-03-31,Kansas,2731.0,230000.0,24.0,2897.0,8504.0
2023-03-01,2023-03-31,Kentucky,3764.0,232500.0,33.0,4012.0,12855.0
2023-03-01,2023-03-31,Louisiana,3510.0,239000.0,50.0,4428.0,18054.0
2023-03-01,2023-03-31,Maine,1376.0,339500.0,37.0,1565.0,5433.0
2023-03-01,2023-03-31,Maryland,6003.0,375000.0,31.0,6172.0,17666.0
2023-03-01,2023-03-31,Massachusetts,5276.0,550000.0,24.0,5903.0,15377.0
2023-03-01,2023-03-31,Michigan,10329.0,229900.0,29.0,11456.0,32970.0
2023-03-01,2023-03-31,Minnesota,5571.0,320000.0,30.0,5880.0,14590.0
2023-03-01,2023-03-31,Mississippi,1847.0,240763.0,43.0,2325.0,8404.0
2023-03-01,2023-03-31,Missouri,6408.0,238424.0,26.0,7006.0,20441.0
2023-03-01,2023-03-31,Montana,946.0,450000.0,64.0,1090.0,5595.0
2023-03-01,2023-03-31,Nebraska,1757.0,271000.0,24.0,1832.0,5370.0
2023-03-01,2023-03-31,Nevada,3429.0,410000.0,64.0,3392.0,14579.0
2023-03-01,2023-03-31,New Hampshire,1347.0,420000.0,32.0,1510.0,4311.0
2023-03-01,2023-03-31,New Jersey,7750.0,425000.0,45.0,8039.0,28427.0
2023-03-01,2023-03-31,New Mexico,1666.0,315000.0,38.0,1828.0,6565.0
2023-03-01,2023-03-31,New York,10527.0,408173.0,42.0,12874.0,50787.0
2023-03-01,2023-03-31,North Carolina,12381.0,349900.0,40.0,12997.0,43012.0
2023-03-01,2023-03-31,North Dakota,615.0,255000.0,71.0,583.0,2770.0
2023-03-01,2023-03-31,Ohio,11172.0,208750.0,34.0,11693.0,33304.0
2023-03-01,2023-03-31,Oklahoma,3853.0,235000.0,35.0,4553.0,15039.0
2023-03-01,2023-03-31,Oregon,3826.0,480000.0,36.0,4275.0,14921.0
2023-03-01,2023-03-31,Pennsylvania,10881.0,250000.0,33.0,11836.0,37674.0
2023-03-01,2023-03-31,Rhode Island,930.0,400000.0,31.0,977.0,2737.0
2023-03-01,2023-03-31,South Carolina,7115.0,323000.0,60.0,8139.0,30766.0
2023-03-01,2023-03-31,South Dakota,644.0,295000.0,55.0,783.0,2917.0
2023-03-01,2023-03-31,Tennessee,8317.0,340000.0,53.0,9006.0,34319.0
2023-03-01,2023-03-31,Texas,27545.0,334900.0,47.0,35154.0,123826.0
2023-03-01,2023-03-31,Utah,3185.0,487000.0,47.0,3478.0,13216.0
2023-03-01,2023-03-31,Vermont,577.0,345000.0,39.0,601.0,2228.0
2023-03-01,2023-03-31,Virginia,8614.0,370000.0,27.0,8895.0,24856.0
2023-03-01,2023-03-31,Washington,7193.0,560000.0,25.0,7825.0,21807.0
2023-03-01,2023-03-31,West Virginia,1147.0,200000.0,56.0,1142.0,4491.0
2023-03-01,2023-03-31,Wisconsin,5215.0,275000.0,47.0,5468.0,17826.0
2023-03-01,2023-03-31,Wyoming,554.0,320000.0,57.0,573.0,2590.0
2023-02-01,2023-02-28,Alabama,5297.0,262000.0,46.0,5611.0,21515.0
2023-02-01,2023-02-28,Alaska,627.0,355000.0,26.0,746.0,2267.0
2023-02-01,2023-02-28,Arizona,8002.0,405000.0,65.0,9476.0,35682.0
2023-02-01,2023-02-28,Arkansas,3184.0,232500.0,38.0,3597.0,12774.0
2023-02-01,2023-02-28,California,22005.0,653000.0,43.0,26189.0,84068.0
2023-02-01,2023-02-28,Colorado,7548.0,516000.0,41.0,8122.0,27088.0
2023-02-01,2023-02-28,District of Columbia,633.0,614500.0,57.0,777.0,2949.0
2023-02-01,2023-02-28,Connecticut,3355.0,311000.0,40.0,3766.0,10848.0
2023-02-01,2023-02-28,Delaware,1289.0,350000.0,33.0,1303.0,3868.0
2023-02-01,2023-02-28,Florida,32152.0,370000.0,47.0,39607.0,147502.0
2023-02-01,2023-02-28,Georgia,11730.0,330000.0,43.0,15660.0,53350.0
2023-02-01,2023-02-28,Hawaii,1046.0,680000.0,69.0,1142.0,5664.0
2023-02-01,2023-02-28,Idaho,2411.0,429900.0,60.0,2441.0,10554.0
2023-02-01,2023-02-28,Illinois,11944.0,239900.0,50.0,12958.0,45960.0
2023-02-01,2023-02-28,Indiana,6964.0,229900.0,27.0,7796.0,20395.0
2023-02-01,2023-02-28,Iowa,3117.0,196000.0,36.0,3279.0,10535.0
2023-02-01,2023-02-28,Kansas,2849.0,225600.0,25.0,3106.0,8849.0
2023-02-01,2023-02-28,Kentucky,3792.0,230000.0,33.0,4485.0,13551.0
2023-02-01,2023-02-28,Louisiana,3542.0,235000.0,50.0,4171.0,17864.0
2023-02-01,2023-02-28,Maine,1506.0,330000.0,36.0,1523.0,5516.0
2023-02-01,2023-02-28,Maryland,6155.0,372000.0,30.0,6416.0,18032.0
2023-02-01,2023-02-28,Massachusetts,5397.0,506000.0,24.0,6076.0,16210.0
2023-02-01,2023-02-28,Michigan,10484.0,217000.0,28.0,11617.0,34498.0
2023-02-01,2023-02-28,Minnesota,5706.0,315000.0,30.0,5830.0,12862.0
2023-02-01,2023-02-28,Mississippi,1846.0,240675.0,39.0,2155.0,8103.0
2023-02-01,2023-02-28,Missouri,6682.0,226500.0,27.0,7232.0,21250.0
2023-02-01,2023-02-28,Montana,1038.0,469900.0,66.0,1117.0,5774.0
2023-02-01,2023-02-28,Nebraska,1715.0,260000.0,22.0,1812.0,5476.0
2023-02-01,2023-02-28,Nevada,3343.0,403500.0,69.0,3480.0,15856.0
2023-02-01,2023-02-28,New Hampshire,1393.0,399933.0,33.0,1557.0,4472.0
2023-02-01,2023-02-28,New Jersey,7598.0,405000.0,48.0,8650.0,29631.0
2023-02-01,2023-02-28,New Mexico,1676.0,307000.0,39.0,1840.0,6643.0
2023-02-01,2023-02-28,New York,10329.0,409950.0,40.0,13654.0,53078.0
2023-02-01,2023-02-28,North Carolina,12513.0,338315.0,41.0,13237.0,44094.0
2023-02-01,2023-02-28,North Dakota,664.0,250000.0,74.0,689.0,2936.0
2023-02-01,2023-02-28,Ohio,11112.0,199900.0,35.0,12626.0,35015.0
2023-02-01,2023-02-28,Oklahoma,4106.0,222356.0,40.0,4492.0,15121.0
2023-02-01,2023-02-28,Oregon,3996.0,471400.0,36.0,4387.0,15662.0
2023-02-01,2023-02-28,Pennsylvania,10894.0,235000.0,35.0,12154.0,39180.0
2023-02-01,2023-02-28,Rhode Island,879.0,390000.0,28.0,1110.0,3006.0
2023-02-01,2023-02-28,South Carolina,7145.0,312225.0,64.0,7897.0,30975.0
2023-02-01,2023-02-28,South Dakota,708.0,297875.0,55.0,744.0,2927.0
2023-02-01,2023-02-28,Tennessee,8325.0,330000.0,52.0,8883.0,34150.0
2023-02-01,2023-02-28,Texas,27839.0,329900.0,46.0,34892.0,127136.0
2023-02-01,2023-02-28,Utah,3267.0,467500.0,50.0,3847.0,14199.0
2023-02-01,2023-02-28,Vermont,567.0,315000.0,42.0,667.0,2225.0
2023-02-01,2023-02-28,Virginia,8922.0,366000.0,28.0,9249.0,25554.0
2023-02-01,2023-02-28,Washington,7216.0,550000.0,29.0,7726.0,23184.0
2023-02-01,2023-02-28,West Virginia,1127.0,199000.0,60.0,1249.0,4573.0
2023-02-01,2023-02-28,Wisconsin,5335.0,260000.0,47.0,5570.0,18094.0
2023-02-01,2023-02-28,Wyoming,613.0,309000.0,66.0,603.0,2614.0
2023-01-01,2023-01-31,Alabama,5188.0,253000.0,45.0,6019.0,22195.0
2023-01-01,2023-01-31,Alaska,594.0,355000.0,27.0,750.0,2268.0
2023-01-01,2023-01-31,Arizona,7828.0,400000.0,60.0,9487.0,36976.0
2023-01-01,2023-01-31,Arkansas,3004.0,222000.0,41.0,3795.0,12774.0
2023-01-01,2023-01-31,California,21185.0,645000.0,39.0,26274.0,88764.0
2023-01-01,2023-01-31,Colorado,7182.0,499900.0,37.0,8127.0,28242.0
2023-01-01,2023-01-31,District of Columbia,531.0,555000.0,45.0,813.0,3009.0
2023-01-01,2023-01-31,Connecticut,3366.0,310000.0,40.0,3829.0,10979.0
2023-01-01,2023-01-31,Delaware,1133.0,338500.0,33.0,1330.0,3905.0
2023-01-01,2023-01-31,Florida,30643.0,365550.0,45.0,39433.0,148891.0
2023-01-01,2023-01-31,Georgia,11436.0,318000.0,42.0,16313.0,54777.0
2023-01-01,2023-01-31,Hawaii,941.0,685000.0,66.0,1152.0,5681.0
2023-01-01,2023-01-31,Idaho,2151.0,425000.0,50.0,2529.0,11178.0
2023-01-01,2023-01-31,Illinois,11488.0,233000.0,53.0,13617.0,47507.0
2023-01-01,2023-01-31,Indiana,6971.0,215000.0,26.0,7726.0,20830.0
2023-01-01,2023-01-31,Iowa,3109.0,195000.0,37.0,3357.0,11099.0
2023-01-01,2023-01-31,Kansas,2746.0,222000.0,25.0,3217.0,8977.0
2023-01-01,2023-01-31,Kentucky,3796.0,222250.0,34.0,4577.0,13609.0
2023-01-01,2023-01-31,Louisiana,3394.0,229500.0,56.0,4428.0,17801.0
2023-01-01,2023-01-31,Maine,1456.0,330000.0,38.0,1553.0,5575.0
2023-01-01,2023-01-31,Maryland,5704.0,355000.0,30.0,6697.0,18654.0
2023-01-01,2023-01-31,Massachusetts,5408.0,512000.0,24.0,6165.0,16585.0
2023-01-01,2023-01-31,Michigan,10280.0,202000.0,29.0,11671.0,35290.0
2023-01-01,2023-01-31,Minnesota,5556.0,304450.0,29.0,6050.0,13133.0
2023-01-01,2023-01-31,Mississippi,1831.0,225000.0,37.0,2190.0,8025.0
2023-01-01,2023-01-31,Missouri,6561.0,222900.0,26.0,7319.0,21749.0
2023-01-01,2023-01-31,Montana,951.0,472400.0,66.0,1227.0,5904.0
2023-01-01,2023-01-31,Nebraska,1657.0,260000.0,25.0,1855.0,5537.0
2023-01-01,2023-01-31,Nevada,3009.0,400000.0,62.0,3452.0,16807.0
2023-01-01,2023-01-31,New Hampshire,1343.0,399933.0,32.0,1584.0,4564.0
2023-01-01,2023-01-31,New Jersey,7566.0,419000.0,48.0,8711.0,30093.0
2023-01-01,2023-01-31,New Mexico,1637.0,299900.0,40.0,1880.0,6892.0
2023-01-01,2023-01-31,New York,10525.0,410000.0,41.0,13474.0,53276.0
2023-01-01,2023-01-31,North Carolina,12464.0,332378.0,39.0,13767.0,44823.0
2023-01-01,2023-01-31,North Dakota,616.0,229900.0,71.0,679.0,2860.0
2023-01-01,2023-01-31,Ohio,11003.0,193000.0,37.0,12355.0,35823.0
2023-01-01,2023-01-31,Oklahoma,3826.0,220000.0,39.0,4501.0,15324.0
2023-01-01,2023-01-31,Oregon,3637.0,455000.0,34.0,4360.0,16210.0
2023-01-01,2023-01-31,Pennsylvania,10624.0,239900.0,35.0,12325.0,39600.0
2023-01-01,2023-01-31,Rhode Island,916.0,392000.0,28.0,1034.0,2963.0
2023-01-01,2023-01-31,South Carolina,7085.0,318900.0,60.0,8179.0,31342.0
2023-01-01,2023-01-31,South Dakota,742.0,287000.0,54.0,809.0,3033.0
2023-01-01,2023-01-31,Tennessee,8075.0,325000.0,53.0,9154.0,35429.0
2023-01-01,2023-01-31,Texas,26383.0,320000.0,44.0,35947.0,129860.0
2023-01-01,2023-01-31,Utah,2882.0,459000.0,50.0,3779.0,14771.0
2023-01-01,2023-01-31,Vermont,618.0,325000.0,42.0,642.0,2248.0
2023-01-01,2023-01-31,Virginia,8739.0,350000.0,28.0,9637.0,26412.0
2023-01-01,2023-01-31,Washington,6954.0,527500.0,25.0,7830.0,24408.0
2023-01-01,2023-01-31,West Virginia,1069.0,199000.0,60.0,1238.0,4552.0
2023-01-01,2023-01-31,Wisconsin,5343.0,247000.0,48.0,5603.0,18313.0
2023-01-01,2023-01-31,Wyoming,595.0,310000.0,66.0,639.0,2582.0
2022-12-01,2022-12-31,Alabama,5082.0,269900.0,45.0,5870.0,21515.0
2022-12-01,2022-12-31,Alaska,641.0,330000.0,27.0,729.0,2270.0
2022-12-01,2022-12-31,Arizona,7952.0,407495.0,58.0,9262.0,37796.0
2022-12-01,2022-12-31,Arkansas,3054.0,234900.0,40.0,3460.0,12485.0
2022-12-01,2022-12-31,California,21245.0,650000.0,37.0,28306.0,92470.0
2022-12-01,2022-12-31,Colorado,6709.0,514000.0,36.0,8378.0,28287.0
2022-12-01,2022-12-31,District of Columbia,493.0,630000.0,44.0,707.0,2995.0
2022-12-01,2022-12-31,Connecticut,3389.0,320000.0,41.0,3632.0,11007.0
2022-12-01,2022-12-31,Delaware,1058.0,346500.0,32.0,1288.0,3903.0
2022-12-01,2022-12-31,Florida,29159.0,370000.0,44.0,39390.0,148254.0
2022-12-01,2022-12-31,Georgia,11717.0,325000.0,38.0,16144.0,55133.0
2022-12-01,2022-12-31,Hawaii,934.0,711850.0,65.0,1214.0,5710.0
2022-12-01,2022-12-31,Idaho,1993.0,445000.0,52.0,2417.0,11206.0
2022-12-01,2022-12-31,Illinois,11410.0,235000.0,53.0,13164.0,48166.0
2022-12-01,2022-12-31,Indiana,7062.0,225000.0,24.0,7812.0,20618.0
2022-12-01,2022-12-31,Iowa,3103.0,190000.0,36.0,3241.0,10800.0
2022-12-01,2022-12-31,Kansas,2623.0,237000.0,27.0,2928.0,8563.0
2022-12-01,2022-12-31,Kentucky,3744.0,225000.0,33.0,4100.0,12975.0
2022-12-01,2022-12-31,Louisiana,3547.0,235000.0,47.0,3982.0,17180.0
2022-12-01,2022-12-31,Maine,1369.0,334750.0,40.0,1596.0,5550.0
2022-12-01,2022-12-31,Maryland,5614.0,369990.0,30.0,6524.0,18528.0
2022-12-01,2022-12-31,Massachusetts,5569.0,517000.0,23.0,6114.0,16390.0
2022-12-01,2022-12-31,Michigan,10362.0,212000.0,28.0,11733.0,34816.0
2022-12-01,2022-12-31,Minnesota,5730.0,305000.0,29.0,6132.0,14322.0
2022-12-01,2022-12-31,Mississippi,1845.0,232250.0,34.0,2186.0,7861.0
2022-12-01,2022-12-31,Missouri,6594.0,229500.0,26.0,7143.0,21286.0
2022-12-01,2022-12-31,Montana,900.0,435000.0,65.0,1246.0,5856.0
2022-12-01,2022-12-31,Nebraska,1571.0,250000.0,27.0,1847.0,5453.0
2022-12-01,2022-12-31,Nevada,2870.0,410000.0,62.0,3633.0,17545.0
2022-12-01,2022-12-31,New Hampshire,1428.0,410000.0,32.0,1617.0,4632.0
2022-12-01,2022-12-31,New Jersey,7493.0,420000.0,47.0,8818.0,30295.0
2022-12-01,2022-12-31,New Mexico,1659.0,309375.0,38.0,2017.0,7043.0
2022-12-01,2022-12-31,New York,10870.0,385000.0,41.0,13790.0,53413.0
2022-12-01,2022-12-31,North Carolina,12628.0,341450.0,38.0,13699.0,44309.0
2022-12-01,2022-12-31,North Dakota,594.0,254000.0,73.0,690.0,2843.0
2022-12-01,2022-12-31,Ohio,11259.0,200000.0,37.0,12351.0,35599.0
2022-12-01,2022-12-31,Oklahoma,3830.0,216000.0,33.0,4469.0,15078.0
2022-12-01,2022-12-31,Oregon,3628.0,465000.0,31.0,4407.0,16201.0
2022-12-01,2022-12-31,Pennsylvania,10228.0,245000.0,35.0,12273.0,39026.0
2022-12-01,2022-12-31,Rhode Island,876.0,392429.0,28.0,1101.0,2945.0
2022-12-01,2022-12-31,South Carolina,7174.0,320000.0,58.0,8046.0,31595.0
2022-12-01,2022-12-31,South Dakota,664.0,295000.0,58.0,906.0,3039.0
2022-12-01,2022-12-31,Tennessee,7720.0,334900.0,50.0,8906.0,34188.0
2022-12-01,2022-12-31,Texas,25925.0,335000.0,41.0,35130.0,128583.0
2022-12-01,2022-12-31,Utah,2651.0,477500.0,46.0,3770.0,15041.0
2022-12-01,2022-12-31,Vermont,579.0,330425.0,44.0,673.0,2296.0
2022-12-01,2022-12-31,Virginia,9016.0,355000.0,27.0,9482.0,26358.0
2022-12-01,2022-12-31,Washington,6821.0,539000.0,23.0,7726.0,24575.0
2022-12-01,2022-12-31,West Virginia,1033.0,199900.0,62.0,1190.0,4513.0
2022-12-01,2022-12-31,Wisconsin,5498.0,250000.0,47.0,5677.0,18477.0
2022-12-01,2022-12-31,Wyoming,525.0,300000.0,61.0,628.0,2516.0
2022-11-01,2022-11-30,Alabama,5334.0,265000.0,45.0,6065.0,21727.0
2022-11-01,2022-11-30,Alaska,728.0,344950.0,28.0,776.0,2289.0
2022-11-01,2022-11-30,Arizona,8004.0,415000.0,55.0,9516.0,38292.0
2022-11-01,2022-11-30,Arkansas,3036.0,230000.0,40.0,3732.0,12322.0
2022-11-01,2022-11-30,California,21694.0,677500.0,37.0,28558.0,92084.0
2022-11-01,2022-11-30,Colorado,6977.0,524450.0,33.0,8705.0,27904.0
2022-11-01,2022-11-30,District of Columbia,570.0,645000.0,52.0,805.0,3016.0
2022-11-01,2022-11-30,Connecticut,3573.0,327750.0,41.0,3740.0,11238.0
2022-11-01,2022-11-30,Delaware,1123.0,355000.0,33.0,1248.0,3861.0
2022-11-01,2022-11-30,Florida,29690.0,375000.0,42.0,38397.0,145914.0
2022-11-01,2022-11-30,Georgia,11985.0,330000.0,37.0,16395.0,55344.0
2022-11-01,2022-11-30,Hawaii,995.0,710000.0,65.0,1327.0,5708.0
2022-11-01,2022-11-30,Idaho,1994.0,450000.0,47.0,2533.0,11297.0
2022-11-01,2022-11-30,Illinois,12063.0,240000.0,54.0,13589.0,48968.0
2022-11-01,2022-11-30,Indiana,7157.0,230000.0,23.0,7645.0,20519.0
2022-11-01,2022-11-30,Iowa,3265.0,190000.0,37.0,3478.0,11184.0
2022-11-01,2022-11-30,Kansas,2746.0,237500.0,27.0,2987.0,8390.0
2022-11-01,2022-11-30,Kentucky,3879.0,230000.0,32.0,4403.0,12856.0
2022-11-01,2022-11-30,Louisiana,3526.0,240000.0,46.0,4190.0,17252.0
2022-11-01,2022-11-30,Maine,1458.0,326500.0,39.0,1707.0,5413.0
2022-11-01,2022-11-30,Maryland,5894.0,372000.0,30.0,6798.0,18604.0
2022-11-01,2022-11-30,Massachusetts,5637.0,539000.0,23.0,6568.0,15869.0
2022-11-01,2022-11-30,Michigan,10516.0,224628.0,28.0,11756.0,34690.0
2022-11-01,2022-11-30,Minnesota,5845.0,310000.0,28.0,6235.0,17521.0
2022-11-01,2022-11-30,Mississippi,1896.0,235000.0,35.0,2224.0,7685.0
2022-11-01,2022-11-30,Missouri,6725.0,235000.0,25.0,7288.0,21062.0
2022-11-01,2022-11-30,Montana,913.0,449000.0,67.0,1306.0,5737.0
2022-11-01,2022-11-30,Nebraska,1658.0,260000.0,26.0,1797.0,5333.0
2022-11-01,2022-11-30,Nevada,3121.0,413000.0,57.0,3608.0,17918.0
2022-11-01,2022-11-30,New Hampshire,1463.0,415000.0,31.0,1620.0,4587.0
2022-11-01,2022-11-30,New Jersey,8049.0,425000.0,48.0,9021.0,30802.0
2022-11-01,2022-11-30,New Mexico,1755.0,305000.0,43.0,2200.0,7308.0
2022-11-01,2022-11-30,New York,11697.0,400000.0,41.0,13976.0,53096.0
2022-11-01,2022-11-30,North Carolina,12825.0,349950.0,38.0,13819.0,44038.0
2022-11-01,2022-11-30,North Dakota,671.0,246000.0,74.0,701.0,2856.0
2022-11-01,2022-11-30,Ohio,11428.0,204900.0,37.0,12460.0,35401.0
2022-11-01,2022-11-30,Oklahoma,3978.0,225000.0,27.0,4496.0,14814.0
2022-11-01,2022-11-30,Oregon,3850.0,485000.0,28.0,4755.0,15927.0
2022-11-01,2022-11-30,Pennsylvania,10858.0,255000.0,35.0,12200.0,38847.0
2022-11-01,2022-11-30,Rhode Island,984.0,400000.0,28.0,1133.0,2813.0
2022-11-01,2022-11-30,South Carolina,7359.0,329934.0,57.0,8290.0,31795.0
2022-11-01,2022-11-30,South Dakota,757.0,295250.0,56.0,862.0,3054.0
2022-11-01,2022-11-30,Tennessee,7851.0,330000.0,49.0,9496.0,35215.0
2022-11-01,2022-11-30,Texas,25991.0,330449.0,38.0,35258.0,126408.0
2022-11-01,2022-11-30,Utah,2628.0,485000.0,43.0,3698.0,14816.0
2022-11-01,2022-11-30,Vermont,632.0,375000.0,44.0,685.0,2347.0
2022-11-01,2022-11-30,Virginia,9157.0,360000.0,27.0,9759.0,26321.0
2022-11-01,2022-11-30,Washington,7244.0,550000.0,22.0,8409.0,24529.0
2022-11-01,2022-11-30,West Virginia,1114.0,207000.0,63.0,1233.0,4597.0
2022-11-01,2022-11-30,Wisconsin,5604.0,259900.0,47.0,5925.0,18715.0
2022-11-01,2022-11-30,Wyoming,571.0,320000.0,63.0,665.0,2535.0
2022-10-01,2022-10-31,Alabama,5628.0,270000.0,44.0,6346.0,21772.0
2022-10-01,2022-10-31,Alaska,793.0,353500.0,35.0,792.0,2318.0
2022-10-01,2022-10-31,Arizona,8421.0,425000.0,52.0,9651.0,39266.0
2022-10-01,2022-10-31,Arkansas,3286.0,230000.0,38.0,3852.0,12273.0
2022-10-01,2022-10-31,California,23749.0,680000.0,36.0,29122.0,92330.0
2022-10-01,2022-10-31,Colorado,7691.0,526500.0,32.0,8901.0,27379.0
2022-10-01,2022-10-31,District of Columbia,652.0,652500.0,40.0,826.0,3005.0
2022-10-01,2022-10-31,Connecticut,3700.0,335000.0,41.0,3792.0,11486.0
2022-10-01,2022-10-31,Delaware,1212.0,347500.0,29.0,1289.0,3871.0
2022-10-01,2022-10-31,Florida,35035.0,378990.0,38.0,37778.0,144919.0
2022-10-01,2022-10-31,Georgia,12549.0,330000.0,36.0,16649.0,55891.0
2022-10-01,2022-10-31,Hawaii,1125.0,735000.0,66.0,1295.0,5692.0
2022-10-01,2022-10-31,Idaho,2167.0,462535.0,46.0,2685.0,11610.0
2022-10-01,2022-10-31,Illinois,12598.0,248000.0,56.0,13979.0,49950.0
2022-10-01,2022-10-31,Indiana,7394.0,235000.0,22.0,7712.0,20692.0
2022-10-01,2022-10-31,Iowa,3391.0,200000.0,39.0,3586.0,11404.0
2022-10-01,2022-10-31,Kansas,3013.0,245500.0,26.0,3036.0,8339.0
2022-10-01,2022-10-31,Kentucky,4070.0,235000.0,33.0,4411.0,12886.0
2022-10-01,2022-10-31,Louisiana,3915.0,240000.0,42.0,4610.0,17297.0
2022-10-01,2022-10-31,Maine,1561.0,335000.0,43.0,1610.0,5400.0
2022-10-01,2022-10-31,Maryland,6320.0,375000.0,30.0,6738.0,18817.0
2022-10-01,2022-10-31,Massachusetts,5909.0,530000.0,23.0,6349.0,15567.0
2022-10-01,2022-10-31,Michigan,10890.0,230000.0,28.0,11859.0,35008.0
2022-10-01,2022-10-31,Minnesota,6123.0,320000.0,28.0,6487.0,20398.0
2022-10-01,2022-10-31,Mississippi,1971.0,239900.0,39.0,2318.0,7611.0
2022-10-01,2022-10-31,Missouri,6980.0,237925.0,24.0,7528.0,20984.0
2022-10-01,2022-10-31,Montana,1069.0,445000.0,68.0,1493.0,5695.0
2022-10-01,2022-10-31,Nebraska,1868.0,262500.0,24.0,1935.0,5330.0
2022-10-01,2022-10-31,Nevada,3324.0,423250.0,55.0,4127.0,18563.0
2022-10-01,2022-10-31,New Hampshire,1589.0,415000.0,32.0,1690.0,4637.0
2022-10-01,2022-10-31,New Jersey,8489.0,425000.0,50.0,9134.0,31258.0
2022-10-01,2022-10-31,New Mexico,2080.0,325000.0,47.0,2191.0,7226.0
2022-10-01,2022-10-31,New York,12149.0,400000.0,40.0,14043.0,52779.0
2022-10-01,2022-10-31,North Carolina,13586.0,346900.0,36.0,13834.0,44303.0
2022-10-01,2022-10-31,North Dakota,672.0,260000.0,71.0,721.0,2861.0
2022-10-01,2022-10-31,Ohio,11954.0,210000.0,37.0,12666.0,35866.0
2022-10-01,2022-10-31,Oklahoma,4409.0,229173.0,24.0,4710.0,14704.0
2022-10-01,2022-10-31,Oregon,4333.0,490000.0,29.0,4975.0,15648.0
2022-10-01,2022-10-31,Pennsylvania,11554.0,255000.0,38.0,12358.0,39919.0
2022-10-01,2022-10-31,Rhode Island,1060.0,400000.0,30.0,1087.0,2781.0
2022-10-01,2022-10-31,South Carolina,7629.0,325000.0,56.0,8444.0,32141.0
2022-10-01,2022-10-31,South Dakota,812.0,299000.0,54.0,879.0,3110.0
2022-10-01,2022-10-31,Tennessee,8641.0,338000.0,48.0,9857.0,34454.0
2022-10-01,2022-10-31,Texas,27953.0,338000.0,36.0,36570.0,124758.0
2022-10-01,2022-10-31,Utah,2734.0,495000.0,40.0,3832.0,14639.0
2022-10-01,2022-10-31,Vermont,665.0,356125.0,46.0,732.0,2396.0
2022-10-01,2022-10-31,Virginia,9587.0,365000.0,26.0,9918.0,26615.0
2022-10-01,2022-10-31,Washington,7822.0,565000.0,21.0,8826.0,24344.0
2022-10-01,2022-10-31,West Virginia,1164.0,211750.0,62.0,1237.0,4621.0
2022-10-01,2022-10-31,Wisconsin,5811.0,260000.0,48.0,6109.0,19042.0
2022-10-01,2022-10-31,Wyoming,635.0,320000.0,58.0,653.0,2590.0
2022-09-01,2022-09-30,Alabama,5874.0,275000.0,44.0,6437.0,21685.0
2022-09-01,2022-09-30,Alaska,767.0,350000.0,37.0,791.0,2398.0
2022-09-01,2022-09-30,Arizona,8844.0,425000.0,47.0,10068.0,40473.0
2022-09-01,2022-09-30,Arkansas,3428.0,240000.0,39.0,3741.0,12228.0
2022-09-01,2022-09-30,California,25805.0,695000.0,35.0,30216.0,94307.0
2022-09-01,2022-09-30,Colorado,8282.0,528300.0,32.0,9326.0,27874.0
2022-09-01,2022-09-30,District of Columbia,651.0,619000.0,42.0,900.0,3052.0
2022-09-01,2022-09-30,Connecticut,3818.0,340000.0,42.0,3876.0,11854.0
2022-09-01,2022-09-30,Delaware,1290.0,355000.0,29.0,1359.0,3970.0
2022-09-01,2022-09-30,Florida,30845.0,375000.0,36.0,37515.0,145302.0
2022-09-01,2022-09-30,Georgia,12842.0,340000.0,35.0,17283.0,55668.0
2022-09-01,2022-09-30,Hawaii,1161.0,705000.0,61.0,1348.0,5764.0
2022-09-01,2022-09-30,Idaho,2138.0,459000.0,43.0,2923.0,11803.0
2022-09-01,2022-09-30,Illinois,13192.0,252000.0,57.0,14328.0,51069.0
2022-09-01,2022-09-30,Indiana,7590.0,235000.0,22.0,7996.0,20844.0
2022-09-01,2022-09-30,Iowa,3463.0,206000.0,48.0,3608.0,11945.0
2022-09-01,2022-09-30,Kansas,2997.0,240000.0,28.0,3124.0,8612.0
2022-09-01,2022-09-30,Kentucky,4186.0,235000.0,34.0,4560.0,13471.0
2022-09-01,2022-09-30,Louisiana,3956.0,238205.0,42.0,4766.0,17198.0
2022-09-01,2022-09-30,Maine,1704.0,335000.0,41.0,1710.0,5554.0
2022-09-01,2022-09-30,Maryland,6712.0,385000.0,29.0,7225.0,19574.0
2022-09-01,2022-09-30,Massachusetts,6044.0,550000.0,22.0,6458.0,15958.0
2022-09-01,2022-09-30,Michigan,11194.0,235000.0,28.0,11911.0,35409.0
2022-09-01,2022-09-30,Minnesota,6352.0,324000.0,27.0,6564.0,21708.0
2022-09-01,2022-09-30,Mississippi,2048.0,239450.0,36.0,2306.0,7657.0
2022-09-01,2022-09-30,Missouri,7265.0,242500.0,23.0,7563.0,20868.0
2022-09-01,2022-09-30,Montana,1038.0,469900.0,66.0,1334.0,5615.0
2022-09-01,2022-09-30,Nebraska,1919.0,265000.0,22.0,1892.0,5376.0
2022-09-01,2022-09-30,Nevada,3503.0,435000.0,48.0,4509.0,18973.0
2022-09-01,2022-09-30,New Hampshire,1714.0,421000.0,31.0,1684.0,4749.0
2022-09-01,2022-09-30,New Jersey,9032.0,440000.0,61.0,9431.0,36427.0
2022-09-01,2022-09-30,New Mexico,1948.0,310000.0,43.0,2143.0,7177.0
2022-09-01,2022-09-30,New York,12644.0,410000.0,38.0,14388.0,52808.0
2022-09-01,2022-09-30,North Carolina,13809.0,350000.0,35.0,14195.0,45015.0
2022-09-01,2022-09-30,North Dakota,760.0,265000.0,71.0,716.0,2893.0
2022-09-01,2022-09-30,Ohio,12195.0,217000.0,37.0,12886.0,36445.0
2022-09-01,2022-09-30,Oklahoma,4602.0,233000.0,20.0,4814.0,14644.0
2022-09-01,2022-09-30,Oregon,4592.0,499950.0,28.0,5207.0,15541.0
2022-09-01,2022-09-30,Pennsylvania,11972.0,256000.0,39.0,12604.0,41027.0
2022-09-01,2022-09-30,Rhode Island,1021.0,405000.0,28.0,1084.0,2847.0
2022-09-01,2022-09-30,South Carolina,7783.0,330000.0,55.0,8629.0,32509.0
2022-09-01,2022-09-30,South Dakota,855.0,295000.0,57.0,897.0,3231.0
2022-09-01,2022-09-30,Tennessee,9397.0,342175.0,46.0,10359.0,35565.0
2022-09-01,2022-09-30,Texas,29355.0,345000.0,34.0,36951.0,123024.0
2022-09-01,2022-09-30,Utah,3265.0,495000.0,37.0,3844.0,14434.0
2022-09-01,2022-09-30,Vermont,718.0,370000.0,46.0,717.0,2475.0
2022-09-01,2022-09-30,Virginia,9836.0,365000.0,26.0,10334.0,27445.0
2022-09-01,2022-09-30,Washington,8469.0,575000.0,21.0,9070.0,24535.0
2022-09-01,2022-09-30,West Virginia,1174.0,225000.0,63.0,1221.0,4678.0
2022-09-01,2022-09-30,Wisconsin,6036.0,271000.0,48.0,6085.0,19607.0
2022-09-01,2022-09-30,Wyoming,638.0,305000.0,61.0,685.0,2666.0
2022-08-01,2022-08-31,Alabama,5974.0,269900.0,43.0,6667.0,21502.0
2022-08-01,2022-08-31,Alaska,800.0,351000.0,32.0,784.0,2471.0
2022-08-01,2022-08-31,Arizona,8787.0,429900.0,41.0,10390.0,41041.0
2022-08-01,2022-08-31,Arkansas,3591.0,240000.0,38.0,3855.0,12303.0
2022-08-01,2022-08-31,California,25653.0,698000.0,33.0,31162.0,97353.0
2022-08-01,2022-08-31,Colorado,8104.0,536578.0,31.0,9546.0,28361.0
2022-08-01,2022-08-31,District of Columbia,669.0,650000.0,38.0,869.0,3107.0
2022-08-01,2022-08-31,Connecticut,3932.0,355000.0,40.0,4047.0,12444.0
2022-08-01,2022-08-31,Delaware,1298.0,360000.0,27.0,1395.0,3979.0
2022-08-01,2022-08-31,Florida,34060.0,380000.0,31.0,44214.0,146253.0
2022-08-01,2022-08-31,Georgia,13096.0,340000.0,32.0,16799.0,54828.0
2022-08-01,2022-08-31,Hawaii,1216.0,699500.0,60.0,1420.0,5814.0
2022-08-01,2022-08-31,Idaho,2145.0,466500.0,40.0,2968.0,11885.0
2022-08-01,2022-08-31,Illinois,13222.0,260000.0,58.0,14562.0,52296.0
2022-08-01,2022-08-31,Indiana,7758.0,240000.0,18.0,8011.0,21271.0
2022-08-01,2022-08-31,Iowa,3526.0,212750.0,51.0,3631.0,12801.0
2022-08-01,2022-08-31,Kansas,3133.0,246000.0,28.0,3203.0,8805.0
2022-08-01,2022-08-31,Kentucky,4161.0,240000.0,34.0,4654.0,13694.0
2022-08-01,2022-08-31,Louisiana,4052.0,240000.0,38.0,4823.0,16799.0
2022-08-01,2022-08-31,Maine,1686.0,340000.0,38.0,1715.0,5750.0
2022-08-01,2022-08-31,Maryland,6885.0,389000.0,26.0,7437.0,20139.0
2022-08-01,2022-08-31,Massachusetts,6224.0,567500.0,22.0,6743.0,16920.0
2022-08-01,2022-08-31,Michigan,11387.0,240000.0,26.0,11996.0,36175.0
2022-08-01,2022-08-31,Minnesota,6429.0,330950.0,24.0,6729.0,22928.0
2022-08-01,2022-08-31,Mississippi,1992.0,240000.0,34.0,2424.0,7641.0
2022-08-01,2022-08-31,Missouri,7323.0,244400.0,21.0,7685.0,21518.0
2022-08-01,2022-08-31,Montana,1024.0,475000.0,64.0,1345.0,5577.0
2022-08-01,2022-08-31,Nebraska,1877.0,265000.0,21.0,2054.0,5639.0
2022-08-01,2022-08-31,Nevada,3355.0,435000.0,44.0,5054.0,19112.0
2022-08-01,2022-08-31,New Hampshire,1675.0,428700.0,31.0,1732.0,4983.0
2022-08-01,2022-08-31,New Jersey,8997.0,450000.0,62.0,9963.0,37795.0
2022-08-01,2022-08-31,New Mexico,1979.0,305000.0,44.0,2127.0,7279.0
2022-08-01,2022-08-31,New York,12933.0,444000.0,35.0,14444.0,54134.0
2022-08-01,2022-08-31,North Carolina,13974.0,350000.0,33.0,15085.0,46015.0
2022-08-01,2022-08-31,North Dakota,705.0,255000.0,73.0,744.0,2977.0
2022-08-01,2022-08-31,Ohio,12670.0,223000.0,37.0,13185.0,37745.0
2022-08-01,2022-08-31,Oklahoma,4534.0,231000.0,14.0,4883.0,14761.0
2022-08-01,2022-08-31,Oregon,4523.0,505000.0,23.0,5179.0,15662.0
2022-08-01,2022-08-31,Pennsylvania,11954.0,265000.0,38.0,12471.0,41498.0
2022-08-01,2022-08-31,Rhode Island,1122.0,400000.0,28.0,1119.0,3055.0
2022-08-01,2022-08-31,South Carolina,7898.0,325000.0,52.0,8741.0,32756.0
2022-08-01,2022-08-31,South Dakota,800.0,299000.0,56.0,960.0,3332.0
2022-08-01,2022-08-31,Tennessee,9119.0,345000.0,44.0,10648.0,34529.0
2022-08-01,2022-08-31,Texas,28939.0,346500.0,30.0,36756.0,120335.0
2022-08-01,2022-08-31,Utah,3223.0,504819.0,32.0,3940.0,14367.0
2022-08-01,2022-08-31,Vermont,740.0,349500.0,42.0,776.0,2607.0
2022-08-01,2022-08-31,Virginia,10149.0,370173.0,24.0,10407.0,28092.0
2022-08-01,2022-08-31,Washington,8461.0,575000.0,18.0,9482.0,25323.0
2022-08-01,2022-08-31,West Virginia,1224.0,224700.0,61.0,1291.0,4792.0
2022-08-01,2022-08-31,Wisconsin,6239.0,274900.0,48.0,6095.0,20376.0
2022-08-01,2022-08-31,Wyoming,636.0,315000.0,61.0,721.0,2709.0
2022-07-01,2022-07-31,Alabama,5992.0,276000.0,42.0,6579.0,21466.0
2022-07-01,2022-07-31,Alaska,837.0,358333.0,30.0,851.0,2592.0
2022-07-01,2022-07-31,Arizona,9082.0,440800.0,37.0,12897.0,39870.0
2022-07-01,2022-07-31,Arkansas,3435.0,239000.0,37.0,4146.0,12365.0
2022-07-01,2022-07-31,California,25853.0,715000.0,29.0,33479.0,97764.0
2022-07-01,2022-07-31,Colorado,8379.0,540500.0,29.0,10729.0,28169.0
2022-07-01,2022-07-31,District of Columbia,681.0,649000.0,37.0,991.0,3128.0
2022-07-01,2022-07-31,Connecticut,3996.0,365000.0,40.0,4408.0,12944.0
2022-07-01,2022-07-31,Delaware,1329.0,350000.0,22.0,1496.0,4020.0
2022-07-01,2022-07-31,Florida,34480.0,384000.0,28.0,49659.0,141917.0
2022-07-01,2022-07-31,Georgia,13309.0,345000.0,28.0,17481.0,53426.0
2022-07-01,2022-07-31,Hawaii,1280.0,725000.0,57.0,1525.0,5838.0
2022-07-01,2022-07-31,Idaho,2110.0,480000.0,38.0,3372.0,11813.0
2022-07-01,2022-07-31,Illinois,13701.0,273000.0,56.0,15611.0,53872.0
2022-07-01,2022-07-31,Indiana,7894.0,245000.0,21.0,8582.0,22218.0
2022-07-01,2022-07-31,Iowa,3520.0,225000.0,51.0,3903.0,12943.0
2022-07-01,2022-07-31,Kansas,3042.0,255000.0,31.0,3348.0,9116.0
2022-07-01,2022-07-31,Kentucky,4311.0,240000.0,30.0,4918.0,13863.0
2022-07-01,2022-07-31,Louisiana,4111.0,249172.0,30.0,4990.0,16334.0
2022-07-01,2022-07-31,Maine,1685.0,350717.0,34.0,1910.0,5909.0
2022-07-01,2022-07-31,Maryland,6993.0,395000.0,25.0,8347.0,20513.0
2022-07-01,2022-07-31,Massachusetts,6273.0,590000.0,22.0,7776.0,17452.0
2022-07-01,2022-07-31,Michigan,11622.0,250000.0,25.0,13894.0,36862.0
2022-07-01,2022-07-31,Minnesota,6641.0,338500.0,23.0,7236.0,22846.0
2022-07-01,2022-07-31,Mississippi,2057.0,250000.0,28.0,2513.0,7483.0
2022-07-01,2022-07-31,Missouri,7471.0,250000.0,22.0,8087.0,22256.0
2022-07-01,2022-07-31,Montana,1072.0,465000.0,63.0,1449.0,5544.0
2022-07-01,2022-07-31,Nebraska,1898.0,275000.0,17.0,2118.0,5547.0
2022-07-01,2022-07-31,Nevada,3577.0,445000.0,35.0,6046.0,18227.0
2022-07-01,2022-07-31,New Hampshire,1619.0,430000.0,28.0,1836.0,5000.0
2022-07-01,2022-07-31,New Jersey,9222.0,459000.0,64.0,10920.0,39277.0
2022-07-01,2022-07-31,New Mexico,1948.0,307500.0,41.0,2343.0,7352.0
2022-07-01,2022-07-31,New York,13492.0,455000.0,34.0,15014.0,54892.0
2022-07-01,2022-07-31,North Carolina,14292.0,357315.0,31.0,16397.0,46105.0
2022-07-01,2022-07-31,North Dakota,705.0,270000.0,72.0,700.0,2976.0
2022-07-01,2022-07-31,Ohio,12715.0,225000.0,37.0,14054.0,38660.0
2022-07-01,2022-07-31,Oklahoma,4605.0,235000.0,13.0,5555.0,14741.0
2022-07-01,2022-07-31,Oregon,4698.0,512300.0,20.0,5699.0,15779.0
2022-07-01,2022-07-31,Pennsylvania,12128.0,274000.0,38.0,12863.0,42130.0
2022-07-01,2022-07-31,Rhode Island,1189.0,401550.0,24.0,1313.0,3282.0
2022-07-01,2022-07-31,South Carolina,8080.0,330000.0,50.0,9015.0,32556.0
2022-07-01,2022-07-31,South Dakota,804.0,310500.0,58.0,989.0,3272.0
2022-07-01,2022-07-31,Tennessee,9237.0,345400.0,41.0,11427.0,34485.0
2022-07-01,2022-07-31,Texas,29380.0,350000.0,26.0,38083.0,115934.0
2022-07-01,2022-07-31,Utah,3062.0,510000.0,27.0,4730.0,13953.0
2022-07-01,2022-07-31,Vermont,701.0,370000.0,37.0,758.0,2562.0
2022-07-01,2022-07-31,Virginia,10383.0,380000.0,23.0,11455.0,28806.0
2022-07-01,2022-07-31,Washington,8494.0,590000.0,14.0,10588.0,25613.0
2022-07-01,2022-07-31,West Virginia,1158.0,215000.0,58.0,1305.0,4790.0
2022-07-01,2022-07-31,Wisconsin,6289.0,280000.0,48.0,6801.0,21187.0
2022-07-01,2022-07-31,Wyoming,669.0,314250.0,60.0,690.0,2729.0
2022-06-01,2022-06-30,Alabama,6346.0,281270.0,43.0,7017.0,21521.0
2022-06-01,2022-06-30,Alaska,912.0,369950.0,26.0,972.0,2674.0
2022-06-01,2022-06-30,Arizona,9651.0,455000.0,35.0,13381.0,36836.0
2022-06-01,2022-06-30,Arkansas,3562.0,249000.0,37.0,4302.0,12130.0
2022-06-01,2022-06-30,California,28301.0,735000.0,26.0,35371.0,93973.0
2022-06-01,2022-06-30,Colorado,9041.0,560000.0,26.0,10843.0,26688.0
2022-06-01,2022-06-30,District of Columbia,732.0,725000.0,36.0,964.0,3112.0
2022-06-01,2022-06-30,Connecticut,4118.0,358300.0,39.0,4653.0,12957.0
2022-06-01,2022-06-30,Delaware,1247.0,360050.0,21.0,1546.0,3984.0
2022-06-01,2022-06-30,Florida,36685.0,394700.0,26.0,50939.0,132340.0
2022-06-01,2022-06-30,Georgia,13881.0,355000.0,27.0,17693.0,51253.0
2022-06-01,2022-06-30,Hawaii,1439.0,735000.0,56.0,1608.0,5875.0
2022-06-01,2022-06-30,Idaho,2318.0,499000.0,34.0,3770.0,10949.0
2022-06-01,2022-06-30,Illinois,14383.0,285000.0,55.0,16607.0,55295.0
2022-06-01,2022-06-30,Indiana,7952.0,250000.0,34.0,9118.0,22754.0
2022-06-01,2022-06-30,Iowa,3692.0,225000.0,52.0,4113.0,13046.0
2022-06-01,2022-06-30,Kansas,3171.0,265000.0,30.0,3467.0,9192.0
2022-06-01,2022-06-30,Kentucky,4387.0,248000.0,27.0,5209.0,13688.0
2022-06-01,2022-06-30,Louisiana,4309.0,255000.0,28.0,5419.0,16116.0
2022-06-01,2022-06-30,Maine,1765.0,365000.0,22.0,1987.0,5756.0
2022-06-01,2022-06-30,Maryland,7196.0,405000.0,21.0,8432.0,20124.0
2022-06-01,2022-06-30,Massachusetts,6510.0,600000.0,21.0,7711.0,17080.0
2022-06-01,2022-06-30,Michigan,11782.0,252500.0,24.0,14085.0,36220.0
2022-06-01,2022-06-30,Minnesota,6862.0,345000.0,20.0,7534.0,22916.0
2022-06-01,2022-06-30,Mississippi,2120.0,250000.0,28.0,2606.0,7363.0
2022-06-01,2022-06-30,Missouri,7696.0,259900.0,31.0,8374.0,22826.0
2022-06-01,2022-06-30,Montana,1091.0,495000.0,61.0,1435.0,5452.0
2022-06-01,2022-06-30,Nebraska,1990.0,272000.0,16.0,2171.0,5421.0
2022-06-01,2022-06-30,Nevada,3962.0,459350.0,33.0,6434.0,16294.0
2022-06-01,2022-06-30,New Hampshire,1736.0,433000.0,28.0,1830.0,4935.0
2022-06-01,2022-06-30,New Jersey,9557.0,455000.0,65.0,11506.0,39879.0
2022-06-01,2022-06-30,New Mexico,2052.0,306000.0,39.0,2303.0,7186.0
2022-06-01,2022-06-30,New York,14142.0,475000.0,33.0,15729.0,54252.0
2022-06-01,2022-06-30,North Carolina,14637.0,364111.0,31.0,17215.0,45741.0
2022-06-01,2022-06-30,North Dakota,712.0,279000.0,74.0,778.0,3043.0
2022-06-01,2022-06-30,Ohio,12782.0,231100.0,37.0,14912.0,38943.0
2022-06-01,2022-06-30,Oklahoma,4598.0,242000.0,10.0,5622.0,13955.0
2022-06-01,2022-06-30,Oregon,5029.0,520000.0,16.0,6000.0,15163.0
2022-06-01,2022-06-30,Pennsylvania,12469.0,280000.0,35.0,14818.0,42152.0
2022-06-01,2022-06-30,Rhode Island,1157.0,414900.0,22.0,1407.0,3315.0
2022-06-01,2022-06-30,South Carolina,8267.0,333648.0,50.0,9467.0,32214.0
2022-06-01,2022-06-30,South Dakota,803.0,311525.0,60.0,988.0,3186.0
2022-06-01,2022-06-30,Tennessee,10141.0,357445.0,41.0,12019.0,32570.0
2022-06-01,2022-06-30,Texas,30373.0,360990.0,24.0,38694.0,108519.0
2022-06-01,2022-06-30,Utah,3671.0,529900.0,24.0,4898.0,12668.0
2022-06-01,2022-06-30,Vermont,721.0,389000.0,35.0,821.0,2635.0
2022-06-01,2022-06-30,Virginia,10723.0,395000.0,21.0,12120.0,28998.0
2022-06-01,2022-06-30,Washington,9227.0,613750.0,12.0,11347.0,24356.0
2022-06-01,2022-06-30,West Virginia,1271.0,224650.0,60.0,1399.0,4805.0
2022-06-01,2022-06-30,Wisconsin,6508.0,281500.0,48.0,7227.0,21660.0
2022-06-01,2022-06-30,Wyoming,734.0,333700.0,62.0,759.0,2804.0
2022-05-01,2022-05-31,Alabama,6522.0,275000.0,42.0,6873.0,21143.0
2022-05-01,2022-05-31,Alaska,968.0,370000.0,25.0,960.0,2651.0
2022-05-01,2022-05-31,Arizona,10038.0,457550.0,31.0,13407.0,33244.0
2022-05-01,2022-05-31,Arkansas,3815.0,239000.0,38.0,4153.0,11818.0
2022-05-01,2022-05-31,California,30574.0,750000.0,22.0,36218.0,89994.0
2022-05-01,2022-05-31,Colorado,10015.0,550000.0,24.0,10914.0,25961.0
2022-05-01,2022-05-31,District of Columbia,773.0,650000.0,33.0,1012.0,3138.0
2022-05-01,2022-05-31,Connecticut,4257.0,336000.0,37.0,4680.0,12914.0
2022-05-01,2022-05-31,Delaware,1366.0,350000.0,18.0,1448.0,3946.0
2022-05-01,2022-05-31,Florida,38274.0,390000.0,24.0,49709.0,121904.0
2022-05-01,2022-05-31,Georgia,14213.0,353000.0,25.0,17735.0,48732.0
2022-05-01,2022-05-31,Hawaii,1591.0,706580.0,55.0,1686.0,5891.0
2022-05-01,2022-05-31,Idaho,2631.0,514995.0,21.0,3392.0,9395.0
2022-05-01,2022-05-31,Illinois,14665.0,275000.0,54.0,16655.0,55355.0
2022-05-01,2022-05-31,Indiana,8199.0,242000.0,34.0,8722.0,21860.0
2022-05-01,2022-05-31,Iowa,3673.0,220000.0,51.0,3952.0,12680.0
2022-05-01,2022-05-31,Kansas,3077.0,259900.0,32.0,3464.0,9150.0
2022-05-01,2022-05-31,Kentucky,4519.0,239000.0,26.0,5072.0,13316.0
2022-05-01,2022-05-31,Louisiana,4622.0,250000.0,28.0,5187.0,15373.0
2022-05-01,2022-05-31,Maine,1743.0,350000.0,14.0,1996.0,5414.0
2022-05-01,2022-05-31,Maryland,7665.0,401000.0,19.0,8291.0,19859.0
2022-05-01,2022-05-31,Massachusetts,6713.0,590000.0,21.0,7686.0,16909.0
2022-05-01,2022-05-31,Michigan,12026.0,245000.0,23.0,14062.0,34889.0
2022-05-01,2022-05-31,Minnesota,7077.0,342000.0,19.0,7775.0,21227.0
2022-05-01,2022-05-31,Mississippi,2176.0,248800.0,26.0,2585.0,7213.0
2022-05-01,2022-05-31,Missouri,7931.0,249900.0,33.0,8362.0,22227.0
2022-05-01,2022-05-31,Montana,1212.0,473950.0,59.0,1389.0,5339.0
2022-05-01,2022-05-31,Nebraska,1916.0,263000.0,16.0,2092.0,5296.0
2022-05-01,2022-05-31,Nevada,4497.0,460000.0,27.0,6000.0,14420.0
2022-05-01,2022-05-31,New Hampshire,1735.0,435000.0,27.0,1913.0,4914.0
2022-05-01,2022-05-31,New Jersey,9832.0,439000.0,62.0,11391.0,39699.0
2022-05-01,2022-05-31,New Mexico,2143.0,315000.0,39.0,2280.0,7034.0
2022-05-01,2022-05-31,New York,14403.0,460000.0,32.0,15455.0,52792.0
2022-05-01,2022-05-31,North Carolina,14944.0,360000.0,33.0,16845.0,45278.0
2022-05-01,2022-05-31,North Dakota,846.0,259900.0,74.0,703.0,3084.0
2022-05-01,2022-05-31,Ohio,12940.0,225000.0,37.0,14674.0,38337.0
2022-05-01,2022-05-31,Oklahoma,4722.0,237500.0,10.0,5359.0,12970.0
2022-05-01,2022-05-31,Oregon,5468.0,520000.0,14.0,5989.0,14638.0
2022-05-01,2022-05-31,Pennsylvania,12553.0,270000.0,35.0,14687.0,41262.0
2022-05-01,2022-05-31,Rhode Island,1165.0,405000.0,18.0,1379.0,3242.0
2022-05-01,2022-05-31,South Carolina,8466.0,334000.0,48.0,9460.0,30848.0
2022-05-01,2022-05-31,South Dakota,865.0,300000.0,56.0,851.0,3047.0
2022-05-01,2022-05-31,Tennessee,9993.0,354890.0,39.0,11235.0,30969.0
2022-05-01,2022-05-31,Texas,30959.0,362500.0,23.0,38555.0,99719.0
2022-05-01,2022-05-31,Utah,3791.0,543755.0,18.0,4796.0,11283.0
2022-05-01,2022-05-31,Vermont,773.0,370000.0,27.0,813.0,2622.0
2022-05-01,2022-05-31,Virginia,11105.0,400000.0,19.0,12095.0,28784.0
2022-05-01,2022-05-31,Washington,10104.0,625000.0,11.0,11080.0,22884.0
2022-05-01,2022-05-31,West Virginia,1264.0,225000.0,58.0,1415.0,4744.0
2022-05-01,2022-05-31,Wisconsin,6689.0,275000.0,48.0,7175.0,21756.0
2022-05-01,2022-05-31,Wyoming,729.0,320000.0,58.0,717.0,2782.0
2022-04-01,2022-04-30,Alabama,6576.0,275000.0,41.0,6788.0,20835.0
2022-04-01,2022-04-30,Alaska,914.0,350000.0,24.0,1050.0,2767.0
2022-04-01,2022-04-30,Arizona,10586.0,450000.0,30.0,13014.0,30488.0
2022-04-01,2022-04-30,Arkansas,3750.0,230000.0,36.0,4149.0,11750.0
2022-04-01,2022-04-30,California,32586.0,750000.0,20.0,36758.0,87473.0
2022-04-01,2022-04-30,Colorado,9543.0,565000.0,19.0,11070.0,25596.0
2022-04-01,2022-04-30,District of Columbia,890.0,700000.0,33.0,969.0,3092.0
2022-04-01,2022-04-30,Connecticut,4324.0,325000.0,39.0,4704.0,13032.0
2022-04-01,2022-04-30,Delaware,1426.0,350000.0,17.0,1503.0,3972.0
2022-04-01,2022-04-30,Florida,38689.0,380000.0,24.0,48043.0,113848.0
2022-04-01,2022-04-30,Georgia,14665.0,345000.0,25.0,17380.0,46913.0
2022-04-01,2022-04-30,Hawaii,1575.0,755000.0,53.0,1649.0,5895.0
2022-04-01,2022-04-30,Idaho,2784.0,501000.0,20.0,3325.0,8776.0
2022-04-01,2022-04-30,Illinois,15135.0,270000.0,48.0,16980.0,55118.0
2022-04-01,2022-04-30,Indiana,8341.0,230000.0,31.0,8563.0,21176.0
2022-04-01,2022-04-30,Iowa,3816.0,205000.0,46.0,3872.0,12398.0
2022-04-01,2022-04-30,Kansas,3219.0,239000.0,33.0,3405.0,9248.0
2022-04-01,2022-04-30,Kentucky,4666.0,231000.0,29.0,5076.0,13262.0
2022-04-01,2022-04-30,Louisiana,4691.0,248000.0,31.0,5214.0,15488.0
2022-04-01,2022-04-30,Maine,1753.0,345000.0,15.0,2049.0,5433.0
2022-04-01,2022-04-30,Maryland,8062.0,385000.0,18.0,8434.0,20097.0
2022-04-01,2022-04-30,Massachusetts,6811.0,570000.0,20.0,7698.0,17143.0
2022-04-01,2022-04-30,Michigan,12271.0,235000.0,21.0,14032.0,34310.0
2022-04-01,2022-04-30,Minnesota,7277.0,340000.0,19.0,8002.0,18456.0
2022-04-01,2022-04-30,Mississippi,2153.0,239900.0,28.0,2665.0,7132.0
2022-04-01,2022-04-30,Missouri,8015.0,239900.0,32.0,8462.0,22148.0
2022-04-01,2022-04-30,Montana,1252.0,490000.0,56.0,1287.0,5322.0
2022-04-01,2022-04-30,Nebraska,2045.0,261000.0,15.0,2155.0,5298.0
2022-04-01,2022-04-30,Nevada,4694.0,451000.0,23.0,5742.0,13418.0
2022-04-01,2022-04-30,New Hampshire,1709.0,410000.0,20.0,1899.0,4799.0
2022-04-01,2022-04-30,New Jersey,10022.0,420000.0,60.0,11327.0,39386.0
2022-04-01,2022-04-30,New Mexico,2213.0,305000.0,39.0,2330.0,6979.0
2022-04-01,2022-04-30,New York,14501.0,454000.0,37.0,15301.0,53223.0
2022-04-01,2022-04-30,North Carolina,15341.0,350000.0,40.0,16252.0,46106.0
2022-04-01,2022-04-30,North Dakota,676.0,284340.0,67.0,751.0,3132.0
2022-04-01,2022-04-30,Ohio,12908.0,213500.0,36.0,15018.0,38151.0
2022-04-01,2022-04-30,Oklahoma,4716.0,230000.0,11.0,5342.0,12506.0
2022-04-01,2022-04-30,Oregon,5692.0,511150.0,11.0,6040.0,14604.0
2022-04-01,2022-04-30,Pennsylvania,13161.0,255000.0,34.0,14699.0,41349.0
2022-04-01,2022-04-30,Rhode Island,1250.0,400000.0,19.0,1338.0,3202.0
2022-04-01,2022-04-30,South Carolina,8682.0,320000.0,46.0,9415.0,29831.0
2022-04-01,2022-04-30,South Dakota,862.0,298400.0,51.0,922.0,3046.0
2022-04-01,2022-04-30,Tennessee,10167.0,345000.0,38.0,10734.0,29191.0
2022-04-01,2022-04-30,Texas,31517.0,350000.0,23.0,38331.0,93234.0
2022-04-01,2022-04-30,Utah,3999.0,534000.0,16.0,4793.0,10344.0
2022-04-01,2022-04-30,Vermont,773.0,385000.0,31.0,792.0,2534.0
2022-04-01,2022-04-30,Virginia,11424.0,389900.0,19.0,12169.0,28914.0
2022-04-01,2022-04-30,Washington,10443.0,617000.0,9.0,11289.0,22342.0
2022-04-01,2022-04-30,West Virginia,1293.0,216000.0,51.0,1358.0,4642.0
2022-04-01,2022-04-30,Wisconsin,6766.0,268000.0,48.0,7320.0,21791.0
2022-04-01,2022-04-30,Wyoming,765.0,312000.0,55.0,737.0,2791.0
2022-03-01,2022-03-31,Alabama,6829.0,269000.0,41.0,6541.0,20733.0
2022-03-01,2022-03-31,Alaska,915.0,338500.0,24.0,1028.0,2643.0
2022-03-01,2022-03-31,Arizona,10997.0,446000.0,30.0,12940.0,29429.0
2022-03-01,2022-03-31,Arkansas,3900.0,229900.0,35.0,4161.0,11983.0
2022-03-01,2022-03-31,California,33686.0,730000.0,19.0,37550.0,86628.0
2022-03-01,2022-03-31,Colorado,9165.0,548902.0,15.0,10471.0,24445.0
2022-03-01,2022-03-31,District of Columbia,867.0,665000.0,29.0,1047.0,3166.0
2022-03-01,2022-03-31,Connecticut,4392.0,310000.0,40.0,4754.0,13052.0
2022-03-01,2022-03-31,Delaware,1508.0,325000.0,21.0,1580.0,4015.0
2022-03-01,2022-03-31,Florida,40543.0,370000.0,22.0,47406.0,109545.0
2022-03-01,2022-03-31,Georgia,14936.0,334900.0,23.0,17399.0,46331.0
2022-03-01,2022-03-31,Hawaii,1591.0,713000.0,50.0,1665.0,5955.0
2022-03-01,2022-03-31,Idaho,2868.0,488888.0,18.0,3233.0,8353.0
2022-03-01,2022-03-31,Illinois,15329.0,261000.0,44.0,16974.0,54828.0
2022-03-01,2022-03-31,Indiana,8342.0,222000.0,29.0,8367.0,20645.0
2022-03-01,2022-03-31,Iowa,3871.0,200000.0,45.0,3911.0,12356.0
2022-03-01,2022-03-31,Kansas,3169.0,230000.0,34.0,3407.0,9546.0
2022-03-01,2022-03-31,Kentucky,4636.0,225000.0,30.0,5035.0,13410.0
2022-03-01,2022-03-31,Louisiana,4724.0,240000.0,31.0,5006.0,15364.0
2022-03-01,2022-03-31,Maine,1727.0,320000.0,15.0,1943.0,5293.0
2022-03-01,2022-03-31,Maryland,8274.0,374500.0,18.0,8349.0,19921.0
2022-03-01,2022-03-31,Massachusetts,6840.0,529000.0,20.0,7829.0,17455.0
2022-03-01,2022-03-31,Michigan,12238.0,220000.0,19.0,14060.0,34345.0
2022-03-01,2022-03-31,Minnesota,7292.0,322000.0,19.0,7965.0,16162.0
2022-03-01,2022-03-31,Mississippi,2220.0,228500.0,23.0,2425.0,7025.0
2022-03-01,2022-03-31,Missouri,8121.0,225000.0,30.0,8345.0,21818.0
2022-03-01,2022-03-31,Montana,1234.0,449000.0,48.0,1297.0,5393.0
2022-03-01,2022-03-31,Nebraska,2008.0,252250.0,12.0,2037.0,5167.0
2022-03-01,2022-03-31,Nevada,4804.0,436960.0,18.0,5277.0,12794.0
2022-03-01,2022-03-31,New Hampshire,1681.0,409000.0,27.0,1937.0,4712.0
2022-03-01,2022-03-31,New Jersey,10110.0,405000.0,54.0,11112.0,38976.0
2022-03-01,2022-03-31,New Mexico,2202.0,296000.0,36.0,2212.0,6863.0
2022-03-01,2022-03-31,New York,14888.0,450000.0,37.0,15981.0,54049.0
2022-03-01,2022-03-31,North Carolina,15381.0,335000.0,36.0,15315.0,45584.0
2022-03-01,2022-03-31,North Dakota,663.0,246950.0,66.0,762.0,3083.0
2022-03-01,2022-03-31,Ohio,12628.0,200000.0,36.0,14449.0,37737.0
2022-03-01,2022-03-31,Oklahoma,4794.0,223500.0,15.0,5141.0,12223.0
2022-03-01,2022-03-31,Oregon,5827.0,500000.0,10.0,6288.0,14756.0
2022-03-01,2022-03-31,Pennsylvania,13449.0,250000.0,35.0,14887.0,41723.0
2022-03-01,2022-03-31,Rhode Island,1261.0,375000.0,20.0,1393.0,3325.0
2022-03-01,2022-03-31,South Carolina,8900.0,313699.0,45.0,9172.0,29697.0
2022-03-01,2022-03-31,South Dakota,842.0,286200.0,46.0,832.0,2948.0
2022-03-01,2022-03-31,Tennessee,10284.0,329990.0,35.0,10353.0,28713.0
2022-03-01,2022-03-31,Texas,32504.0,336000.0,22.0,37855.0,90580.0
2022-03-01,2022-03-31,Utah,4051.0,520000.0,12.0,4687.0,9813.0
2022-03-01,2022-03-31,Vermont,785.0,330000.0,41.0,904.0,2649.0
2022-03-01,2022-03-31,Virginia,11809.0,373000.0,20.0,11933.0,28686.0
2022-03-01,2022-03-31,Washington,10489.0,601000.0,7.0,11526.0,22363.0
2022-03-01,2022-03-31,West Virginia,1303.0,205000.0,54.0,1337.0,4619.0
2022-03-01,2022-03-31,Wisconsin,6996.0,255000.0,48.0,7009.0,21836.0
2022-03-01,2022-03-31,Wyoming,772.0,299000.0,53.0,718.0,2843.0
2022-02-01,2022-02-28,Alabama,6645.0,260000.0,41.0,6443.0,20960.0
2022-02-01,2022-02-28,Alaska,1009.0,325000.0,18.0,1009.0,2600.0
2022-02-01,2022-02-28,Arizona,11315.0,433500.0,29.0,12855.0,29603.0
2022-02-01,2022-02-28,Arkansas,3838.0,225000.0,36.0,4105.0,12028.0
2022-02-01,2022-02-28,California,33093.0,685000.0,19.0,37725.0,84822.0
2022-02-01,2022-02-28,Colorado,9445.0,525000.0,11.0,10225.0,23893.0
2022-02-01,2022-02-28,District of Columbia,907.0,657250.0,27.0,1084.0,3116.0
2022-02-01,2022-02-28,Connecticut,4513.0,300000.0,44.0,4750.0,12926.0
2022-02-01,2022-02-28,Delaware,1586.0,325000.0,22.0,1557.0,3995.0
2022-02-01,2022-02-28,Florida,42257.0,355000.0,21.0,46974.0,108787.0
2022-02-01,2022-02-28,Georgia,15267.0,320000.0,22.0,18144.0,46366.0
2022-02-01,2022-02-28,Hawaii,1671.0,700000.0,54.0,1787.0,5941.0
2022-02-01,2022-02-28,Idaho,2970.0,475000.0,22.0,3333.0,8099.0
2022-02-01,2022-02-28,Illinois,15851.0,240000.0,39.0,16845.0,51513.0
2022-02-01,2022-02-28,Indiana,8524.0,215000.0,27.0,8198.0,20404.0
2022-02-01,2022-02-28,Iowa,3965.0,182500.0,45.0,4167.0,12268.0
2022-02-01,2022-02-28,Kansas,3232.0,210000.0,35.0,3568.0,9742.0
2022-02-01,2022-02-28,Kentucky,4753.0,217000.0,30.0,4988.0,13333.0
2022-02-01,2022-02-28,Louisiana,5127.0,240000.0,35.0,5144.0,15380.0
2022-02-01,2022-02-28,Maine,1773.0,291500.0,17.0,1991.0,5181.0
2022-02-01,2022-02-28,Maryland,8239.0,355000.0,23.0,8681.0,19638.0
2022-02-01,2022-02-28,Massachusetts,6966.0,485000.0,19.0,7902.0,16993.0
2022-02-01,2022-02-28,Michigan,12348.0,210000.0,19.0,14007.0,34014.0
2022-02-01,2022-02-28,Minnesota,7323.0,305000.0,18.0,7982.0,13059.0
2022-02-01,2022-02-28,Mississippi,2300.0,230000.0,22.0,2399.0,7085.0
2022-02-01,2022-02-28,Missouri,8159.0,220000.0,29.0,8309.0,21859.0
2022-02-01,2022-02-28,Montana,1258.0,439900.0,56.0,1456.0,5447.0
2022-02-01,2022-02-28,Nebraska,2077.0,240000.0,15.0,2327.0,5260.0
2022-02-01,2022-02-28,Nevada,4913.0,430000.0,14.0,5454.0,12894.0
2022-02-01,2022-02-28,New Hampshire,1718.0,375000.0,27.0,1958.0,4495.0
2022-02-01,2022-02-28,New Jersey,10555.0,397000.0,59.0,11474.0,38562.0
2022-02-01,2022-02-28,New Mexico,2203.0,298700.0,35.0,2359.0,6795.0
2022-02-01,2022-02-28,New York,15417.0,450000.0,39.0,15915.0,53429.0
2022-02-01,2022-02-28,North Carolina,16039.0,325000.0,35.0,15407.0,46073.0
2022-02-01,2022-02-28,North Dakota,702.0,245000.0,69.0,783.0,3059.0
2022-02-01,2022-02-28,Ohio,13078.0,190000.0,36.0,13760.0,37352.0
2022-02-01,2022-02-28,Oklahoma,5040.0,215000.0,20.0,4815.0,12023.0
2022-02-01,2022-02-28,Oregon,5639.0,478000.0,13.0,6840.0,14672.0
2022-02-01,2022-02-28,Pennsylvania,13895.0,232000.0,37.0,15048.0,41736.0
2022-02-01,2022-02-28,Rhode Island,1360.0,368000.0,26.0,1443.0,3274.0
2022-02-01,2022-02-28,South Carolina,9055.0,302995.0,43.0,9539.0,29914.0
2022-02-01,2022-02-28,South Dakota,921.0,274900.0,47.0,1017.0,3023.0
2022-02-01,2022-02-28,Tennessee,10188.0,325000.0,32.0,10287.0,27418.0
2022-02-01,2022-02-28,Texas,32746.0,325500.0,22.0,37720.0,91342.0
2022-02-01,2022-02-28,Utah,3979.0,500000.0,0.0,4543.0,9506.0
2022-02-01,2022-02-28,Vermont,792.0,305000.0,41.0,885.0,2532.0
2022-02-01,2022-02-28,Virginia,11812.0,347000.0,23.0,12515.0,28159.0
2022-02-01,2022-02-28,Washington,9329.0,560000.0,5.0,12101.0,21809.0
2022-02-01,2022-02-28,West Virginia,1443.0,190000.0,56.0,1370.0,4607.0
2022-02-01,2022-02-28,Wisconsin,7082.0,235000.0,48.0,7245.0,21877.0
2022-02-01,2022-02-28,Wyoming,752.0,295000.0,51.0,791.0,2804.0
2022-01-01,2022-01-31,Alabama,6918.0,250000.0,47.0,6369.0,21388.0
2022-01-01,2022-01-31,Alaska,1116.0,320000.0,23.0,910.0,2565.0
2022-01-01,2022-01-31,Arizona,12022.0,420000.0,33.0,12796.0,30404.0
2022-01-01,2022-01-31,Arkansas,4073.0,216119.0,37.0,4241.0,12380.0
2022-01-01,2022-01-31,California,36618.0,660000.0,21.0,37272.0,83130.0
2022-01-01,2022-01-31,Colorado,10872.0,490782.0,15.0,10370.0,24252.0
2022-01-01,2022-01-31,District of Columbia,910.0,645000.0,37.0,1077.0,3115.0
2022-01-01,2022-01-31,Connecticut,4825.0,300000.0,44.0,4475.0,13256.0
2022-01-01,2022-01-31,Delaware,1702.0,330500.0,23.0,1564.0,4021.0
2022-01-01,2022-01-31,Florida,48549.0,349000.0,24.0,45541.0,111887.0
2022-01-01,2022-01-31,Georgia,16043.0,310000.0,25.0,17171.0,46815.0
2022-01-01,2022-01-31,Hawaii,1864.0,720000.0,57.0,1611.0,5971.0
2022-01-01,2022-01-31,Idaho,3489.0,460000.0,27.0,3387.0,8149.0
2022-01-01,2022-01-31,Illinois,18229.0,240000.0,30.0,17527.0,49721.0
2022-01-01,2022-01-31,Indiana,9512.0,206293.0,29.0,8584.0,20876.0
2022-01-01,2022-01-31,Iowa,4256.0,184000.0,47.0,3929.0,12424.0
2022-01-01,2022-01-31,Kansas,3881.0,209000.0,38.0,3406.0,9856.0
2022-01-01,2022-01-31,Kentucky,4989.0,213900.0,33.0,4800.0,13571.0
2022-01-01,2022-01-31,Louisiana,5351.0,230348.0,40.0,5165.0,15965.0
2022-01-01,2022-01-31,Maine,1993.0,290000.0,18.0,1893.0,5227.0
2022-01-01,2022-01-31,Maryland,9069.0,350000.0,23.0,8340.0,19831.0
2022-01-01,2022-01-31,Massachusetts,7478.0,500500.0,19.0,7339.0,16934.0
2022-01-01,2022-01-31,Michigan,12929.0,201628.0,21.0,14009.0,34012.0
2022-01-01,2022-01-31,Minnesota,7925.0,295000.0,21.0,7997.0,12374.0
2022-01-01,2022-01-31,Mississippi,2395.0,220500.0,25.0,2449.0,7266.0
2022-01-01,2022-01-31,Missouri,8525.0,215000.0,30.0,8488.0,22253.0
2022-01-01,2022-01-31,Montana,1410.0,429900.0,60.0,1502.0,5442.0
2022-01-01,2022-01-31,Nebraska,2273.0,240000.0,20.0,2133.0,5152.0
2022-01-01,2022-01-31,Nevada,5724.0,416563.0,20.0,5320.0,13091.0
2022-01-01,2022-01-31,New Hampshire,2026.0,375000.0,27.0,1893.0,4500.0
2022-01-01,2022-01-31,New Jersey,12007.0,405000.0,60.0,10686.0,38963.0
2022-01-01,2022-01-31,New Mexico,2681.0,287000.0,39.0,2304.0,6744.0
2022-01-01,2022-01-31,New York,16136.0,435000.0,39.0,15805.0,54617.0
2022-01-01,2022-01-31,North Carolina,18215.0,317000.0,38.0,15418.0,47424.0
2022-01-01,2022-01-31,North Dakota,879.0,248467.0,70.0,759.0,3140.0
2022-01-01,2022-01-31,Ohio,15637.0,185000.0,36.0,14326.0,38436.0
2022-01-01,2022-01-31,Oklahoma,6122.0,206000.0,23.0,5087.0,12826.0
2022-01-01,2022-01-31,Oregon,6751.0,456000.0,15.0,6433.0,14170.0
2022-01-01,2022-01-31,Pennsylvania,15866.0,235000.0,37.0,14626.0,41966.0
2022-01-01,2022-01-31,Rhode Island,1588.0,365000.0,28.0,1375.0,3415.0
2022-01-01,2022-01-31,South Carolina,9532.0,290990.0,48.0,9293.0,30519.0
2022-01-01,2022-01-31,South Dakota,1098.0,282125.0,53.0,999.0,2998.0
2022-01-01,2022-01-31,Tennessee,10914.0,314474.0,37.0,9515.0,28011.0
2022-01-01,2022-01-31,Texas,38263.0,315000.0,24.0,37729.0,93904.0
2022-01-01,2022-01-31,Utah,4345.0,485000.0,7.0,4292.0,9310.0
2022-01-01,2022-01-31,Vermont,901.0,319587.0,48.0,784.0,2542.0
2022-01-01,2022-01-31,Virginia,12540.0,335000.0,26.0,11173.0,27863.0
2022-01-01,2022-01-31,Washington,11180.0,530000.0,5.0,10361.0,20490.0
2022-01-01,2022-01-31,West Virginia,1544.0,200500.0,58.0,1164.0,4694.0
2022-01-01,2022-01-31,Wisconsin,7428.0,232000.0,49.0,7204.0,22251.0
2022-01-01,2022-01-31,Wyoming,809.0,278500.0,54.0,753.0,2770.0
2021-12-01,2021-12-31,Alabama,7190.0,258000.0,47.0,6935.0,21942.0
2021-12-01,2021-12-31,Alaska,1096.0,325000.0,24.0,939.0,2618.0
2021-12-01,2021-12-31,Arizona,11930.0,415000.0,34.0,13300.0,31281.0
2021-12-01,2021-12-31,Arkansas,4189.0,220000.0,44.0,4495.0,12790.0
2021-12-01,2021-12-31,California,35768.0,675000.0,23.0,37028.0,83040.0
2021-12-01,2021-12-31,Colorado,10839.0,500000.0,18.0,11455.0,24371.0
2021-12-01,2021-12-31,District of Columbia,909.0,675000.0,34.0,1014.0,3178.0
2021-12-01,2021-12-31,Connecticut,4668.0,310000.0,46.0,4946.0,14066.0
2021-12-01,2021-12-31,Delaware,1649.0,325000.0,22.0,1603.0,4007.0
2021-12-01,2021-12-31,Florida,44377.0,349000.0,27.0,46360.0,116651.0
2021-12-01,2021-12-31,Georgia,15814.0,312450.0,26.0,18422.0,46656.0
2021-12-01,2021-12-31,Hawaii,1659.0,705000.0,57.0,1689.0,6060.0
2021-12-01,2021-12-31,Idaho,3381.0,450000.0,28.0,3416.0,8894.0
2021-12-01,2021-12-31,Illinois,16836.0,245000.0,31.0,17753.0,48393.0
2021-12-01,2021-12-31,Indiana,8836.0,215000.0,32.0,8775.0,21543.0
2021-12-01,2021-12-31,Iowa,4055.0,190000.0,50.0,4254.0,12854.0
2021-12-01,2021-12-31,Kansas,3705.0,229950.0,38.0,3713.0,10170.0
2021-12-01,2021-12-31,Kentucky,4945.0,220000.0,33.0,5328.0,13917.0
2021-12-01,2021-12-31,Louisiana,5121.0,235000.0,41.0,5486.0,16024.0
2021-12-01,2021-12-31,Maine,1978.0,307675.0,19.0,2019.0,5113.0
2021-12-01,2021-12-31,Maryland,8894.0,365000.0,25.0,9189.0,20779.0
2021-12-01,2021-12-31,Massachusetts,7283.0,510000.0,20.0,8195.0,16913.0
2021-12-01,2021-12-31,Michigan,12895.0,212000.0,21.0,13982.0,34767.0
2021-12-01,2021-12-31,Minnesota,7936.0,300000.0,20.0,8323.0,13702.0
2021-12-01,2021-12-31,Mississippi,2352.0,215000.0,33.0,2609.0,7423.0
2021-12-01,2021-12-31,Missouri,8635.0,224000.0,32.0,8812.0,22593.0
2021-12-01,2021-12-31,Montana,1469.0,429900.0,58.0,1477.0,5598.0
2021-12-01,2021-12-31,Nebraska,2317.0,235000.0,19.0,2162.0,5157.0
2021-12-01,2021-12-31,Nevada,5506.0,410000.0,24.0,5684.0,13140.0
2021-12-01,2021-12-31,New Hampshire,1925.0,376999.0,29.0,1984.0,4752.0
2021-12-01,2021-12-31,New Jersey,10805.0,407500.0,62.0,11576.0,40444.0
2021-12-01,2021-12-31,New Mexico,2498.0,290000.0,40.0,2454.0,6910.0
2021-12-01,2021-12-31,New York,14654.0,410000.0,41.0,16173.0,55006.0
2021-12-01,2021-12-31,North Carolina,16524.0,324000.0,39.0,16554.0,49345.0
2021-12-01,2021-12-31,North Dakota,859.0,251000.0,69.0,781.0,3242.0
2021-12-01,2021-12-31,Ohio,15107.0,191500.0,37.0,15261.0,39310.0
2021-12-01,2021-12-31,Oklahoma,5470.0,210550.0,19.0,5497.0,13073.0
2021-12-01,2021-12-31,Oregon,6355.0,465000.0,16.0,6792.0,14032.0
2021-12-01,2021-12-31,Pennsylvania,14478.0,240000.0,39.0,14900.0,43021.0
2021-12-01,2021-12-31,Rhode Island,1472.0,370000.0,26.0,1487.0,3501.0
2021-12-01,2021-12-31,South Carolina,9432.0,296645.0,49.0,9780.0,31747.0
2021-12-01,2021-12-31,South Dakota,1066.0,260000.0,54.0,978.0,3293.0
2021-12-01,2021-12-31,Tennessee,11242.0,315000.0,39.0,12013.0,29094.0
2021-12-01,2021-12-31,Texas,35067.0,324900.0,24.0,38422.0,95092.0
2021-12-01,2021-12-31,Utah,4350.0,475000.0,9.0,4344.0,9125.0
2021-12-01,2021-12-31,Vermont,842.0,325000.0,50.0,868.0,2662.0
2021-12-01,2021-12-31,Virginia,12478.0,348000.0,28.0,13075.0,30108.0
2021-12-01,2021-12-31,Washington,11544.0,545000.0,6.0,12824.0,20163.0
2021-12-01,2021-12-31,West Virginia,1387.0,206075.0,57.0,1485.0,5060.0
2021-12-01,2021-12-31,Wisconsin,7439.0,237000.0,49.0,7574.0,23004.0
2021-12-01,2021-12-31,Wyoming,891.0,295000.0,59.0,868.0,2970.0
2021-11-01,2021-11-30,Alabama,7119.0,250000.0,49.0,6812.0,22067.0
2021-11-01,2021-11-30,Alaska,1070.0,335000.0,30.0,945.0,2794.0
2021-11-01,2021-11-30,Arizona,12522.0,410000.0,35.0,13122.0,31927.0
2021-11-01,2021-11-30,Arkansas,4282.0,215000.0,46.0,4366.0,13596.0
2021-11-01,2021-11-30,California,37929.0,685000.0,23.0,38233.0,86609.0
2021-11-01,2021-11-30,Colorado,11729.0,500000.0,21.0,11968.0,25113.0
2021-11-01,2021-11-30,District of Columbia,961.0,728700.0,33.0,1133.0,3300.0
2021-11-01,2021-11-30,Connecticut,4787.0,310000.0,46.0,5082.0,14900.0
2021-11-01,2021-11-30,Delaware,1751.0,325000.0,24.0,1670.0,4130.0
2021-11-01,2021-11-30,Florida,46813.0,340000.0,27.0,45915.0,121238.0
2021-11-01,2021-11-30,Georgia,17679.0,312000.0,26.0,18092.0,46948.0
2021-11-01,2021-11-30,Hawaii,1704.0,695000.0,54.0,1719.0,6239.0
2021-11-01,2021-11-30,Idaho,3368.0,449000.0,28.0,3582.0,9377.0
2021-11-01,2021-11-30,Illinois,17203.0,247000.0,31.0,18381.0,48826.0
2021-11-01,2021-11-30,Indiana,8994.0,214900.0,35.0,9146.0,22878.0
2021-11-01,2021-11-30,Iowa,4209.0,189000.0,52.0,4234.0,13320.0
2021-11-01,2021-11-30,Kansas,3847.0,224900.0,41.0,3639.0,10528.0
2021-11-01,2021-11-30,Kentucky,5009.0,224500.0,34.0,5306.0,14294.0
2021-11-01,2021-11-30,Louisiana,5191.0,230000.0,43.0,5284.0,16208.0
2021-11-01,2021-11-30,Maine,1996.0,300000.0,20.0,2101.0,5178.0
2021-11-01,2021-11-30,Maryland,9284.0,360000.0,25.0,9453.0,21965.0
2021-11-01,2021-11-30,Massachusetts,7626.0,514500.0,21.0,8457.0,17604.0
2021-11-01,2021-11-30,Michigan,13134.0,220000.0,23.0,14134.0,35544.0
2021-11-01,2021-11-30,Minnesota,8133.0,305000.0,21.0,8559.0,18211.0
2021-11-01,2021-11-30,Mississippi,2308.0,215000.0,55.0,2669.0,8400.0
2021-11-01,2021-11-30,Missouri,8778.0,225000.0,34.0,8745.0,23210.0
2021-11-01,2021-11-30,Montana,1504.0,415000.0,61.0,1500.0,5760.0
2021-11-01,2021-11-30,Nebraska,2384.0,233000.0,17.0,2263.0,5365.0
2021-11-01,2021-11-30,Nevada,5988.0,405000.0,26.0,5865.0,13757.0
2021-11-01,2021-11-30,New Hampshire,2076.0,380000.0,28.0,2062.0,5022.0
2021-11-01,2021-11-30,New Jersey,11258.0,400000.0,62.0,12068.0,41813.0
2021-11-01,2021-11-30,New Mexico,2577.0,287000.0,39.0,2517.0,7124.0
2021-11-01,2021-11-30,New York,14703.0,399000.0,41.0,16334.0,56387.0
2021-11-01,2021-11-30,North Carolina,17028.0,315500.0,40.0,17323.0,51051.0
2021-11-01,2021-11-30,North Dakota,825.0,240000.0,73.0,803.0,3315.0
2021-11-01,2021-11-30,Ohio,15170.0,200000.0,38.0,15363.0,40474.0
2021-11-01,2021-11-30,Oklahoma,5596.0,215000.0,17.0,5431.0,13237.0
2021-11-01,2021-11-30,Oregon,6744.0,469900.0,15.0,6953.0,14509.0
2021-11-01,2021-11-30,Pennsylvania,14782.0,241000.0,42.0,15159.0,44516.0
2021-11-01,2021-11-30,Rhode Island,1426.0,364900.0,28.0,1561.0,3719.0
2021-11-01,2021-11-30,South Carolina,9562.0,290400.0,49.0,9843.0,32845.0
2021-11-01,2021-11-30,South Dakota,1068.0,262000.0,58.0,1009.0,3512.0
2021-11-01,2021-11-30,Tennessee,11613.0,312000.0,39.0,11516.0,30624.0
2021-11-01,2021-11-30,Texas,36108.0,315500.0,25.0,38778.0,96573.0
2021-11-01,2021-11-30,Utah,4506.0,470000.0,12.0,4689.0,9671.0
2021-11-01,2021-11-30,Vermont,840.0,329000.0,56.0,915.0,2825.0
2021-11-01,2021-11-30,Virginia,13016.0,355000.0,29.0,13077.0,31809.0
2021-11-01,2021-11-30,Washington,12209.0,540835.0,6.0,12650.0,20554.0
2021-11-01,2021-11-30,West Virginia,1414.0,210000.0,60.0,1553.0,5101.0
2021-11-01,2021-11-30,Wisconsin,7530.0,240000.0,50.0,7734.0,23716.0
2021-11-01,2021-11-30,Wyoming,876.0,299000.0,61.0,903.0,3102.0
2021-10-01,2021-10-31,Alabama,6941.0,249900.0,50.0,6544.0,22133.0
2021-10-01,2021-10-31,Alaska,998.0,330000.0,28.0,1054.0,2943.0
2021-10-01,2021-10-31,Arizona,12200.0,406020.0,34.0,13029.0,32256.0
2021-10-01,2021-10-31,Arkansas,4244.0,209000.0,47.0,4348.0,14022.0
2021-10-01,2021-10-31,California,36903.0,679000.0,24.0,38876.0,89672.0
2021-10-01,2021-10-31,Colorado,11315.0,495000.0,22.0,11836.0,25737.0
2021-10-01,2021-10-31,District of Columbia,902.0,705000.0,34.0,1086.0,3308.0
2021-10-01,2021-10-31,Connecticut,4815.0,305000.0,48.0,4925.0,15460.0
2021-10-01,2021-10-31,Delaware,1694.0,322990.0,22.0,1656.0,4172.0
2021-10-01,2021-10-31,Florida,45690.0,330000.0,27.0,46626.0,126125.0
2021-10-01,2021-10-31,Georgia,16127.0,307301.0,25.0,17913.0,46473.0
2021-10-01,2021-10-31,Hawaii,1634.0,684000.0,57.0,1790.0,6295.0
2021-10-01,2021-10-31,Idaho,3279.0,450000.0,28.0,3601.0,9791.0
2021-10-01,2021-10-31,Illinois,16734.0,245000.0,29.0,18300.0,49545.0
2021-10-01,2021-10-31,Indiana,8858.0,215000.0,38.0,8970.0,23345.0
2021-10-01,2021-10-31,Iowa,4055.0,195000.0,52.0,4187.0,13440.0
2021-10-01,2021-10-31,Kansas,3592.0,222000.0,42.0,3677.0,10780.0
2021-10-01,2021-10-31,Kentucky,4919.0,220000.0,34.0,5263.0,14508.0
2021-10-01,2021-10-31,Louisiana,4766.0,230000.0,43.0,5173.0,16458.0
2021-10-01,2021-10-31,Maine,2044.0,306000.0,19.0,2069.0,5243.0
2021-10-01,2021-10-31,Maryland,9260.0,365000.0,25.0,9353.0,22810.0
2021-10-01,2021-10-31,Massachusetts,7387.0,500000.0,22.0,8064.0,18131.0
2021-10-01,2021-10-31,Michigan,13009.0,220000.0,23.0,14074.0,35906.0
2021-10-01,2021-10-31,Minnesota,7949.0,307094.0,21.0,8459.0,21875.0
2021-10-01,2021-10-31,Mississippi,2349.0,218000.0,57.0,2475.0,8771.0
2021-10-01,2021-10-31,Missouri,8696.0,216000.0,35.0,8566.0,23664.0
2021-10-01,2021-10-31,Montana,1329.0,415000.0,60.0,1556.0,5739.0
2021-10-01,2021-10-31,Nebraska,2233.0,235000.0,17.0,2294.0,5515.0
2021-10-01,2021-10-31,Nevada,5535.0,399000.0,28.0,6080.0,14103.0
2021-10-01,2021-10-31,New Hampshire,2007.0,369000.0,30.0,1964.0,5195.0
2021-10-01,2021-10-31,New Jersey,11314.0,400000.0,62.0,12005.0,42858.0
2021-10-01,2021-10-31,New Mexico,2542.0,280925.0,39.0,2572.0,7402.0
2021-10-01,2021-10-31,New York,14948.0,405000.0,40.0,16540.0,57479.0
2021-10-01,2021-10-31,North Carolina,16359.0,309990.0,42.0,17736.0,51898.0
2021-10-01,2021-10-31,North Dakota,868.0,245250.0,77.0,832.0,3396.0
2021-10-01,2021-10-31,Ohio,14980.0,200000.0,39.0,15363.0,41477.0
2021-10-01,2021-10-31,Oklahoma,5295.0,213000.0,16.0,5497.0,13573.0
2021-10-01,2021-10-31,Oregon,6380.0,469900.0,13.0,7226.0,14936.0
2021-10-01,2021-10-31,Pennsylvania,14273.0,243000.0,40.0,14933.0,45105.0
2021-10-01,2021-10-31,Rhode Island,1393.0,365000.0,28.0,1572.0,3775.0
2021-10-01,2021-10-31,South Carolina,9440.0,289435.0,51.0,9935.0,33438.0
2021-10-01,2021-10-31,South Dakota,1042.0,260000.0,62.0,1031.0,3667.0
2021-10-01,2021-10-31,Tennessee,11149.0,310000.0,40.0,11431.0,30981.0
2021-10-01,2021-10-31,Texas,35244.0,312000.0,25.0,38078.0,96879.0
2021-10-01,2021-10-31,Utah,4395.0,465000.0,12.0,4430.0,9785.0
2021-10-01,2021-10-31,Vermont,871.0,330000.0,55.0,813.0,2974.0
2021-10-01,2021-10-31,Virginia,12809.0,350000.0,29.0,13220.0,33279.0
2021-10-01,2021-10-31,Washington,11954.0,545000.0,7.0,12285.0,20825.0
2021-10-01,2021-10-31,West Virginia,1363.0,205000.0,62.0,1416.0,5081.0
2021-10-01,2021-10-31,Wisconsin,7463.0,245000.0,50.0,7962.0,24157.0
2021-10-01,2021-10-31,Wyoming,836.0,306945.0,59.0,867.0,3107.0
2021-09-01,2021-09-30,Alabama,7156.0,249900.0,51.0,6523.0,22536.0
2021-09-01,2021-09-30,Alaska,981.0,333750.0,24.0,1055.0,3028.0
2021-09-01,2021-09-30,Arizona,12446.0,400000.0,33.0,12704.0,32557.0
2021-09-01,2021-09-30,Arkansas,4087.0,215000.0,46.0,4362.0,14205.0
2021-09-01,2021-09-30,California,36497.0,675000.0,23.0,39115.0,90738.0
2021-09-01,2021-09-30,Colorado,11129.0,490000.0,23.0,11437.0,25597.0
2021-09-01,2021-09-30,District of Columbia,815.0,615000.0,33.0,1150.0,3275.0
2021-09-01,2021-09-30,Connecticut,4865.0,310000.0,48.0,4915.0,15907.0
2021-09-01,2021-09-30,Delaware,1698.0,315000.0,20.0,1697.0,4179.0
2021-09-01,2021-09-30,Florida,44381.0,328000.0,27.0,46233.0,128159.0
2021-09-01,2021-09-30,Georgia,16090.0,300000.0,24.0,17686.0,46277.0
2021-09-01,2021-09-30,Hawaii,1724.0,696808.0,59.0,1882.0,6288.0
2021-09-01,2021-09-30,Idaho,3130.0,440050.0,26.0,3666.0,9877.0
2021-09-01,2021-09-30,Illinois,16800.0,249000.0,26.0,18149.0,49592.0
2021-09-01,2021-09-30,Indiana,8823.0,219900.0,38.0,8500.0,23423.0
2021-09-01,2021-09-30,Iowa,4051.0,195000.0,54.0,4025.0,13400.0
2021-09-01,2021-09-30,Kansas,3767.0,222000.0,42.0,3569.0,10959.0
2021-09-01,2021-09-30,Kentucky,4945.0,220000.0,34.0,5239.0,14612.0
2021-09-01,2021-09-30,Louisiana,4020.0,229977.0,41.0,3984.0,16062.0
2021-09-01,2021-09-30,Maine,2001.0,320000.0,20.0,2036.0,5474.0
2021-09-01,2021-09-30,Maryland,9221.0,365000.0,23.0,9467.0,23396.0
2021-09-01,2021-09-30,Massachusetts,7662.0,510000.0,22.0,7954.0,18653.0
2021-09-01,2021-09-30,Michigan,13128.0,225000.0,22.0,14117.0,36523.0
2021-09-01,2021-09-30,Minnesota,8050.0,310000.0,20.0,8331.0,23027.0
2021-09-01,2021-09-30,Mississippi,2320.0,217950.0,57.0,2344.0,8879.0
2021-09-01,2021-09-30,Missouri,8760.0,225000.0,35.0,8659.0,24219.0
2021-09-01,2021-09-30,Montana,1440.0,425000.0,60.0,1564.0,5747.0
2021-09-01,2021-09-30,Nebraska,2201.0,238000.0,16.0,2273.0,5617.0
2021-09-01,2021-09-30,Nevada,5356.0,395000.0,25.0,5856.0,13786.0
2021-09-01,2021-09-30,New Hampshire,1982.0,375000.0,29.0,2046.0,5387.0
2021-09-01,2021-09-30,New Jersey,10946.0,404375.0,60.0,11499.0,43869.0
2021-09-01,2021-09-30,New Mexico,2569.0,280000.0,39.0,2549.0,7618.0
2021-09-01,2021-09-30,New York,14441.0,415000.0,42.0,15990.0,58455.0
2021-09-01,2021-09-30,North Carolina,16655.0,305000.0,42.0,17467.0,52124.0
2021-09-01,2021-09-30,North Dakota,839.0,249900.0,77.0,790.0,3413.0
2021-09-01,2021-09-30,Ohio,14755.0,200000.0,39.0,15131.0,42005.0
2021-09-01,2021-09-30,Oklahoma,5396.0,210000.0,14.0,5214.0,13630.0
2021-09-01,2021-09-30,Oregon,6253.0,470000.0,14.0,7080.0,14775.0
2021-09-01,2021-09-30,Pennsylvania,14552.0,245000.0,39.0,14969.0,45391.0
2021-09-01,2021-09-30,Rhode Island,1429.0,370000.0,27.0,1528.0,3775.0
2021-09-01,2021-09-30,South Carolina,9471.0,281347.0,51.0,9801.0,33358.0
2021-09-01,2021-09-30,South Dakota,958.0,270500.0,64.0,988.0,3728.0
2021-09-01,2021-09-30,Tennessee,11026.0,300000.0,40.0,11191.0,31661.0
2021-09-01,2021-09-30,Texas,35237.0,310000.0,25.0,37673.0,97033.0
2021-09-01,2021-09-30,Utah,4303.0,465000.0,12.0,4484.0,9782.0
2021-09-01,2021-09-30,Vermont,841.0,313750.0,58.0,843.0,3114.0
2021-09-01,2021-09-30,Virginia,13055.0,349000.0,30.0,13082.0,34021.0
2021-09-01,2021-09-30,Washington,11713.0,536603.0,7.0,12253.0,21023.0
2021-09-01,2021-09-30,West Virginia,1381.0,205000.0,62.0,1358.0,5072.0
2021-09-01,2021-09-30,Wisconsin,7466.0,245000.0,50.0,7820.0,24282.0
2021-09-01,2021-09-30,Wyoming,848.0,299900.0,63.0,786.0,3130.0
2021-08-01,2021-08-31,Alabama,6969.0,245000.0,50.0,6702.0,22793.0
2021-08-01,2021-08-31,Alaska,951.0,325000.0,28.0,1124.0,3067.0
2021-08-01,2021-08-31,Arizona,12351.0,395000.0,32.0,12917.0,32755.0
2021-08-01,2021-08-31,Arkansas,4023.0,207313.0,48.0,4487.0,14553.0
2021-08-01,2021-08-31,California,36259.0,679000.0,22.0,39567.0,91627.0
2021-08-01,2021-08-31,Colorado,10840.0,490000.0,23.0,11546.0,25603.0
2021-08-01,2021-08-31,District of Columbia,843.0,662500.0,31.0,1095.0,3196.0
2021-08-01,2021-08-31,Connecticut,4851.0,325000.0,47.0,5517.0,16346.0
2021-08-01,2021-08-31,Delaware,1583.0,320000.0,20.0,1796.0,4251.0
2021-08-01,2021-08-31,Florida,42752.0,325000.0,28.0,46877.0,127701.0
2021-08-01,2021-08-31,Georgia,16128.0,300000.0,22.0,18115.0,46320.0
2021-08-01,2021-08-31,Hawaii,1753.0,690000.0,61.0,1851.0,6323.0
2021-08-01,2021-08-31,Idaho,2946.0,442990.0,24.0,3556.0,9651.0
2021-08-01,2021-08-31,Illinois,16400.0,257700.0,24.0,18321.0,49554.0
2021-08-01,2021-08-31,Indiana,8715.0,216000.0,38.0,8937.0,23746.0
2021-08-01,2021-08-31,Iowa,4083.0,200000.0,55.0,4124.0,13507.0
2021-08-01,2021-08-31,Kansas,3511.0,232500.0,43.0,3734.0,11088.0
2021-08-01,2021-08-31,Kentucky,4877.0,217750.0,32.0,5327.0,14494.0
2021-08-01,2021-08-31,Louisiana,4385.0,230000.0,42.0,5043.0,16632.0
2021-08-01,2021-08-31,Maine,1953.0,310000.0,19.0,2113.0,5661.0
2021-08-01,2021-08-31,Maryland,8982.0,372588.0,21.0,10426.0,23887.0
2021-08-01,2021-08-31,Massachusetts,7500.0,535000.0,22.0,8678.0,18755.0
2021-08-01,2021-08-31,Michigan,12997.0,225000.0,23.0,14206.0,36471.0
2021-08-01,2021-08-31,Minnesota,8046.0,316000.0,20.0,8385.0,23902.0
2021-08-01,2021-08-31,Mississippi,2287.0,220000.0,57.0,2609.0,9069.0
2021-08-01,2021-08-31,Missouri,8854.0,224000.0,36.0,8964.0,24574.0
2021-08-01,2021-08-31,Montana,1406.0,410000.0,61.0,1637.0,5732.0
2021-08-01,2021-08-31,Nebraska,2164.0,240000.0,15.0,2289.0,5700.0
2021-08-01,2021-08-31,Nevada,5230.0,392250.0,26.0,6003.0,13763.0
2021-08-01,2021-08-31,New Hampshire,1930.0,385000.0,29.0,2083.0,5494.0
2021-08-01,2021-08-31,New Jersey,11141.0,420000.0,61.0,13128.0,44965.0
2021-08-01,2021-08-31,New Mexico,2500.0,276000.0,40.0,2704.0,7772.0
2021-08-01,2021-08-31,New York,14805.0,440000.0,43.0,16733.0,60561.0
2021-08-01,2021-08-31,North Carolina,16623.0,305000.0,43.0,17522.0,52270.0
2021-08-01,2021-08-31,North Dakota,804.0,259900.0,78.0,745.0,3437.0
2021-08-01,2021-08-31,Ohio,13997.0,210000.0,39.0,15696.0,42579.0
2021-08-01,2021-08-31,Oklahoma,5173.0,211000.0,11.0,5600.0,13878.0
2021-08-01,2021-08-31,Oregon,6016.0,470948.0,12.0,6814.0,14353.0
2021-08-01,2021-08-31,Pennsylvania,14108.0,255000.0,40.0,15249.0,46176.0
2021-08-01,2021-08-31,Rhode Island,1323.0,375000.0,28.0,1570.0,3852.0
2021-08-01,2021-08-31,South Carolina,9464.0,285000.0,51.0,9860.0,33222.0
2021-08-01,2021-08-31,South Dakota,976.0,269950.0,64.0,1001.0,3821.0
2021-08-01,2021-08-31,Tennessee,11157.0,300000.0,41.0,11289.0,31131.0
2021-08-01,2021-08-31,Texas,34281.0,310186.0,24.0,38378.0,96736.0
2021-08-01,2021-08-31,Utah,4196.0,455500.0,12.0,4486.0,9676.0
2021-08-01,2021-08-31,Vermont,878.0,317750.0,56.0,869.0,3238.0
2021-08-01,2021-08-31,Virginia,12977.0,353215.0,29.0,13860.0,34751.0
2021-08-01,2021-08-31,Washington,11483.0,549200.0,8.0,11935.0,20694.0
2021-08-01,2021-08-31,West Virginia,1322.0,205025.0,63.0,1402.0,5116.0
2021-08-01,2021-08-31,Wisconsin,7382.0,250000.0,50.0,7978.0,24211.0
2021-08-01,2021-08-31,Wyoming,826.0,289000.0,64.0,843.0,3203.0
2021-07-01,2021-07-31,Alabama,6997.0,250000.0,52.0,6987.0,22764.0
2021-07-01,2021-07-31,Alaska,951.0,338250.0,28.0,1167.0,3030.0
2021-07-01,2021-07-31,Arizona,12440.0,391000.0,32.0,13164.0,32002.0
2021-07-01,2021-07-31,Arkansas,3964.0,215000.0,50.0,4390.0,14524.0
2021-07-01,2021-07-31,California,37335.0,685000.0,21.0,40234.0,91416.0
2021-07-01,2021-07-31,Colorado,11096.0,499900.0,23.0,11414.0,25430.0
2021-07-01,2021-07-31,District of Columbia,921.0,672500.0,31.0,1135.0,3150.0
2021-07-01,2021-07-31,Connecticut,5051.0,334450.0,48.0,5600.0,16557.0
2021-07-01,2021-07-31,Delaware,1526.0,325250.0,20.0,1813.0,4145.0
2021-07-01,2021-07-31,Florida,44331.0,325000.0,29.0,47468.0,126141.0
2021-07-01,2021-07-31,Georgia,16223.0,300000.0,22.0,17965.0,45659.0
2021-07-01,2021-07-31,Hawaii,1733.0,670000.0,61.0,1658.0,6289.0
2021-07-01,2021-07-31,Idaho,3093.0,440000.0,23.0,3559.0,9344.0
2021-07-01,2021-07-31,Illinois,16812.0,263000.0,18.0,18823.0,49116.0
2021-07-01,2021-07-31,Indiana,8770.0,220000.0,41.0,8781.0,23263.0
2021-07-01,2021-07-31,Iowa,4029.0,200000.0,56.0,3955.0,13448.0
2021-07-01,2021-07-31,Kansas,3544.0,235000.0,43.0,3816.0,11162.0
2021-07-01,2021-07-31,Kentucky,4886.0,224355.0,33.0,5480.0,14124.0
2021-07-01,2021-07-31,Louisiana,4809.0,232000.0,43.0,5378.0,16684.0
2021-07-01,2021-07-31,Maine,2051.0,315000.0,19.0,2197.0,5758.0
2021-07-01,2021-07-31,Maryland,8932.0,375000.0,19.0,10781.0,23044.0
2021-07-01,2021-07-31,Massachusetts,7673.0,537500.0,22.0,8603.0,18376.0
2021-07-01,2021-07-31,Michigan,13024.0,230000.0,22.0,14217.0,35439.0
2021-07-01,2021-07-31,Minnesota,8107.0,315000.0,20.0,8353.0,23197.0
2021-07-01,2021-07-31,Mississippi,2281.0,216950.0,60.0,2633.0,9021.0
2021-07-01,2021-07-31,Missouri,8791.0,225000.0,35.0,8919.0,24003.0
2021-07-01,2021-07-31,Montana,1477.0,399000.0,66.0,1529.0,5705.0
2021-07-01,2021-07-31,Nebraska,2166.0,240925.0,16.0,2262.0,5674.0
2021-07-01,2021-07-31,Nevada,5289.0,394385.0,26.0,5936.0,13358.0
2021-07-01,2021-07-31,New Hampshire,1914.0,380000.0,30.0,2115.0,5519.0
2021-07-01,2021-07-31,New Jersey,11072.0,419000.0,62.0,13518.0,45194.0
2021-07-01,2021-07-31,New Mexico,2505.0,280000.0,41.0,2760.0,7773.0
2021-07-01,2021-07-31,New York,15042.0,435000.0,43.0,16827.0,61193.0
2021-07-01,2021-07-31,North Carolina,16455.0,303900.0,44.0,17536.0,52051.0
2021-07-01,2021-07-31,North Dakota,866.0,254900.0,82.0,824.0,3577.0
2021-07-01,2021-07-31,Ohio,13952.0,210000.0,40.0,16043.0,42062.0
2021-07-01,2021-07-31,Oklahoma,4866.0,209000.0,10.0,5796.0,13534.0
2021-07-01,2021-07-31,Oregon,6217.0,473600.0,11.0,6538.0,14031.0
2021-07-01,2021-07-31,Pennsylvania,14156.0,256000.0,38.0,15337.0,45358.0
2021-07-01,2021-07-31,Rhode Island,1313.0,370000.0,26.0,1650.0,3784.0
2021-07-01,2021-07-31,South Carolina,9419.0,280400.0,53.0,10030.0,32992.0
2021-07-01,2021-07-31,South Dakota,925.0,262500.0,65.0,1030.0,3828.0
2021-07-01,2021-07-31,Tennessee,10840.0,300000.0,40.0,11434.0,31135.0
2021-07-01,2021-07-31,Texas,33918.0,311800.0,24.0,38085.0,93880.0
2021-07-01,2021-07-31,Utah,4258.0,459200.0,13.0,4609.0,9360.0
2021-07-01,2021-07-31,Vermont,887.0,317375.0,65.0,974.0,3364.0
2021-07-01,2021-07-31,Virginia,13188.0,360000.0,27.0,14389.0,34712.0
2021-07-01,2021-07-31,Washington,11789.0,550000.0,8.0,11636.0,20145.0
2021-07-01,2021-07-31,West Virginia,1382.0,202500.0,67.0,1475.0,5114.0
2021-07-01,2021-07-31,Wisconsin,7546.0,252000.0,51.0,8160.0,24171.0
2021-07-01,2021-07-31,Wyoming,878.0,299000.0,65.0,845.0,3265.0
2021-06-01,2021-06-30,Alabama,7346.0,247000.0,52.0,6664.0,22713.0
2021-06-01,2021-06-30,Alaska,918.0,349000.0,30.0,1046.0,2967.0
2021-06-01,2021-06-30,Arizona,12333.0,385500.0,32.0,13092.0,31024.0
2021-06-01,2021-06-30,Arkansas,4182.0,204900.0,51.0,4205.0,14433.0
2021-06-01,2021-06-30,California,37008.0,695000.0,23.0,40012.0,90653.0
2021-06-01,2021-06-30,Colorado,10905.0,495000.0,23.0,11210.0,25567.0
2021-06-01,2021-06-30,District of Columbia,889.0,708200.0,29.0,1170.0,3193.0
2021-06-01,2021-06-30,Connecticut,5037.0,335000.0,51.0,5523.0,16993.0
2021-06-01,2021-06-30,Delaware,1571.0,315000.0,18.0,1798.0,4102.0
2021-06-01,2021-06-30,Florida,45196.0,322000.0,32.0,46732.0,126161.0
2021-06-01,2021-06-30,Georgia,16273.0,300000.0,23.0,17957.0,45221.0
2021-06-01,2021-06-30,Hawaii,1810.0,663000.0,60.0,1799.0,6467.0
2021-06-01,2021-06-30,Idaho,2992.0,441000.0,22.0,3197.0,8915.0
2021-06-01,2021-06-30,Illinois,16657.0,270000.0,18.0,18729.0,48297.0
2021-06-01,2021-06-30,Indiana,8732.0,217000.0,42.0,8468.0,22789.0
2021-06-01,2021-06-30,Iowa,4004.0,202750.0,56.0,3992.0,13670.0
2021-06-01,2021-06-30,Kansas,3444.0,233000.0,45.0,3660.0,10966.0
2021-06-01,2021-06-30,Kentucky,4951.0,224000.0,35.0,5175.0,13768.0
2021-06-01,2021-06-30,Louisiana,5020.0,235000.0,46.0,5198.0,16655.0
2021-06-01,2021-06-30,Maine,2043.0,314375.0,19.0,2160.0,5745.0
2021-06-01,2021-06-30,Maryland,8961.0,375000.0,17.0,10090.0,22034.0
2021-06-01,2021-06-30,Massachusetts,7637.0,551000.0,22.0,8730.0,18533.0
2021-06-01,2021-06-30,Michigan,13081.0,230000.0,23.0,14157.0,34841.0
2021-06-01,2021-06-30,Minnesota,8095.0,324950.0,21.0,8291.0,22671.0
2021-06-01,2021-06-30,Mississippi,2315.0,217500.0,61.0,2458.0,8982.0
2021-06-01,2021-06-30,Missouri,8908.0,225000.0,36.0,8776.0,23398.0
2021-06-01,2021-06-30,Montana,1490.0,399000.0,65.0,1467.0,5800.0
2021-06-01,2021-06-30,Nebraska,2049.0,243250.0,15.0,2281.0,5716.0
2021-06-01,2021-06-30,Nevada,5279.0,380000.0,26.0,5599.0,12902.0
2021-06-01,2021-06-30,New Hampshire,1966.0,376273.0,29.0,2183.0,5469.0
2021-06-01,2021-06-30,New Jersey,11165.0,415000.0,63.0,13499.0,45363.0
2021-06-01,2021-06-30,New Mexico,2465.0,275000.0,41.0,2452.0,7625.0
2021-06-01,2021-06-30,New York,14879.0,430500.0,46.0,16861.0,61645.0
2021-06-01,2021-06-30,North Carolina,16492.0,305000.0,46.0,17135.0,52222.0
2021-06-01,2021-06-30,North Dakota,825.0,250000.0,82.0,855.0,3650.0
2021-06-01,2021-06-30,Ohio,13571.0,210000.0,40.0,15403.0,40761.0
2021-06-01,2021-06-30,Oklahoma,5101.0,210250.0,10.0,5510.0,12784.0
2021-06-01,2021-06-30,Oregon,5983.0,470000.0,11.0,6384.0,14026.0
2021-06-01,2021-06-30,Pennsylvania,13929.0,260000.0,39.0,15500.0,44708.0
2021-06-01,2021-06-30,Rhode Island,1408.0,365000.0,27.0,1589.0,3677.0
2021-06-01,2021-06-30,South Carolina,9546.0,284857.0,54.0,9590.0,32796.0
2021-06-01,2021-06-30,South Dakota,964.0,268000.0,70.0,995.0,3809.0
2021-06-01,2021-06-30,Tennessee,10667.0,300000.0,41.0,10682.0,29857.0
2021-06-01,2021-06-30,Texas,33442.0,310859.0,25.0,37452.0,90260.0
2021-06-01,2021-06-30,Utah,4336.0,450000.0,14.0,4472.0,9186.0
2021-06-01,2021-06-30,Vermont,880.0,324950.0,62.0,877.0,3427.0
2021-06-01,2021-06-30,Virginia,13149.0,370000.0,27.0,14025.0,34256.0
2021-06-01,2021-06-30,Washington,11409.0,550000.0,9.0,11443.0,20461.0
2021-06-01,2021-06-30,West Virginia,1406.0,203000.0,66.0,1361.0,5075.0
2021-06-01,2021-06-30,Wisconsin,7556.0,258000.0,51.0,8131.0,24111.0
2021-06-01,2021-06-30,Wyoming,938.0,282000.0,67.0,818.0,3334.0
2021-05-01,2021-05-31,Alabama,6775.0,240000.0,53.0,6322.0,22773.0
2021-05-01,2021-05-31,Alaska,946.0,328500.0,30.0,1098.0,3046.0
2021-05-01,2021-05-31,Arizona,12232.0,380000.0,32.0,12876.0,30618.0
2021-05-01,2021-05-31,Arkansas,3865.0,205000.0,50.0,4158.0,14286.0
2021-05-01,2021-05-31,California,36645.0,682500.0,24.0,39389.0,91223.0
2021-05-01,2021-05-31,Colorado,10041.0,490000.0,24.0,10331.0,25459.0
2021-05-01,2021-05-31,District of Columbia,942.0,689000.0,30.0,1072.0,3201.0
2021-05-01,2021-05-31,Connecticut,4990.0,310000.0,52.0,5402.0,17366.0
2021-05-01,2021-05-31,Delaware,1473.0,305000.0,22.0,1729.0,4175.0
2021-05-01,2021-05-31,Florida,44081.0,311900.0,34.0,47483.0,127921.0
2021-05-01,2021-05-31,Georgia,16216.0,292495.0,25.0,17377.0,45217.0
2021-05-01,2021-05-31,Hawaii,1752.0,659000.0,63.0,1720.0,6503.0
2021-05-01,2021-05-31,Idaho,2950.0,434285.0,23.0,2975.0,8793.0
2021-05-01,2021-05-31,Illinois,16466.0,260000.0,21.0,18197.0,48529.0
2021-05-01,2021-05-31,Indiana,8667.0,210000.0,41.0,8033.0,22391.0
2021-05-01,2021-05-31,Iowa,4053.0,195000.0,55.0,3952.0,13625.0
2021-05-01,2021-05-31,Kansas,3418.0,232000.0,45.0,3744.0,11015.0
2021-05-01,2021-05-31,Kentucky,4920.0,215000.0,35.0,5065.0,13732.0
2021-05-01,2021-05-31,Louisiana,4844.0,228000.0,48.0,5028.0,17146.0
2021-05-01,2021-05-31,Maine,2093.0,305000.0,19.0,2065.0,5818.0
2021-05-01,2021-05-31,Maryland,8803.0,365000.0,19.0,9473.0,22027.0
2021-05-01,2021-05-31,Massachusetts,7797.0,530000.0,23.0,7909.0,18648.0
2021-05-01,2021-05-31,Michigan,13251.0,221500.0,24.0,14078.0,34979.0
2021-05-01,2021-05-31,Minnesota,8134.0,310000.0,22.0,7901.0,21015.0
2021-05-01,2021-05-31,Mississippi,2378.0,214900.0,62.0,2473.0,9167.0
2021-05-01,2021-05-31,Missouri,8705.0,219900.0,35.0,8841.0,23455.0
2021-05-01,2021-05-31,Montana,1393.0,389500.0,65.0,1259.0,5724.0
2021-05-01,2021-05-31,Nebraska,2088.0,235000.0,15.0,2097.0,5625.0
2021-05-01,2021-05-31,Nevada,5070.0,370000.0,29.0,5587.0,13235.0
2021-05-01,2021-05-31,New Hampshire,1940.0,375000.0,32.0,2074.0,5389.0
2021-05-01,2021-05-31,New Jersey,11121.0,399900.0,62.0,12768.0,45359.0
2021-05-01,2021-05-31,New Mexico,2438.0,268955.0,43.0,2494.0,7736.0
2021-05-01,2021-05-31,New York,15123.0,405720.0,52.0,16510.0,62669.0
2021-05-01,2021-05-31,North Carolina,16386.0,299000.0,46.0,16718.0,52822.0
2021-05-01,2021-05-31,North Dakota,879.0,252000.0,79.0,816.0,3679.0
2021-05-01,2021-05-31,Ohio,13265.0,200000.0,40.0,15018.0,40167.0
2021-05-01,2021-05-31,Oklahoma,4877.0,205000.0,12.0,5279.0,12386.0
2021-05-01,2021-05-31,Oregon,5972.0,465000.0,11.0,6191.0,14312.0
2021-05-01,2021-05-31,Pennsylvania,13495.0,241500.0,40.0,15229.0,44788.0
2021-05-01,2021-05-31,Rhode Island,1348.0,350000.0,29.0,1487.0,3668.0
2021-05-01,2021-05-31,South Carolina,9471.0,274964.0,57.0,9729.0,33771.0
2021-05-01,2021-05-31,South Dakota,870.0,254950.0,66.0,935.0,3700.0
2021-05-01,2021-05-31,Tennessee,10063.0,289900.0,41.0,10155.0,30054.0
2021-05-01,2021-05-31,Texas,32958.0,304115.0,26.0,36775.0,89239.0
2021-05-01,2021-05-31,Utah,4020.0,440000.0,15.0,3899.0,9104.0
2021-05-01,2021-05-31,Vermont,862.0,315000.0,69.0,890.0,3560.0
2021-05-01,2021-05-31,Virginia,13250.0,365000.0,28.0,13550.0,33971.0
2021-05-01,2021-05-31,Washington,11122.0,545000.0,9.0,10635.0,21175.0
2021-05-01,2021-05-31,West Virginia,1285.0,194935.0,64.0,1359.0,5108.0
2021-05-01,2021-05-31,Wisconsin,7478.0,248000.0,51.0,7663.0,23909.0
2021-05-01,2021-05-31,Wyoming,928.0,265000.0,70.0,776.0,3379.0
2021-04-01,2021-04-30,Alabama,6921.0,237000.0,54.0,6337.0,22975.0
2021-04-01,2021-04-30,Alaska,945.0,323250.0,30.0,1062.0,3050.0
2021-04-01,2021-04-30,Arizona,12250.0,366000.0,34.0,12923.0,30771.0
2021-04-01,2021-04-30,Arkansas,3690.0,198500.0,51.0,3955.0,14027.0
2021-04-01,2021-04-30,California,36703.0,670000.0,25.0,39642.0,94080.0
2021-04-01,2021-04-30,Colorado,10317.0,476000.0,27.0,10367.0,26459.0
2021-04-01,2021-04-30,District of Columbia,961.0,652750.0,31.0,1094.0,3263.0
2021-04-01,2021-04-30,Connecticut,5091.0,305500.0,53.0,5405.0,17540.0
2021-04-01,2021-04-30,Delaware,1475.0,297000.0,25.0,1675.0,4182.0
2021-04-01,2021-04-30,Florida,44942.0,305000.0,38.0,47157.0,129984.0
2021-04-01,2021-04-30,Georgia,16130.0,285000.0,28.0,17857.0,46502.0
2021-04-01,2021-04-30,Hawaii,1743.0,640000.0,67.0,1724.0,6719.0
2021-04-01,2021-04-30,Idaho,3047.0,418814.0,24.0,2982.0,8975.0
2021-04-01,2021-04-30,Illinois,16007.0,259900.0,25.0,18383.0,49371.0
2021-04-01,2021-04-30,Indiana,8631.0,197000.0,41.0,8013.0,22354.0
2021-04-01,2021-04-30,Iowa,3943.0,189950.0,55.0,3930.0,13597.0
2021-04-01,2021-04-30,Kansas,3217.0,220000.0,46.0,3589.0,10783.0
2021-04-01,2021-04-30,Kentucky,4845.0,205000.0,34.0,5057.0,13660.0
2021-04-01,2021-04-30,Louisiana,4711.0,227500.0,47.0,4957.0,17299.0
2021-04-01,2021-04-30,Maine,2075.0,284500.0,20.0,2158.0,6118.0
2021-04-01,2021-04-30,Maryland,8710.0,357000.0,19.0,9070.0,21821.0
2021-04-01,2021-04-30,Massachusetts,7650.0,512000.0,23.0,8434.0,20422.0
2021-04-01,2021-04-30,Michigan,13282.0,215000.0,24.0,14108.0,35332.0
2021-04-01,2021-04-30,Minnesota,8037.0,305000.0,22.0,8209.0,19519.0
2021-04-01,2021-04-30,Mississippi,2371.0,210500.0,64.0,2382.0,9287.0
2021-04-01,2021-04-30,Missouri,8674.0,209000.0,36.0,8844.0,23572.0
2021-04-01,2021-04-30,Montana,1474.0,375000.0,64.0,1351.0,6076.0
2021-04-01,2021-04-30,Nebraska,2010.0,230000.0,21.0,2138.0,5701.0
2021-04-01,2021-04-30,Nevada,5371.0,360000.0,33.0,5504.0,13943.0
2021-04-01,2021-04-30,New Hampshire,1990.0,360450.0,33.0,2161.0,5605.0
2021-04-01,2021-04-30,New Jersey,11140.0,385000.0,63.0,12509.0,45440.0
2021-04-01,2021-04-30,New Mexico,2432.0,260000.0,45.0,2450.0,7770.0
2021-04-01,2021-04-30,New York,15604.0,415000.0,56.0,17139.0,64453.0
2021-04-01,2021-04-30,North Carolina,16317.0,287000.0,46.0,16590.0,53190.0
2021-04-01,2021-04-30,North Dakota,855.0,243750.0,82.0,821.0,3733.0
2021-04-01,2021-04-30,Ohio,12739.0,190850.0,41.0,14587.0,40039.0
2021-04-01,2021-04-30,Oklahoma,4859.0,201373.0,19.0,5024.0,12838.0
2021-04-01,2021-04-30,Oregon,5909.0,444550.0,12.0,6275.0,14817.0
2021-04-01,2021-04-30,Pennsylvania,13511.0,235000.0,41.0,15405.0,45234.0
2021-04-01,2021-04-30,Rhode Island,1396.0,339900.0,29.0,1473.0,3987.0
2021-04-01,2021-04-30,South Carolina,9510.0,270000.0,58.0,9637.0,34703.0
2021-04-01,2021-04-30,South Dakota,873.0,244900.0,61.0,922.0,3645.0
2021-04-01,2021-04-30,Tennessee,10283.0,280000.0,43.0,9970.0,30223.0
2021-04-01,2021-04-30,Texas,32743.0,293000.0,28.0,36928.0,91641.0
2021-04-01,2021-04-30,Utah,4282.0,430000.0,15.0,4465.0,9557.0
2021-04-01,2021-04-30,Vermont,962.0,299000.0,62.0,990.0,3706.0
2021-04-01,2021-04-30,Virginia,13178.0,355000.0,30.0,12985.0,33661.0
2021-04-01,2021-04-30,Washington,10939.0,525000.0,9.0,11559.0,22661.0
2021-04-01,2021-04-30,West Virginia,1387.0,185000.0,67.0,1328.0,5161.0
2021-04-01,2021-04-30,Wisconsin,7540.0,236000.0,52.0,7566.0,23964.0
2021-04-01,2021-04-30,Wyoming,911.0,272500.0,66.0,823.0,3465.0
2021-03-01,2021-03-31,Alabama,6807.0,235000.0,52.0,6201.0,23069.0
2021-03-01,2021-03-31,Alaska,1021.0,299900.0,27.0,1035.0,3064.0
2021-03-01,2021-03-31,Arizona,12427.0,350225.0,33.0,12779.0,30854.0
2021-03-01,2021-03-31,Arkansas,3799.0,189900.0,53.0,4096.0,13918.0
2021-03-01,2021-03-31,California,35741.0,640000.0,27.0,39296.0,95179.0
2021-03-01,2021-03-31,Colorado,10766.0,454000.0,27.0,10500.0,27310.0
2021-03-01,2021-03-31,District of Columbia,966.0,635000.0,29.0,1040.0,3253.0
2021-03-01,2021-03-31,Connecticut,5073.0,290000.0,52.0,5537.0,17681.0
2021-03-01,2021-03-31,Delaware,1510.0,285000.0,25.0,1577.0,4233.0
2021-03-01,2021-03-31,Florida,45298.0,297000.0,41.0,46556.0,134471.0
2021-03-01,2021-03-31,Georgia,16266.0,275563.0,30.0,17453.0,47517.0
2021-03-01,2021-03-31,Hawaii,1710.0,615000.0,67.0,1678.0,6891.0
2021-03-01,2021-03-31,Idaho,3058.0,410000.0,25.0,3212.0,9164.0
2021-03-01,2021-03-31,Illinois,16022.0,250000.0,30.0,17909.0,49348.0
2021-03-01,2021-03-31,Indiana,8615.0,190000.0,40.0,7669.0,21939.0
2021-03-01,2021-03-31,Iowa,3961.0,179000.0,53.0,3919.0,13380.0
2021-03-01,2021-03-31,Kansas,3218.0,215000.0,44.0,3592.0,10601.0
2021-03-01,2021-03-31,Kentucky,4870.0,197500.0,35.0,4926.0,13731.0
2021-03-01,2021-03-31,Louisiana,4669.0,225000.0,48.0,4808.0,17349.0
2021-03-01,2021-03-31,Maine,2051.0,275000.0,23.0,2309.0,6321.0
2021-03-01,2021-03-31,Maryland,8623.0,340500.0,21.0,8949.0,21747.0
2021-03-01,2021-03-31,Massachusetts,7745.0,475000.0,22.0,8553.0,21072.0
2021-03-01,2021-03-31,Michigan,13411.0,201300.0,24.0,14098.0,35387.0
2021-03-01,2021-03-31,Minnesota,8041.0,295000.0,21.0,8630.0,17755.0
2021-03-01,2021-03-31,Mississippi,2301.0,206950.0,59.0,2326.0,9342.0
2021-03-01,2021-03-31,Missouri,8705.0,203000.0,37.0,8673.0,23557.0
2021-03-01,2021-03-31,Montana,1474.0,370000.0,59.0,1511.0,6166.0
2021-03-01,2021-03-31,Nebraska,1951.0,224000.0,24.0,2071.0,5714.0
2021-03-01,2021-03-31,Nevada,5318.0,349000.0,33.0,5370.0,14213.0
2021-03-01,2021-03-31,New Hampshire,2013.0,335000.0,36.0,2187.0,5698.0
2021-03-01,2021-03-31,New Jersey,11995.0,375000.0,63.0,12413.0,45570.0
2021-03-01,2021-03-31,New Mexico,2465.0,255000.0,41.0,2441.0,7755.0
2021-03-01,2021-03-31,New York,15821.0,405000.0,53.0,16620.0,65401.0
2021-03-01,2021-03-31,North Carolina,16507.0,280000.0,46.0,16444.0,54171.0
2021-03-01,2021-03-31,North Dakota,849.0,228000.0,85.0,909.0,3765.0
2021-03-01,2021-03-31,Ohio,13161.0,180000.0,42.0,14529.0,40103.0
2021-03-01,2021-03-31,Oklahoma,4757.0,200000.0,31.0,5080.0,13366.0
2021-03-01,2021-03-31,Oregon,5721.0,435000.0,15.0,6337.0,15270.0
2021-03-01,2021-03-31,Pennsylvania,13793.0,229000.0,42.0,15309.0,44847.0
2021-03-01,2021-03-31,Rhode Island,1428.0,325050.0,33.0,1576.0,4178.0
2021-03-01,2021-03-31,South Carolina,9493.0,264930.0,57.0,9588.0,35366.0
2021-03-01,2021-03-31,South Dakota,933.0,235000.0,58.0,993.0,3622.0
2021-03-01,2021-03-31,Tennessee,10234.0,274650.0,44.0,9714.0,31117.0
2021-03-01,2021-03-31,Texas,32750.0,285000.0,32.0,36645.0,93693.0
2021-03-01,2021-03-31,Utah,4041.0,408000.0,12.0,4493.0,9790.0
2021-03-01,2021-03-31,Vermont,977.0,275000.0,61.0,1028.0,3731.0
2021-03-01,2021-03-31,Virginia,12977.0,331275.0,30.0,12617.0,33307.0
2021-03-01,2021-03-31,Washington,10717.0,511445.0,8.0,11566.0,23242.0
2021-03-01,2021-03-31,West Virginia,1318.0,185000.0,63.0,1402.0,5144.0
2021-03-01,2021-03-31,Wisconsin,7370.0,230000.0,52.0,7610.0,23865.0
2021-03-01,2021-03-31,Wyoming,861.0,259000.0,68.0,769.0,3444.0
2021-02-01,2021-02-28,Alabama,6534.0,226075.0,54.0,6258.0,23143.0
2021-02-01,2021-02-28,Alaska,989.0,289768.0,30.0,1115.0,3185.0
2021-02-01,2021-02-28,Arizona,12352.0,340000.0,32.0,12893.0,31045.0
2021-02-01,2021-02-28,Arkansas,3593.0,192500.0,51.0,3294.0,13429.0
2021-02-01,2021-02-28,California,36184.0,607000.0,27.0,38767.0,95775.0
2021-02-01,2021-02-28,Colorado,10847.0,435000.0,25.0,11264.0,28052.0
2021-02-01,2021-02-28,District of Columbia,938.0,635000.0,25.0,1099.0,3343.0
2021-02-01,2021-02-28,Connecticut,5091.0,283000.0,53.0,5097.0,17505.0
2021-02-01,2021-02-28,Delaware,1610.0,275990.0,26.0,1442.0,4278.0
2021-02-01,2021-02-28,Florida,44398.0,287500.0,41.0,45654.0,139874.0
2021-02-01,2021-02-28,Georgia,16011.0,264554.0,31.0,17473.0,48567.0
2021-02-01,2021-02-28,Hawaii,1698.0,638000.0,68.0,1590.0,7019.0
2021-02-01,2021-02-28,Idaho,2954.0,387000.0,24.0,3379.0,9026.0
2021-02-01,2021-02-28,Illinois,15611.0,228500.0,32.0,15781.0,49840.0
2021-02-01,2021-02-28,Indiana,8816.0,182900.0,38.0,7064.0,21678.0
2021-02-01,2021-02-28,Iowa,3893.0,175000.0,54.0,3851.0,13137.0
2021-02-01,2021-02-28,Kansas,3373.0,196750.0,42.0,3256.0,10449.0
2021-02-01,2021-02-28,Kentucky,4903.0,193250.0,33.0,4496.0,13676.0
2021-02-01,2021-02-28,Louisiana,4470.0,219900.0,48.0,4602.0,17177.0
2021-02-01,2021-02-28,Maine,2026.0,250000.0,25.0,2352.0,6313.0
2021-02-01,2021-02-28,Maryland,9136.0,320000.0,21.0,8563.0,20992.0
2021-02-01,2021-02-28,Massachusetts,7902.0,450000.0,28.0,8185.0,21299.0
2021-02-01,2021-02-28,Michigan,13475.0,186000.0,24.0,14059.0,35493.0
2021-02-01,2021-02-28,Minnesota,8220.0,282000.0,22.0,8536.0,14628.0
2021-02-01,2021-02-28,Mississippi,2206.0,200000.0,60.0,1980.0,9306.0
2021-02-01,2021-02-28,Missouri,8710.0,198000.0,34.0,7921.0,23477.0
2021-02-01,2021-02-28,Montana,1395.0,348000.0,61.0,1530.0,6143.0
2021-02-01,2021-02-28,Nebraska,1977.0,217000.0,22.0,2018.0,5642.0
2021-02-01,2021-02-28,Nevada,5386.0,345000.0,31.0,5375.0,14825.0
2021-02-01,2021-02-28,New Hampshire,2158.0,330000.0,35.0,2153.0,5704.0
2021-02-01,2021-02-28,New Jersey,12276.0,365000.0,62.0,11305.0,46043.0
2021-02-01,2021-02-28,New Mexico,2462.0,250000.0,41.0,2524.0,7675.0
2021-02-01,2021-02-28,New York,16272.0,390050.0,51.0,16611.0,66874.0
2021-02-01,2021-02-28,North Carolina,16323.0,270500.0,45.0,16425.0,54641.0
2021-02-01,2021-02-28,North Dakota,771.0,230000.0,80.0,793.0,3668.0
2021-02-01,2021-02-28,Ohio,13171.0,169900.0,41.0,13634.0,40280.0
2021-02-01,2021-02-28,Oklahoma,4694.0,193500.0,38.0,4072.0,12885.0
2021-02-01,2021-02-28,Oregon,5711.0,420000.0,16.0,6199.0,15003.0
2021-02-01,2021-02-28,Pennsylvania,13953.0,215000.0,40.0,14884.0,44319.0
2021-02-01,2021-02-28,Rhode Island,1503.0,310500.0,32.0,1501.0,4111.0
2021-02-01,2021-02-28,South Carolina,9409.0,257900.0,61.0,9519.0,35678.0
2021-02-01,2021-02-28,South Dakota,1037.0,236250.0,56.0,922.0,3503.0
2021-02-01,2021-02-28,Tennessee,10001.0,262000.0,39.0,10014.0,31357.0
2021-02-01,2021-02-28,Texas,28960.0,275000.0,28.0,30801.0,94535.0
2021-02-01,2021-02-28,Utah,4186.0,387000.0,6.0,4252.0,9854.0
2021-02-01,2021-02-28,Vermont,996.0,270000.0,64.0,958.0,3715.0
2021-02-01,2021-02-28,Virginia,12965.0,320000.0,28.0,11919.0,33033.0
2021-02-01,2021-02-28,Washington,10545.0,480000.0,5.0,11582.0,23380.0
2021-02-01,2021-02-28,West Virginia,1343.0,175000.0,66.0,1097.0,5027.0
2021-02-01,2021-02-28,Wisconsin,7483.0,214900.0,53.0,7187.0,23837.0
2021-02-01,2021-02-28,Wyoming,849.0,260000.0,70.0,882.0,3482.0
2021-01-01,2021-01-31,Alabama,6683.0,219900.0,54.0,6419.0,23461.0
2021-01-01,2021-01-31,Alaska,1105.0,295000.0,29.0,1146.0,3322.0
2021-01-01,2021-01-31,Arizona,12802.0,331000.0,35.0,12473.0,31654.0
2021-01-01,2021-01-31,Arkansas,3805.0,184000.0,53.0,3975.0,13672.0
2021-01-01,2021-01-31,California,39380.0,584573.0,26.0,38075.0,98308.0
2021-01-01,2021-01-31,Colorado,11031.0,423919.0,23.0,11655.0,28156.0
2021-01-01,2021-01-31,District of Columbia,938.0,614950.0,26.0,1197.0,3373.0
2021-01-01,2021-01-31,Connecticut,5278.0,287500.0,53.0,5402.0,18290.0
2021-01-01,2021-01-31,Delaware,1808.0,274900.0,27.0,1616.0,4429.0
2021-01-01,2021-01-31,Florida,47183.0,283000.0,43.0,45217.0,146514.0
2021-01-01,2021-01-31,Georgia,16436.0,260000.0,33.0,17299.0,49660.0
2021-01-01,2021-01-31,Hawaii,1615.0,620000.0,69.0,1548.0,7197.0
2021-01-01,2021-01-31,Idaho,3223.0,375000.0,26.0,3323.0,8679.0
2021-01-01,2021-01-31,Illinois,16918.0,225235.0,33.0,17879.0,54023.0
2021-01-01,2021-01-31,Indiana,8991.0,180000.0,40.0,8094.0,22742.0
2021-01-01,2021-01-31,Iowa,4094.0,175000.0,56.0,3833.0,13513.0
2021-01-01,2021-01-31,Kansas,3784.0,205000.0,42.0,3710.0,10872.0
2021-01-01,2021-01-31,Kentucky,5005.0,188900.0,34.0,5090.0,14413.0
2021-01-01,2021-01-31,Louisiana,4827.0,214900.0,51.0,4865.0,17583.0
2021-01-01,2021-01-31,Maine,2092.0,259900.0,23.0,2320.0,6413.0
2021-01-01,2021-01-31,Maryland,9483.0,325000.0,22.0,9785.0,22336.0
2021-01-01,2021-01-31,Massachusetts,7989.0,453000.0,22.0,8846.0,21973.0
2021-01-01,2021-01-31,Michigan,13602.0,186000.0,25.0,14051.0,36263.0
2021-01-01,2021-01-31,Minnesota,8426.0,272000.0,22.0,8825.0,14031.0
2021-01-01,2021-01-31,Mississippi,2369.0,194900.0,66.0,2382.0,9609.0
2021-01-01,2021-01-31,Missouri,8817.0,192500.0,35.0,8622.0,24359.0
2021-01-01,2021-01-31,Montana,1470.0,350000.0,65.0,1584.0,6195.0
2021-01-01,2021-01-31,Nebraska,2213.0,210000.0,20.0,2112.0,5704.0
2021-01-01,2021-01-31,Nevada,5617.0,335000.0,35.0,5101.0,15458.0
2021-01-01,2021-01-31,New Hampshire,2273.0,330000.0,37.0,2247.0,5965.0
2021-01-01,2021-01-31,New Jersey,12947.0,371000.0,62.0,12668.0,48031.0
2021-01-01,2021-01-31,New Mexico,2612.0,247000.0,41.0,2595.0,7761.0
2021-01-01,2021-01-31,New York,15585.0,380000.0,52.0,17681.0,74702.0
2021-01-01,2021-01-31,North Carolina,16883.0,269190.0,47.0,16685.0,55161.0
2021-01-01,2021-01-31,North Dakota,793.0,236750.0,84.0,869.0,3698.0
2021-01-01,2021-01-31,Ohio,14886.0,171000.0,42.0,14497.0,41257.0
2021-01-01,2021-01-31,Oklahoma,5382.0,187000.0,38.0,5129.0,14007.0
2021-01-01,2021-01-31,Oregon,6349.0,410000.0,18.0,6699.0,15250.0
2021-01-01,2021-01-31,Pennsylvania,15510.0,219000.0,41.0,15543.0,46081.0
2021-01-01,2021-01-31,Rhode Island,1498.0,320000.0,33.0,1684.0,4282.0
2021-01-01,2021-01-31,South Carolina,9621.0,255000.0,62.0,9585.0,36332.0
2021-01-01,2021-01-31,South Dakota,1110.0,234450.0,64.0,1038.0,3579.0
2021-01-01,2021-01-31,Tennessee,10572.0,255500.0,45.0,10851.0,32955.0
2021-01-01,2021-01-31,Texas,36114.0,265000.0,30.0,36384.0,102100.0
2021-01-01,2021-01-31,Utah,4471.0,380000.0,11.0,4459.0,10112.0
2021-01-01,2021-01-31,Vermont,1008.0,275000.0,67.0,972.0,3845.0
2021-01-01,2021-01-31,Virginia,13145.0,310000.0,29.0,13318.0,34494.0
2021-01-01,2021-01-31,Washington,12421.0,455000.0,7.0,12079.0,23535.0
2021-01-01,2021-01-31,West Virginia,1488.0,180000.0,68.0,1360.0,5281.0
2021-01-01,2021-01-31,Wisconsin,7659.0,210000.0,53.0,7753.0,24256.0
2021-01-01,2021-01-31,Wyoming,862.0,255000.0,64.0,890.0,3485.0
2020-12-01,2020-12-31,Alabama,6831.0,221270.0,56.0,6669.0,23679.0
2020-12-01,2020-12-31,Alaska,1064.0,318500.0,32.0,1165.0,3235.0
2020-12-01,2020-12-31,Arizona,13057.0,325280.0,37.0,13058.0,33237.0
2020-12-01,2020-12-31,Arkansas,3929.0,189900.0,55.0,4040.0,13974.0
2020-12-01,2020-12-31,California,38410.0,585000.0,27.0,39260.0,100847.0
2020-12-01,2020-12-31,Colorado,11636.0,426000.0,26.0,12522.0,27952.0
2020-12-01,2020-12-31,District of Columbia,952.0,638000.0,30.0,1333.0,3336.0
2020-12-01,2020-12-31,Connecticut,5356.0,290000.0,54.0,5973.0,18940.0
2020-12-01,2020-12-31,Delaware,1759.0,290250.0,29.0,1710.0,4516.0
2020-12-01,2020-12-31,Florida,46094.0,285000.0,45.0,45933.0,152775.0
2020-12-01,2020-12-31,Georgia,16136.0,265000.0,35.0,18063.0,50457.0
2020-12-01,2020-12-31,Hawaii,1660.0,638500.0,74.0,1648.0,7535.0
2020-12-01,2020-12-31,Idaho,3495.0,365000.0,28.0,3596.0,8470.0
2020-12-01,2020-12-31,Illinois,16817.0,230000.0,31.0,18456.0,52423.0
2020-12-01,2020-12-31,Indiana,8954.0,188000.0,42.0,8579.0,23520.0
2020-12-01,2020-12-31,Iowa,4062.0,179000.0,57.0,4078.0,13915.0
2020-12-01,2020-12-31,Kansas,3760.0,210000.0,44.0,3839.0,10990.0
2020-12-01,2020-12-31,Kentucky,5014.0,190500.0,34.0,5655.0,14446.0
2020-12-01,2020-12-31,Louisiana,4823.0,219000.0,52.0,5206.0,17706.0
2020-12-01,2020-12-31,Maine,2276.0,269000.0,21.0,2390.0,6266.0
2020-12-01,2020-12-31,Maryland,9590.0,335000.0,22.0,10387.0,22337.0
2020-12-01,2020-12-31,Massachusetts,8053.0,460000.0,24.0,9555.0,22342.0
2020-12-01,2020-12-31,Michigan,13958.0,195000.0,27.0,14068.0,36536.0
2020-12-01,2020-12-31,Minnesota,8416.0,278248.0,23.0,9756.0,15599.0
2020-12-01,2020-12-31,Mississippi,2275.0,205000.0,65.0,2470.0,9786.0
2020-12-01,2020-12-31,Missouri,8849.0,199000.0,36.0,9466.0,24530.0
2020-12-01,2020-12-31,Montana,1619.0,349000.0,66.0,1761.0,6273.0
2020-12-01,2020-12-31,Nebraska,2293.0,213000.0,19.0,2382.0,5737.0
2020-12-01,2020-12-31,Nevada,5608.0,336995.0,39.0,5902.0,15993.0
2020-12-01,2020-12-31,New Hampshire,2415.0,332000.0,40.0,2300.0,6128.0
2020-12-01,2020-12-31,New Jersey,13274.0,374000.0,63.0,13977.0,49943.0
2020-12-01,2020-12-31,New Mexico,2618.0,257000.0,42.0,2783.0,7821.0
2020-12-01,2020-12-31,New York,15982.0,370000.0,51.0,18131.0,76067.0
2020-12-01,2020-12-31,North Carolina,16469.0,275000.0,49.0,16905.0,55700.0
2020-12-01,2020-12-31,North Dakota,880.0,235000.0,87.0,813.0,3731.0
2020-12-01,2020-12-31,Ohio,14975.0,179500.0,42.0,15173.0,41705.0
2020-12-01,2020-12-31,Oklahoma,5418.0,193000.0,32.0,5158.0,14002.0
2020-12-01,2020-12-31,Oregon,6782.0,407000.0,19.0,7757.0,15243.0
2020-12-01,2020-12-31,Pennsylvania,15458.0,220000.0,42.0,15380.0,46653.0
2020-12-01,2020-12-31,Rhode Island,1589.0,320000.0,34.0,1758.0,4293.0
2020-12-01,2020-12-31,South Carolina,9465.0,255000.0,66.0,9800.0,36945.0
2020-12-01,2020-12-31,South Dakota,1052.0,240005.0,68.0,1121.0,3688.0
2020-12-01,2020-12-31,Tennessee,11315.0,265000.0,47.0,11732.0,33099.0
2020-12-01,2020-12-31,Texas,35578.0,273000.0,31.0,37205.0,103301.0
2020-12-01,2020-12-31,Utah,4720.0,384000.0,14.0,5296.0,10194.0
2020-12-01,2020-12-31,Vermont,1126.0,286250.0,72.0,1009.0,3998.0
2020-12-01,2020-12-31,Virginia,12866.0,320000.0,29.0,14941.0,35450.0
2020-12-01,2020-12-31,Washington,12384.0,454400.0,7.0,14519.0,23492.0
2020-12-01,2020-12-31,West Virginia,1335.0,184000.0,67.0,1407.0,5317.0
2020-12-01,2020-12-31,Wisconsin,7690.0,215000.0,54.0,8332.0,24547.0
2020-12-01,2020-12-31,Wyoming,929.0,265000.0,73.0,923.0,3560.0
2020-11-01,2020-11-30,Alabama,6699.0,224000.0,58.0,6671.0,23825.0
2020-11-01,2020-11-30,Alaska,1018.0,306000.0,32.0,1135.0,3224.0
2020-11-01,2020-11-30,Arizona,13122.0,325000.0,39.0,12609.0,34500.0
2020-11-01,2020-11-30,Arkansas,4120.0,190000.0,55.0,4085.0,14286.0
2020-11-01,2020-11-30,California,38239.0,589800.0,27.0,38314.0,101572.0
2020-11-01,2020-11-30,Colorado,12038.0,430000.0,28.0,11748.0,28111.0
2020-11-01,2020-11-30,District of Columbia,971.0,680000.0,30.0,1160.0,3202.0
2020-11-01,2020-11-30,Connecticut,5391.0,290000.0,56.0,6042.0,19325.0
2020-11-01,2020-11-30,Delaware,1723.0,299700.0,29.0,1727.0,4531.0
2020-11-01,2020-11-30,Florida,46901.0,280000.0,46.0,45361.0,157190.0
2020-11-01,2020-11-30,Georgia,16437.0,262529.0,36.0,17260.0,51233.0
2020-11-01,2020-11-30,Hawaii,1518.0,615000.0,72.0,1588.0,7628.0
2020-11-01,2020-11-30,Idaho,3615.0,360000.0,29.0,3358.0,8690.0
2020-11-01,2020-11-30,Illinois,16703.0,230000.0,31.0,17879.0,52625.0
2020-11-01,2020-11-30,Indiana,8793.0,189900.0,43.0,8343.0,23934.0
2020-11-01,2020-11-30,Iowa,4047.0,178135.0,60.0,4020.0,14233.0
2020-11-01,2020-11-30,Kansas,3694.0,210000.0,45.0,3778.0,11098.0
2020-11-01,2020-11-30,Kentucky,4971.0,199900.0,35.0,5316.0,14375.0
2020-11-01,2020-11-30,Louisiana,4574.0,222700.0,53.0,4986.0,17651.0
2020-11-01,2020-11-30,Maine,2233.0,270000.0,25.0,2424.0,6389.0
2020-11-01,2020-11-30,Maryland,9555.0,340000.0,22.0,10013.0,22705.0
2020-11-01,2020-11-30,Massachusetts,7856.0,460000.0,24.0,9181.0,22908.0
2020-11-01,2020-11-30,Michigan,13873.0,200000.0,28.0,13904.0,36955.0
2020-11-01,2020-11-30,Minnesota,8457.0,283920.0,22.0,8546.0,19367.0
2020-11-01,2020-11-30,Mississippi,2330.0,204900.0,66.0,2432.0,9934.0
2020-11-01,2020-11-30,Missouri,8871.0,205000.0,38.0,8765.0,24691.0
2020-11-01,2020-11-30,Montana,1690.0,348500.0,68.0,1623.0,6395.0
2020-11-01,2020-11-30,Nebraska,2347.0,222000.0,20.0,2161.0,5644.0
2020-11-01,2020-11-30,Nevada,5826.0,340000.0,42.0,5617.0,16483.0
2020-11-01,2020-11-30,New Hampshire,2365.0,332000.0,41.0,2273.0,6310.0
2020-11-01,2020-11-30,New Jersey,13040.0,374875.0,63.0,14372.0,50839.0
2020-11-01,2020-11-30,New Mexico,2651.0,251750.0,42.0,2481.0,7800.0
2020-11-01,2020-11-30,New York,15319.0,350000.0,50.0,18676.0,76516.0
2020-11-01,2020-11-30,North Carolina,16581.0,275000.0,50.0,16312.0,55749.0
2020-11-01,2020-11-30,North Dakota,873.0,233500.0,90.0,827.0,3811.0
2020-11-01,2020-11-30,Ohio,14766.0,180000.0,43.0,15190.0,42299.0
2020-11-01,2020-11-30,Oklahoma,5158.0,195000.0,27.0,5400.0,14048.0
2020-11-01,2020-11-30,Oregon,6698.0,410000.0,19.0,6869.0,14995.0
2020-11-01,2020-11-30,Pennsylvania,15518.0,225000.0,43.0,15419.0,47690.0
2020-11-01,2020-11-30,Rhode Island,1600.0,316775.0,36.0,1714.0,4356.0
2020-11-01,2020-11-30,South Carolina,9504.0,259900.0,64.0,9473.0,37195.0
2020-11-01,2020-11-30,South Dakota,1054.0,237900.0,70.0,1022.0,3743.0
2020-11-01,2020-11-30,Tennessee,10928.0,261000.0,47.0,11456.0,34078.0
2020-11-01,2020-11-30,Texas,35820.0,270000.0,32.0,36110.0,104001.0
2020-11-01,2020-11-30,Utah,5044.0,379995.0,16.0,4535.0,10197.0
2020-11-01,2020-11-30,Vermont,1077.0,285000.0,72.0,1119.0,4111.0
2020-11-01,2020-11-30,Virginia,12800.0,326000.0,30.0,14531.0,35522.0
2020-11-01,2020-11-30,Washington,12395.0,460000.0,7.0,12526.0,23311.0
2020-11-01,2020-11-30,West Virginia,1488.0,182750.0,68.0,1434.0,5429.0
2020-11-01,2020-11-30,Wisconsin,7743.0,223000.0,55.0,7899.0,24836.0
2020-11-01,2020-11-30,Wyoming,959.0,270000.0,74.0,918.0,3626.0
2020-10-01,2020-10-31,Alabama,7107.0,220000.0,60.0,6516.0,24196.0
2020-10-01,2020-10-31,Alaska,1001.0,310000.0,39.0,1127.0,3345.0
2020-10-01,2020-10-31,Arizona,13381.0,328000.0,38.0,12824.0,35629.0
2020-10-01,2020-10-31,Arkansas,4026.0,186500.0,58.0,3949.0,14422.0
2020-10-01,2020-10-31,California,37127.0,589000.0,29.0,39428.0,102522.0
2020-10-01,2020-10-31,Colorado,12713.0,435000.0,30.0,12100.0,29449.0
2020-10-01,2020-10-31,District of Columbia,968.0,675000.0,28.0,1277.0,3220.0
2020-10-01,2020-10-31,Connecticut,5530.0,295000.0,57.0,6337.0,19788.0
2020-10-01,2020-10-31,Delaware,1724.0,285000.0,33.0,1815.0,4637.0
2020-10-01,2020-10-31,Florida,48071.0,275000.0,48.0,45474.0,162184.0
2020-10-01,2020-10-31,Georgia,16328.0,265000.0,38.0,17461.0,52601.0
2020-10-01,2020-10-31,Hawaii,1417.0,585000.0,73.0,1652.0,7770.0
2020-10-01,2020-10-31,Idaho,3729.0,352000.0,33.0,3729.0,9030.0
2020-10-01,2020-10-31,Illinois,17294.0,235000.0,34.0,18237.0,52637.0
2020-10-01,2020-10-31,Indiana,8963.0,190000.0,45.0,8352.0,24589.0
2020-10-01,2020-10-31,Iowa,4002.0,182500.0,63.0,3957.0,14534.0
2020-10-01,2020-10-31,Kansas,3899.0,214000.0,46.0,3816.0,11391.0
2020-10-01,2020-10-31,Kentucky,4961.0,199000.0,36.0,5354.0,14457.0
2020-10-01,2020-10-31,Louisiana,4475.0,220000.0,58.0,4489.0,17457.0
2020-10-01,2020-10-31,Maine,2260.0,276000.0,26.0,2596.0,6452.0
2020-10-01,2020-10-31,Maryland,9559.0,342328.0,23.0,10444.0,23357.0
2020-10-01,2020-10-31,Massachusetts,8119.0,454000.0,24.0,9693.0,23351.0
2020-10-01,2020-10-31,Michigan,14231.0,200000.0,30.0,13884.0,38009.0
2020-10-01,2020-10-31,Minnesota,8768.0,285000.0,24.0,8863.0,24408.0
2020-10-01,2020-10-31,Mississippi,2250.0,197736.0,71.0,2430.0,9970.0
2020-10-01,2020-10-31,Missouri,9017.0,205000.0,39.0,8800.0,25075.0
2020-10-01,2020-10-31,Montana,1848.0,349900.0,71.0,1806.0,6627.0
2020-10-01,2020-10-31,Nebraska,2327.0,220000.0,22.0,2216.0,5782.0
2020-10-01,2020-10-31,Nevada,5414.0,335000.0,45.0,5619.0,17059.0
2020-10-01,2020-10-31,New Hampshire,2310.0,325000.0,42.0,2318.0,6434.0
2020-10-01,2020-10-31,New Jersey,13291.0,370000.0,64.0,15430.0,51469.0
2020-10-01,2020-10-31,New Mexico,2611.0,252500.0,44.0,2815.0,8068.0
2020-10-01,2020-10-31,New York,14420.0,350357.0,52.0,19707.0,77185.0
2020-10-01,2020-10-31,North Carolina,16748.0,273000.0,53.0,16999.0,56729.0
2020-10-01,2020-10-31,North Dakota,871.0,237755.0,89.0,801.0,3851.0
2020-10-01,2020-10-31,Ohio,14825.0,182200.0,44.0,15412.0,42767.0
2020-10-01,2020-10-31,Oklahoma,5332.0,195200.0,31.0,5035.0,13935.0
2020-10-01,2020-10-31,Oregon,6575.0,407000.0,23.0,7129.0,15240.0
2020-10-01,2020-10-31,Pennsylvania,15866.0,223319.0,47.0,15902.0,49048.0
2020-10-01,2020-10-31,Rhode Island,1573.0,325000.0,36.0,1800.0,4409.0
2020-10-01,2020-10-31,South Carolina,9656.0,255000.0,68.0,9435.0,37833.0
2020-10-01,2020-10-31,South Dakota,1033.0,242900.0,70.0,948.0,3833.0
2020-10-01,2020-10-31,Tennessee,11285.0,265000.0,49.0,11384.0,34775.0
2020-10-01,2020-10-31,Texas,36316.0,270000.0,34.0,36338.0,105652.0
2020-10-01,2020-10-31,Utah,5139.0,373000.0,18.0,4779.0,10851.0
2020-10-01,2020-10-31,Vermont,1029.0,289000.0,80.0,1113.0,4168.0
2020-10-01,2020-10-31,Virginia,12695.0,330000.0,31.0,14623.0,35747.0
2020-10-01,2020-10-31,Washington,12518.0,462500.0,8.0,12921.0,23730.0
2020-10-01,2020-10-31,West Virginia,1446.0,180000.0,69.0,1447.0,5570.0
2020-10-01,2020-10-31,Wisconsin,7832.0,227500.0,56.0,8043.0,25433.0
2020-10-01,2020-10-31,Wyoming,943.0,279000.0,73.0,878.0,3641.0
2020-09-01,2020-09-30,Alabama,6677.0,224900.0,61.0,6434.0,24290.0
2020-09-01,2020-09-30,Alaska,925.0,299000.0,46.0,1138.0,3428.0
2020-09-01,2020-09-30,Arizona,12936.0,321000.0,39.0,12869.0,35969.0
2020-09-01,2020-09-30,Arkansas,4066.0,185750.0,59.0,4119.0,14700.0
2020-09-01,2020-09-30,California,37270.0,590000.0,32.0,37880.0,101534.0
2020-09-01,2020-09-30,Colorado,12215.0,429900.0,32.0,11658.0,30106.0
2020-09-01,2020-09-30,District of Columbia,1075.0,645000.0,25.0,1050.0,3117.0
2020-09-01,2020-09-30,Connecticut,5452.0,300000.0,58.0,6324.0,19914.0
2020-09-01,2020-09-30,Delaware,1710.0,291000.0,33.0,1760.0,4677.0
2020-09-01,2020-09-30,Florida,45051.0,270000.0,51.0,45507.0,166322.0
2020-09-01,2020-09-30,Georgia,16165.0,262000.0,43.0,17660.0,54199.0
2020-09-01,2020-09-30,Hawaii,1351.0,622000.0,78.0,1612.0,7806.0
2020-09-01,2020-09-30,Idaho,3823.0,350663.0,40.0,3627.0,9361.0
2020-09-01,2020-09-30,Illinois,16771.0,236000.0,39.0,18159.0,52785.0
2020-09-01,2020-09-30,Indiana,8842.0,190080.0,47.0,8595.0,25179.0
2020-09-01,2020-09-30,Iowa,3912.0,181750.0,65.0,3858.0,14723.0
2020-09-01,2020-09-30,Kansas,3645.0,215000.0,46.0,3755.0,11344.0
2020-09-01,2020-09-30,Kentucky,4838.0,195000.0,38.0,5111.0,14379.0
2020-09-01,2020-09-30,Louisiana,4469.0,215000.0,61.0,4491.0,17900.0
2020-09-01,2020-09-30,Maine,2220.0,271150.0,28.0,2476.0,6389.0
2020-09-01,2020-09-30,Maryland,9204.0,340000.0,27.0,9676.0,23011.0
2020-09-01,2020-09-30,Massachusetts,7938.0,470000.0,26.0,8730.0,22852.0
2020-09-01,2020-09-30,Michigan,14058.0,206051.0,33.0,13736.0,38734.0
2020-09-01,2020-09-30,Minnesota,8524.0,279900.0,28.0,8767.0,26105.0
2020-09-01,2020-09-30,Mississippi,2199.0,195000.0,73.0,2495.0,10075.0
2020-09-01,2020-09-30,Missouri,8955.0,205000.0,42.0,8724.0,25140.0
2020-09-01,2020-09-30,Montana,1794.0,349500.0,73.0,1694.0,6773.0
2020-09-01,2020-09-30,Nebraska,2284.0,215056.0,23.0,2232.0,5965.0
2020-09-01,2020-09-30,Nevada,5394.0,335000.0,47.0,5968.0,17465.0
2020-09-01,2020-09-30,New Hampshire,2157.0,329750.0,46.0,2260.0,6458.0
2020-09-01,2020-09-30,New Jersey,12531.0,371500.0,68.0,15467.0,51395.0
2020-09-01,2020-09-30,New Mexico,2583.0,249000.0,48.0,2826.0,8120.0
2020-09-01,2020-09-30,New York,13350.0,326000.0,58.0,20297.0,77399.0
2020-09-01,2020-09-30,North Carolina,16659.0,270000.0,56.0,16829.0,57341.0
2020-09-01,2020-09-30,North Dakota,870.0,235000.0,90.0,842.0,3936.0
2020-09-01,2020-09-30,Ohio,14418.0,184900.0,45.0,15454.0,43104.0
2020-09-01,2020-09-30,Oklahoma,5229.0,192550.0,31.0,5108.0,14396.0
2020-09-01,2020-09-30,Oregon,6415.0,405000.0,24.0,6286.0,14967.0
2020-09-01,2020-09-30,Pennsylvania,15694.0,222000.0,48.0,15503.0,48968.0
2020-09-01,2020-09-30,Rhode Island,1443.0,325130.0,40.0,1703.0,4347.0
2020-09-01,2020-09-30,South Carolina,9436.0,254000.0,70.0,9533.0,38146.0
2020-09-01,2020-09-30,South Dakota,1092.0,236400.0,73.0,1029.0,4007.0
2020-09-01,2020-09-30,Tennessee,11128.0,260000.0,51.0,11075.0,35504.0
2020-09-01,2020-09-30,Texas,35293.0,267500.0,37.0,36159.0,106819.0
2020-09-01,2020-09-30,Utah,5154.0,369500.0,23.0,4649.0,11186.0
2020-09-01,2020-09-30,Vermont,1131.0,288000.0,82.0,1118.0,4225.0
2020-09-01,2020-09-30,Virginia,12342.0,327500.0,33.0,13958.0,35349.0
2020-09-01,2020-09-30,Washington,11863.0,465000.0,8.0,12035.0,23542.0
2020-09-01,2020-09-30,West Virginia,1424.0,180000.0,74.0,1394.0,5649.0
2020-09-01,2020-09-30,Wisconsin,7846.0,229900.0,56.0,8165.0,25812.0
2020-09-01,2020-09-30,Wyoming,983.0,269900.0,78.0,853.0,3729.0
2020-08-01,2020-08-31,Alabama,6841.0,225000.0,65.0,6477.0,24509.0
2020-08-01,2020-08-31,Alaska,970.0,304900.0,69.0,1055.0,3608.0
2020-08-01,2020-08-31,Arizona,13001.0,320000.0,41.0,12678.0,35871.0
2020-08-01,2020-08-31,Arkansas,3981.0,185000.0,60.0,3867.0,14737.0
2020-08-01,2020-08-31,California,36026.0,575000.0,37.0,37250.0,102042.0
2020-08-01,2020-08-31,Colorado,12103.0,425000.0,36.0,11833.0,31386.0
2020-08-01,2020-08-31,District of Columbia,962.0,650000.0,26.0,1457.0,3348.0
2020-08-01,2020-08-31,Connecticut,5383.0,300000.0,63.0,6248.0,19758.0
2020-08-01,2020-08-31,Delaware,1694.0,285000.0,39.0,1673.0,4716.0
2020-08-01,2020-08-31,Florida,43990.0,272000.0,54.0,45424.0,169951.0
2020-08-01,2020-08-31,Georgia,16074.0,262000.0,48.0,17423.0,56240.0
2020-08-01,2020-08-31,Hawaii,1325.0,607000.0,82.0,1731.0,7850.0
2020-08-01,2020-08-31,Idaho,3816.0,344495.0,45.0,3451.0,9879.0
2020-08-01,2020-08-31,Illinois,16344.0,240000.0,41.0,18392.0,53140.0
2020-08-01,2020-08-31,Indiana,8656.0,191000.0,50.0,7980.0,25190.0
2020-08-01,2020-08-31,Iowa,3803.0,189000.0,68.0,3713.0,14907.0
2020-08-01,2020-08-31,Kansas,3575.0,213118.0,50.0,3678.0,11478.0
2020-08-01,2020-08-31,Kentucky,4864.0,199501.0,41.0,5059.0,14666.0
2020-08-01,2020-08-31,Louisiana,4349.0,215000.0,65.0,4431.0,18402.0
2020-08-01,2020-08-31,Maine,2103.0,266000.0,32.0,2263.0,6432.0
2020-08-01,2020-08-31,Maryland,8696.0,339736.0,32.0,9553.0,23280.0
2020-08-01,2020-08-31,Massachusetts,7787.0,475000.0,29.0,9740.0,23671.0
2020-08-01,2020-08-31,Michigan,14015.0,200000.0,36.0,13510.0,40192.0
2020-08-01,2020-08-31,Minnesota,8372.0,282950.0,31.0,8520.0,27060.0
2020-08-01,2020-08-31,Mississippi,2220.0,191000.0,76.0,2276.0,10154.0
2020-08-01,2020-08-31,Missouri,8810.0,205000.0,45.0,8379.0,25088.0
2020-08-01,2020-08-31,Montana,1762.0,339950.0,79.0,1834.0,6889.0
2020-08-01,2020-08-31,Nebraska,2205.0,215000.0,26.0,2292.0,6223.0
2020-08-01,2020-08-31,Nevada,4966.0,330000.0,56.0,5597.0,17416.0
2020-08-01,2020-08-31,New Hampshire,2135.0,330000.0,47.0,2288.0,6536.0
2020-08-01,2020-08-31,New Jersey,11932.0,370000.0,71.0,15813.0,50375.0
2020-08-01,2020-08-31,New Mexico,2538.0,250000.0,52.0,2689.0,8114.0
2020-08-01,2020-08-31,New York,11512.0,314000.0,69.0,21198.0,76493.0
2020-08-01,2020-08-31,North Carolina,16281.0,272000.0,60.0,16132.0,57579.0
2020-08-01,2020-08-31,North Dakota,890.0,235000.0,95.0,848.0,3991.0
2020-08-01,2020-08-31,Ohio,14207.0,185000.0,47.0,14844.0,42810.0
2020-08-01,2020-08-31,Oklahoma,5066.0,195000.0,31.0,4906.0,14773.0
2020-08-01,2020-08-31,Oregon,6198.0,403098.0,30.0,6525.0,15848.0
2020-08-01,2020-08-31,Pennsylvania,15460.0,225000.0,51.0,15599.0,49852.0
2020-08-01,2020-08-31,Rhode Island,1388.0,320000.0,45.0,1679.0,4304.0
2020-08-01,2020-08-31,South Carolina,9320.0,252485.0,78.0,9248.0,38280.0
2020-08-01,2020-08-31,South Dakota,996.0,231000.0,80.0,959.0,4073.0
2020-08-01,2020-08-31,Tennessee,10737.0,260000.0,53.0,10963.0,35857.0
2020-08-01,2020-08-31,Texas,34388.0,267500.0,41.0,35853.0,108831.0
2020-08-01,2020-08-31,Utah,4986.0,363000.0,26.0,4685.0,11873.0
2020-08-01,2020-08-31,Vermont,1015.0,282000.0,84.0,1148.0,4268.0
2020-08-01,2020-08-31,Virginia,12025.0,329000.0,37.0,13528.0,35431.0
2020-08-01,2020-08-31,Washington,11232.0,460000.0,9.0,12155.0,24293.0
2020-08-01,2020-08-31,West Virginia,1348.0,182500.0,83.0,1406.0,5676.0
2020-08-01,2020-08-31,Wisconsin,7731.0,235000.0,59.0,8113.0,26022.0
2020-08-01,2020-08-31,Wyoming,987.0,265000.0,75.0,917.0,3823.0
2020-07-01,2020-07-31,Alabama,7001.0,218000.0,67.0,6218.0,24806.0
2020-07-01,2020-07-31,Alaska,883.0,312000.0,82.0,1019.0,4239.0
2020-07-01,2020-07-31,Arizona,13206.0,308000.0,48.0,12550.0,36212.0
2020-07-01,2020-07-31,Arkansas,4076.0,186375.0,61.0,3869.0,15200.0
2020-07-01,2020-07-31,California,34530.0,565000.0,41.0,36169.0,103519.0
2020-07-01,2020-07-31,Colorado,11912.0,420000.0,39.0,11272.0,32641.0
2020-07-01,2020-07-31,District of Columbia,863.0,641000.0,33.0,1264.0,3065.0
2020-07-01,2020-07-31,Connecticut,5119.0,297250.0,68.0,6075.0,19617.0
2020-07-01,2020-07-31,Delaware,1565.0,280000.0,48.0,1691.0,4929.0
2020-07-01,2020-07-31,Florida,42322.0,270000.0,64.0,44470.0,174056.0
2020-07-01,2020-07-31,Georgia,15866.0,256900.0,54.0,17545.0,58683.0
2020-07-01,2020-07-31,Hawaii,1193.0,570000.0,86.0,1521.0,7721.0
2020-07-01,2020-07-31,Idaho,3607.0,335000.0,53.0,3204.0,10438.0
2020-07-01,2020-07-31,Illinois,15210.0,235000.0,49.0,17512.0,53433.0
2020-07-01,2020-07-31,Indiana,8567.0,191000.0,52.0,7760.0,25872.0
2020-07-01,2020-07-31,Iowa,3895.0,184900.0,69.0,3900.0,15585.0
2020-07-01,2020-07-31,Kansas,3546.0,216000.0,51.0,3578.0,11631.0
2020-07-01,2020-07-31,Kentucky,4808.0,199900.0,45.0,4843.0,15150.0
2020-07-01,2020-07-31,Louisiana,4456.0,213500.0,72.0,4528.0,19219.0
2020-07-01,2020-07-31,Maine,2057.0,254900.0,40.0,2068.0,6631.0
2020-07-01,2020-07-31,Maryland,8419.0,336000.0,39.0,8646.0,23770.0
2020-07-01,2020-07-31,Massachusetts,7533.0,460000.0,33.0,8992.0,23503.0
2020-07-01,2020-07-31,Michigan,14091.0,204900.0,39.0,13388.0,42231.0
2020-07-01,2020-07-31,Minnesota,8356.0,280000.0,35.0,7845.0,27614.0
2020-07-01,2020-07-31,Mississippi,2173.0,195000.0,83.0,2384.0,10501.0
2020-07-01,2020-07-31,Missouri,8954.0,200600.0,49.0,8195.0,25605.0
2020-07-01,2020-07-31,Montana,1667.0,339000.0,80.0,1620.0,6894.0
2020-07-01,2020-07-31,Nebraska,2182.0,224000.0,30.0,2182.0,6251.0
2020-07-01,2020-07-31,Nevada,5038.0,329900.0,60.0,5045.0,17657.0
2020-07-01,2020-07-31,New Hampshire,2035.0,320000.0,50.0,2155.0,6513.0
2020-07-01,2020-07-31,New Jersey,10018.0,349000.0,76.0,14367.0,48615.0
2020-07-01,2020-07-31,New Mexico,2487.0,245000.0,53.0,2461.0,8053.0
2020-07-01,2020-07-31,New York,9793.0,310000.0,82.0,21520.0,73635.0
2020-07-01,2020-07-31,North Carolina,16489.0,266500.0,64.0,15769.0,58981.0
2020-07-01,2020-07-31,North Dakota,865.0,230000.0,96.0,841.0,4046.0
2020-07-01,2020-07-31,Ohio,13860.0,185000.0,48.0,14065.0,43381.0
2020-07-01,2020-07-31,Oklahoma,4973.0,190000.0,33.0,4613.0,15211.0
2020-07-01,2020-07-31,Oregon,6120.0,398000.0,41.0,6062.0,16541.0
2020-07-01,2020-07-31,Pennsylvania,14708.0,220000.0,57.0,15470.0,51211.0
2020-07-01,2020-07-31,Rhode Island,1344.0,310000.0,55.0,1538.0,4346.0
2020-07-01,2020-07-31,South Carolina,9429.0,249500.0,83.0,9119.0,38927.0
2020-07-01,2020-07-31,South Dakota,1011.0,230000.0,79.0,945.0,4256.0
2020-07-01,2020-07-31,Tennessee,11216.0,259000.0,57.0,10454.0,37136.0
2020-07-01,2020-07-31,Texas,35396.0,270000.0,47.0,35182.0,113280.0
2020-07-01,2020-07-31,Utah,5097.0,356000.0,31.0,4528.0,12602.0
2020-07-01,2020-07-31,Vermont,930.0,258000.0,91.0,1039.0,4264.0
2020-07-01,2020-07-31,Virginia,11667.0,332000.0,44.0,12524.0,35732.0
2020-07-01,2020-07-31,Washington,10758.0,445000.0,13.0,10901.0,24145.0
2020-07-01,2020-07-31,West Virginia,1339.0,180500.0,84.0,1304.0,5723.0
2020-07-01,2020-07-31,Wisconsin,7653.0,226800.0,59.0,7516.0,26140.0
2020-07-01,2020-07-31,Wyoming,900.0,260000.0,82.0,862.0,3812.0
2020-06-01,2020-06-30,Alabama,6445.0,217000.0,71.0,5895.0,25052.0
2020-06-01,2020-06-30,Alaska,661.0,297000.0,90.0,1015.0,4397.0
2020-06-01,2020-06-30,Arizona,11119.0,299999.0,50.0,11882.0,36801.0
2020-06-01,2020-06-30,Arkansas,3769.0,184000.0,64.0,3769.0,15333.0
2020-06-01,2020-06-30,California,26206.0,530000.0,46.0,34057.0,103001.0
2020-06-01,2020-06-30,Colorado,9444.0,406000.0,42.0,10547.0,33209.0
2020-06-01,2020-06-30,District of Columbia,621.0,620000.0,38.0,947.0,2788.0
2020-06-01,2020-06-30,Connecticut,3609.0,275000.0,75.0,5716.0,18973.0
2020-06-01,2020-06-30,Delaware,1157.0,275000.0,62.0,1523.0,4994.0
2020-06-01,2020-06-30,Florida,33178.0,260000.0,64.0,43754.0,176987.0
2020-06-01,2020-06-30,Georgia,15141.0,249900.0,59.0,17086.0,61317.0
2020-06-01,2020-06-30,Hawaii,864.0,593340.0,89.0,1376.0,7499.0
2020-06-01,2020-06-30,Idaho,3098.0,315000.0,56.0,2860.0,10945.0
2020-06-01,2020-06-30,Illinois,11100.0,223000.0,57.0,16328.0,53593.0
2020-06-01,2020-06-30,Indiana,7457.0,184900.0,54.0,7347.0,26398.0
2020-06-01,2020-06-30,Iowa,3580.0,180000.0,74.0,3654.0,15630.0
2020-06-01,2020-06-30,Kansas,3218.0,204900.0,53.0,3336.0,11801.0
2020-06-01,2020-06-30,Kentucky,4612.0,192250.0,49.0,4636.0,15703.0
2020-06-01,2020-06-30,Louisiana,3973.0,209000.0,76.0,4338.0,19497.0
2020-06-01,2020-06-30,Maine,1584.0,248000.0,46.0,1923.0,6924.0
2020-06-01,2020-06-30,Maryland,6820.0,330000.0,50.0,8027.0,24371.0
2020-06-01,2020-06-30,Massachusetts,5533.0,440000.0,36.0,8262.0,23181.0
2020-06-01,2020-06-30,Michigan,9366.0,195000.0,46.0,13175.0,43604.0
2020-06-01,2020-06-30,Minnesota,6973.0,274000.0,39.0,7180.0,27999.0
2020-06-01,2020-06-30,Mississippi,2080.0,191900.0,87.0,2199.0,10622.0
2020-06-01,2020-06-30,Missouri,7738.0,197000.0,51.0,8084.0,26111.0
2020-06-01,2020-06-30,Montana,1270.0,309900.0,85.0,1386.0,6754.0
2020-06-01,2020-06-30,Nebraska,2065.0,210000.0,41.0,2104.0,6426.0
2020-06-01,2020-06-30,Nevada,3515.0,325000.0,60.0,4518.0,17767.0
2020-06-01,2020-06-30,New Hampshire,1729.0,312000.0,53.0,2124.0,6721.0
2020-06-01,2020-06-30,New Jersey,7560.0,335000.0,97.0,13094.0,46582.0
2020-06-01,2020-06-30,New Mexico,2039.0,230000.0,59.0,2229.0,8173.0
2020-06-01,2020-06-30,New York,8890.0,329500.0,84.0,18493.0,66889.0
2020-06-01,2020-06-30,North Carolina,13701.0,259000.0,66.0,14866.0,59439.0
2020-06-01,2020-06-30,North Dakota,648.0,235000.0,100.0,791.0,3947.0
2020-06-01,2020-06-30,Ohio,11903.0,179900.0,50.0,13483.0,43940.0
2020-06-01,2020-06-30,Oklahoma,4605.0,188000.0,38.0,4813.0,16078.0
2020-06-01,2020-06-30,Oregon,4778.0,380000.0,51.0,5308.0,17026.0
2020-06-01,2020-06-30,Pennsylvania,7729.0,216300.0,74.0,15282.0,50223.0
2020-06-01,2020-06-30,Rhode Island,969.0,299900.0,56.0,1337.0,4304.0
2020-06-01,2020-06-30,South Carolina,7767.0,242000.0,85.0,8937.0,38962.0
2020-06-01,2020-06-30,South Dakota,865.0,230000.0,78.0,882.0,4298.0
2020-06-01,2020-06-30,Tennessee,9579.0,250000.0,59.0,10004.0,38705.0
2020-06-01,2020-06-30,Texas,30580.0,260000.0,51.0,34906.0,119310.0
2020-06-01,2020-06-30,Utah,4440.0,349900.0,33.0,4356.0,13514.0
2020-06-01,2020-06-30,Vermont,638.0,260000.0,98.0,941.0,4219.0
2020-06-01,2020-06-30,Virginia,11128.0,315000.0,51.0,10963.0,35572.0
2020-06-01,2020-06-30,Washington,8946.0,435000.0,18.0,9513.0,24141.0
2020-06-01,2020-06-30,West Virginia,1138.0,174900.0,97.0,1268.0,5669.0
2020-06-01,2020-06-30,Wisconsin,6501.0,225000.0,61.0,7025.0,26323.0
2020-06-01,2020-06-30,Wyoming,727.0,249900.0,80.0,807.0,3709.0
2020-05-01,2020-05-31,Alabama,5064.0,210000.0,71.0,5773.0,25011.0
2020-05-01,2020-05-31,Alaska,641.0,295000.0,88.0,989.0,4329.0
2020-05-01,2020-05-31,Arizona,8500.0,285000.0,47.0,11861.0,37222.0
2020-05-01,2020-05-31,Arkansas,3011.0,175000.0,67.0,3685.0,15268.0
2020-05-01,2020-05-31,California,18574.0,507000.0,46.0,32630.0,100585.0
2020-05-01,2020-05-31,Colorado,6041.0,396950.0,42.0,10756.0,32883.0
2020-05-01,2020-05-31,District of Columbia,515.0,649000.0,41.0,801.0,2609.0
2020-05-01,2020-05-31,Connecticut,3751.0,265000.0,73.0,4246.0,18227.0
2020-05-01,2020-05-31,Delaware,1053.0,255900.0,43.0,1149.0,4963.0
2020-05-01,2020-05-31,Florida,24319.0,250650.0,60.0,42042.0,177534.0
2020-05-01,2020-05-31,Georgia,11724.0,239900.0,58.0,17103.0,63911.0
2020-05-01,2020-05-31,Hawaii,761.0,580000.0,80.0,1242.0,7340.0
2020-05-01,2020-05-31,Idaho,2428.0,306000.0,52.0,2785.0,11215.0
2020-05-01,2020-05-31,Illinois,9793.0,217500.0,58.0,13428.0,53478.0
2020-05-01,2020-05-31,Indiana,6486.0,180000.0,55.0,7430.0,26901.0
2020-05-01,2020-05-31,Iowa,3407.0,180000.0,73.0,3600.0,15760.0
2020-05-01,2020-05-31,Kansas,2661.0,197500.0,54.0,3236.0,11697.0
2020-05-01,2020-05-31,Kentucky,3757.0,185000.0,46.0,4507.0,15985.0
2020-05-01,2020-05-31,Louisiana,2843.0,199000.0,78.0,4086.0,19488.0
2020-05-01,2020-05-31,Maine,1543.0,235000.0,43.0,1772.0,7350.0
2020-05-01,2020-05-31,Maryland,5665.0,320000.0,49.0,6810.0,24424.0
2020-05-01,2020-05-31,Massachusetts,5456.0,428000.0,34.0,7186.0,21665.0
2020-05-01,2020-05-31,Michigan,5034.0,183000.0,56.0,13021.0,43061.0
2020-05-01,2020-05-31,Minnesota,6766.0,267500.0,36.0,7026.0,26722.0
2020-05-01,2020-05-31,Mississippi,1910.0,188750.0,85.0,2154.0,10579.0
2020-05-01,2020-05-31,Missouri,6197.0,189900.0,50.0,7896.0,26172.0
2020-05-01,2020-05-31,Montana,1136.0,299000.0,85.0,1384.0,6678.0
2020-05-01,2020-05-31,Nebraska,1806.0,210000.0,31.0,2152.0,6667.0
2020-05-01,2020-05-31,Nevada,2732.0,314495.0,58.0,4349.0,17680.0
2020-05-01,2020-05-31,New Hampshire,1631.0,309933.0,54.0,2103.0,6837.0
2020-05-01,2020-05-31,New Jersey,7608.0,325000.0,87.0,9412.0,45179.0
2020-05-01,2020-05-31,New Mexico,1703.0,220000.0,55.0,2150.0,8293.0
2020-05-01,2020-05-31,New York,9462.0,306500.0,72.0,8489.0,59815.0
2020-05-01,2020-05-31,North Carolina,11281.0,247900.0,67.0,13812.0,59167.0
2020-05-01,2020-05-31,North Dakota,587.0,223000.0,96.0,798.0,3820.0
2020-05-01,2020-05-31,Ohio,10474.0,174000.0,52.0,12710.0,44069.0
2020-05-01,2020-05-31,Oklahoma,3613.0,180000.0,36.0,4702.0,16584.0
2020-05-01,2020-05-31,Oregon,3878.0,373000.0,46.0,4770.0,17704.0
2020-05-01,2020-05-31,Pennsylvania,6300.0,215000.0,73.0,9744.0,44287.0
2020-05-01,2020-05-31,Rhode Island,998.0,295000.0,59.0,1243.0,4298.0
2020-05-01,2020-05-31,South Carolina,6429.0,235000.0,81.0,8598.0,38427.0
2020-05-01,2020-05-31,South Dakota,831.0,225000.0,80.0,961.0,4378.0
2020-05-01,2020-05-31,Tennessee,7839.0,242000.0,61.0,10026.0,39354.0
2020-05-01,2020-05-31,Texas,23334.0,250000.0,52.0,35056.0,124286.0
2020-05-01,2020-05-31,Utah,3721.0,334711.0,34.0,4442.0,14484.0
2020-05-01,2020-05-31,Vermont,543.0,242500.0,124.0,712.0,4182.0
2020-05-01,2020-05-31,Virginia,10726.0,313000.0,51.0,9444.0,35791.0
2020-05-01,2020-05-31,Washington,7317.0,424000.0,20.0,8660.0,24673.0
2020-05-01,2020-05-31,West Virginia,929.0,171500.0,89.0,1123.0,5551.0
2020-05-01,2020-05-31,Wisconsin,6303.0,215000.0,62.0,6651.0,26730.0
2020-05-01,2020-05-31,Wyoming,681.0,249950.0,74.0,762.0,3667.0
2020-04-01,2020-04-30,Alabama,5151.0,201408.0,70.0,4645.0,25018.0
2020-04-01,2020-04-30,Alaska,706.0,298975.0,86.0,683.0,4312.0
2020-04-01,2020-04-30,Arizona,8592.0,292000.0,42.0,9932.0,36164.0
2020-04-01,2020-04-30,Arkansas,3109.0,175000.0,65.0,2961.0,15218.0
2020-04-01,2020-04-30,California,20613.0,520000.0,42.0,21847.0,94895.0
2020-04-01,2020-04-30,Colorado,7332.0,400000.0,39.0,6902.0,29387.0
2020-04-01,2020-04-30,District of Columbia,551.0,618500.0,33.0,563.0,2368.0
2020-04-01,2020-04-30,Connecticut,3822.0,261625.0,70.0,2404.0,18673.0
2020-04-01,2020-04-30,Delaware,1206.0,259900.0,40.0,760.0,5033.0
2020-04-01,2020-04-30,Florida,26525.0,255000.0,57.0,28618.0,171124.0
2020-04-01,2020-04-30,Georgia,11904.0,245000.0,54.0,13618.0,63766.0
2020-04-01,2020-04-30,Hawaii,950.0,600000.0,80.0,1021.0,7389.0
2020-04-01,2020-04-30,Idaho,2787.0,305000.0,46.0,2447.0,11134.0
2020-04-01,2020-04-30,Illinois,11576.0,230000.0,66.0,8989.0,57416.0
2020-04-01,2020-04-30,Indiana,7153.0,177100.0,53.0,5468.0,27011.0
2020-04-01,2020-04-30,Iowa,3580.0,173000.0,68.0,2771.0,15901.0
2020-04-01,2020-04-30,Kansas,2826.0,199900.0,53.0,2477.0,11642.0
2020-04-01,2020-04-30,Kentucky,3748.0,186900.0,46.0,3680.0,16110.0
2020-04-01,2020-04-30,Louisiana,3005.0,205000.0,73.0,2898.0,19184.0
2020-04-01,2020-04-30,Maine,1603.0,239250.0,41.0,1312.0,7630.0
2020-04-01,2020-04-30,Maryland,6548.0,325000.0,36.0,5245.0,24481.0
2020-04-01,2020-04-30,Massachusetts,5832.0,435000.0,28.0,4077.0,20814.0
2020-04-01,2020-04-30,Michigan,8829.0,185000.0,41.0,3054.0,37664.0
2020-04-01,2020-04-30,Minnesota,7180.0,275000.0,33.0,6428.0,24168.0
2020-04-01,2020-04-30,Mississippi,1899.0,184900.0,79.0,1740.0,10596.0
2020-04-01,2020-04-30,Missouri,6433.0,185050.0,48.0,6050.0,26023.0
2020-04-01,2020-04-30,Montana,1223.0,305000.0,85.0,1012.0,6709.0
2020-04-01,2020-04-30,Nebraska,1821.0,201000.0,32.0,1642.0,6398.0
2020-04-01,2020-04-30,Nevada,3024.0,305000.0,51.0,3487.0,17055.0
2020-04-01,2020-04-30,New Hampshire,1772.0,306000.0,54.0,1359.0,6966.0
2020-04-01,2020-04-30,New Jersey,8242.0,332000.0,78.0,4828.0,45263.0
2020-04-01,2020-04-30,New Mexico,1901.0,226500.0,55.0,1620.0,8279.0
2020-04-01,2020-04-30,New York,9710.0,287900.0,66.0,957.0,63034.0
2020-04-01,2020-04-30,North Carolina,12085.0,253000.0,63.0,10185.0,59235.0
2020-04-01,2020-04-30,North Dakota,649.0,219900.0,91.0,558.0,3776.0
2020-04-01,2020-04-30,Ohio,10811.0,169900.0,51.0,10168.0,44886.0
2020-04-01,2020-04-30,Oklahoma,3754.0,176000.0,39.0,3551.0,16437.0
2020-04-01,2020-04-30,Oregon,4384.0,375000.0,40.0,4214.0,18021.0
2020-04-01,2020-04-30,Pennsylvania,9682.0,215000.0,54.0,1017.0,42581.0
2020-04-01,2020-04-30,Rhode Island,1113.0,290000.0,53.0,816.0,4339.0
2020-04-01,2020-04-30,South Carolina,6525.0,235000.0,78.0,6806.0,38477.0
2020-04-01,2020-04-30,South Dakota,866.0,223500.0,75.0,833.0,4435.0
2020-04-01,2020-04-30,Tennessee,8118.0,240000.0,59.0,8059.0,38644.0
2020-04-01,2020-04-30,Texas,23641.0,250000.0,47.0,26407.0,120011.0
2020-04-01,2020-04-30,Utah,3341.0,337000.0,30.0,4213.0,14300.0
2020-04-01,2020-04-30,Vermont,552.0,265000.0,90.0,454.0,4316.0
2020-04-01,2020-04-30,Virginia,10713.0,315000.0,45.0,8592.0,36915.0
2020-04-01,2020-04-30,Washington,7479.0,420000.0,12.0,7535.0,25073.0
2020-04-01,2020-04-30,West Virginia,1073.0,175000.0,86.0,855.0,5707.0
2020-04-01,2020-04-30,Wisconsin,6544.0,214950.0,61.0,5079.0,27434.0
2020-04-01,2020-04-30,Wyoming,670.0,255000.0,76.0,580.0,3632.0
2020-03-01,2020-03-31,Alabama,5545.0,200000.0,67.0,5748.0,26432.0
2020-03-01,2020-03-31,Alaska,816.0,285500.0,82.0,909.0,4642.0
2020-03-01,2020-03-31,Arizona,10896.0,295000.0,41.0,12307.0,37881.0
2020-03-01,2020-03-31,Arkansas,3299.0,173000.0,63.0,3650.0,16114.0
2020-03-01,2020-03-31,California,29141.0,535000.0,39.0,33240.0,107713.0
2020-03-01,2020-03-31,Colorado,9431.0,404460.0,37.0,11286.0,33440.0
2020-03-01,2020-03-31,District of Columbia,809.0,610000.0,29.0,883.0,2717.0
2020-03-01,2020-03-31,Connecticut,4015.0,245000.0,73.0,4715.0,22689.0
2020-03-01,2020-03-31,Delaware,1394.0,255510.0,44.0,1526.0,5846.0
2020-03-01,2020-03-31,Florida,35816.0,253000.0,57.0,43175.0,184002.0
2020-03-01,2020-03-31,Georgia,14204.0,242000.0,52.0,17416.0,66973.0
2020-03-01,2020-03-31,Hawaii,1278.0,590000.0,85.0,1447.0,8039.0
2020-03-01,2020-03-31,Idaho,3192.0,300000.0,46.0,3474.0,11882.0
2020-03-01,2020-03-31,Illinois,13404.0,219900.0,69.0,14538.0,72574.0
2020-03-01,2020-03-31,Indiana,8589.0,174900.0,51.0,8079.0,30718.0
2020-03-01,2020-03-31,Iowa,3559.0,168000.0,71.0,3996.0,17325.0
2020-03-01,2020-03-31,Kansas,3211.0,188000.0,52.0,3335.0,12860.0
2020-03-01,2020-03-31,Kentucky,4573.0,177500.0,44.0,4692.0,17711.0
2020-03-01,2020-03-31,Louisiana,3769.0,199000.0,71.0,4117.0,20744.0
2020-03-01,2020-03-31,Maine,1755.0,231000.0,43.0,2010.0,8466.0
2020-03-01,2020-03-31,Maryland,7740.0,314185.0,37.0,8528.0,28883.0
2020-03-01,2020-03-31,Massachusetts,7051.0,418000.0,33.0,8032.0,26427.0
2020-03-01,2020-03-31,Michigan,12679.0,180000.0,42.0,12822.0,48005.0
2020-03-01,2020-03-31,Minnesota,7315.0,268000.0,35.0,9250.0,24084.0
2020-03-01,2020-03-31,Mississippi,2016.0,179000.0,78.0,2226.0,11295.0
2020-03-01,2020-03-31,Missouri,7595.0,179900.0,46.0,8038.0,29464.0
2020-03-01,2020-03-31,Montana,1314.0,299900.0,86.0,1530.0,7274.0
2020-03-01,2020-03-31,Nebraska,2001.0,195000.0,30.0,2340.0,7075.0
2020-03-01,2020-03-31,Nevada,4253.0,308500.0,48.0,5269.0,18266.0
2020-03-01,2020-03-31,New Hampshire,1992.0,298967.0,53.0,2178.0,8323.0
2020-03-01,2020-03-31,New Jersey,9773.0,315000.0,79.0,10054.0,55372.0
2020-03-01,2020-03-31,New Mexico,2050.0,228900.0,55.0,2165.0,8983.0
2020-03-01,2020-03-31,New York,11302.0,315000.0,68.0,10569.0,77275.0
2020-03-01,2020-03-31,North Carolina,13879.0,250000.0,61.0,15606.0,64887.0
2020-03-01,2020-03-31,North Dakota,668.0,218035.0,94.0,818.0,3897.0
2020-03-01,2020-03-31,Ohio,13019.0,165000.0,51.0,13705.0,50244.0
2020-03-01,2020-03-31,Oklahoma,4121.0,175000.0,47.0,4695.0,17661.0
2020-03-01,2020-03-31,Oregon,5456.0,375000.0,40.0,6468.0,19712.0
2020-03-01,2020-03-31,Pennsylvania,12445.0,199900.0,52.0,11416.0,55116.0
2020-03-01,2020-03-31,Rhode Island,1285.0,288400.0,49.0,1431.0,5278.0
2020-03-01,2020-03-31,South Carolina,7622.0,235000.0,78.0,8730.0,40916.0
2020-03-01,2020-03-31,South Dakota,891.0,215000.0,79.0,1043.0,4621.0
2020-03-01,2020-03-31,Tennessee,9236.0,239900.0,60.0,10280.0,40889.0
2020-03-01,2020-03-31,Texas,29054.0,250000.0,46.0,35128.0,130352.0
2020-03-01,2020-03-31,Utah,3876.0,340000.0,32.0,5720.0,14482.0
2020-03-01,2020-03-31,Vermont,734.0,231500.0,101.0,748.0,4892.0
2020-03-01,2020-03-31,Virginia,10922.0,302000.0,41.0,12424.0,41364.0
2020-03-01,2020-03-31,Washington,9857.0,430000.0,11.0,11796.0,28413.0
2020-03-01,2020-03-31,West Virginia,1234.0,169265.0,91.0,1207.0,6312.0
2020-03-01,2020-03-31,Wisconsin,6850.0,207000.0,62.0,7594.0,31036.0
2020-03-01,2020-03-31,Wyoming,790.0,249000.0,72.0,813.0,3925.0
2020-02-01,2020-02-29,Alabama,5686.0,189930.0,68.0,6014.0,26826.0
2020-02-01,2020-02-29,Alaska,815.0,279450.0,93.0,1000.0,4818.0
2020-02-01,2020-02-29,Arizona,11339.0,286500.0,42.0,12014.0,37911.0
2020-02-01,2020-02-29,Arkansas,3363.0,164000.0,66.0,3651.0,16233.0
2020-02-01,2020-02-29,California,31186.0,520000.0,39.0,38777.0,111565.0
2020-02-01,2020-02-29,Colorado,9804.0,389000.0,37.0,10923.0,32999.0
2020-02-01,2020-02-29,District of Columbia,859.0,585000.0,26.0,970.0,2825.0
2020-02-01,2020-02-29,Connecticut,4025.0,232250.0,73.0,5314.0,24034.0
2020-02-01,2020-02-29,Delaware,1268.0,254000.0,45.0,1678.0,5949.0
2020-02-01,2020-02-29,Florida,37414.0,246000.0,60.0,43786.0,186494.0
2020-02-01,2020-02-29,Georgia,14385.0,230000.0,52.0,17374.0,67854.0
2020-02-01,2020-02-29,Hawaii,1303.0,587500.0,85.0,1576.0,8251.0
2020-02-01,2020-02-29,Idaho,3051.0,301900.0,47.0,3270.0,11629.0
2020-02-01,2020-02-29,Illinois,13680.0,200000.0,73.0,17043.0,73561.0
2020-02-01,2020-02-29,Indiana,8423.0,165000.0,53.0,8236.0,31149.0
2020-02-01,2020-02-29,Iowa,3572.0,152500.0,73.0,3885.0,17212.0
2020-02-01,2020-02-29,Kansas,3139.0,180000.0,52.0,3441.0,12917.0
2020-02-01,2020-02-29,Kentucky,4518.0,168500.0,47.0,4992.0,18195.0
2020-02-01,2020-02-29,Louisiana,3826.0,193185.0,71.0,4345.0,20857.0
2020-02-01,2020-02-29,Maine,1736.0,224000.0,42.0,2066.0,8584.0
2020-02-01,2020-02-29,Maryland,7685.0,295000.0,40.0,9066.0,29708.0
2020-02-01,2020-02-29,Massachusetts,6919.0,395500.0,36.0,8883.0,26763.0
2020-02-01,2020-02-29,Michigan,12689.0,170000.0,44.0,14805.0,49521.0
2020-02-01,2020-02-29,Minnesota,7224.0,255000.0,37.0,8919.0,20472.0
2020-02-01,2020-02-29,Mississippi,1991.0,180000.0,75.0,2305.0,11442.0
2020-02-01,2020-02-29,Missouri,7588.0,169900.0,48.0,7989.0,29678.0
2020-02-01,2020-02-29,Montana,1316.0,292000.0,89.0,1509.0,7237.0
2020-02-01,2020-02-29,Nebraska,2124.0,189000.0,33.0,2492.0,6924.0
2020-02-01,2020-02-29,Nevada,4750.0,307500.0,53.0,5331.0,18448.0
2020-02-01,2020-02-29,New Hampshire,1886.0,272267.0,68.0,2204.0,8434.0
2020-02-01,2020-02-29,New Jersey,10335.0,300000.0,81.0,13835.0,59983.0
2020-02-01,2020-02-29,New Mexico,2125.0,220000.0,59.0,2355.0,9237.0
2020-02-01,2020-02-29,New York,12309.0,340000.0,72.0,16931.0,82544.0
2020-02-01,2020-02-29,North Carolina,13902.0,245000.0,63.0,15880.0,64961.0
2020-02-01,2020-02-29,North Dakota,699.0,217500.0,98.0,818.0,3849.0
2020-02-01,2020-02-29,Ohio,13192.0,154000.0,52.0,14685.0,51459.0
2020-02-01,2020-02-29,Oklahoma,4338.0,172500.0,54.0,4814.0,17708.0
2020-02-01,2020-02-29,Oregon,5618.0,365000.0,39.0,6266.0,19583.0
2020-02-01,2020-02-29,Pennsylvania,13198.0,184900.0,55.0,15299.0,57455.0
2020-02-01,2020-02-29,Rhode Island,1288.0,274999.0,52.0,1581.0,5416.0
2020-02-01,2020-02-29,South Carolina,7675.0,228000.0,81.0,8908.0,41482.0
2020-02-01,2020-02-29,South Dakota,884.0,202521.0,79.0,992.0,4527.0
2020-02-01,2020-02-29,Tennessee,9411.0,234000.0,59.0,10390.0,40755.0
2020-02-01,2020-02-29,Texas,29704.0,245000.0,47.0,35756.0,131748.0
2020-02-01,2020-02-29,Utah,4010.0,335000.0,36.0,4565.0,13937.0
2020-02-01,2020-02-29,Vermont,772.0,219000.0,92.0,846.0,5128.0
2020-02-01,2020-02-29,Virginia,10686.0,285000.0,43.0,12947.0,42039.0
2020-02-01,2020-02-29,Washington,10088.0,420495.0,19.0,11305.0,27951.0
2020-02-01,2020-02-29,West Virginia,1110.0,162378.0,95.0,1284.0,6401.0
2020-02-01,2020-02-29,Wisconsin,6727.0,189500.0,63.0,7834.0,31270.0
2020-02-01,2020-02-29,Wyoming,789.0,240000.0,87.0,762.0,3889.0
2020-01-01,2020-01-31,Alabama,5677.0,188044.0,73.0,6165.0,26910.0
2020-01-01,2020-01-31,Alaska,742.0,279900.0,90.0,1000.0,4835.0
2020-01-01,2020-01-31,Arizona,11151.0,284000.0,45.0,11916.0,38135.0
2020-01-01,2020-01-31,Arkansas,3321.0,164050.0,68.0,3864.0,16237.0
2020-01-01,2020-01-31,California,30712.0,505000.0,41.0,34679.0,110979.0
2020-01-01,2020-01-31,Colorado,9830.0,380000.0,39.0,10928.0,32979.0
2020-01-01,2020-01-31,District of Columbia,814.0,550000.0,30.0,1040.0,2784.0
2020-01-01,2020-01-31,Connecticut,3883.0,240000.0,75.0,5285.0,22859.0
2020-01-01,2020-01-31,Delaware,1296.0,250000.0,47.0,1589.0,5941.0
2020-01-01,2020-01-31,Florida,36854.0,242000.0,60.0,44286.0,187965.0
2020-01-01,2020-01-31,Georgia,14188.0,220900.0,51.0,17695.0,68427.0
2020-01-01,2020-01-31,Hawaii,1379.0,590000.0,82.0,1527.0,8275.0
2020-01-01,2020-01-31,Idaho,3120.0,299900.0,49.0,3253.0,11524.0
2020-01-01,2020-01-31,Illinois,13300.0,193000.0,75.0,17429.0,73851.0
2020-01-01,2020-01-31,Indiana,8221.0,158000.0,53.0,8556.0,30955.0
2020-01-01,2020-01-31,Iowa,3381.0,160000.0,73.0,3830.0,16831.0
2020-01-01,2020-01-31,Kansas,3008.0,182750.0,54.0,3563.0,12806.0
2020-01-01,2020-01-31,Kentucky,4442.0,165000.0,49.0,5197.0,18376.0
2020-01-01,2020-01-31,Louisiana,3936.0,190000.0,72.0,4524.0,21070.0
2020-01-01,2020-01-31,Maine,1748.0,225450.0,42.0,2151.0,8673.0
2020-01-01,2020-01-31,Maryland,7625.0,289500.0,40.0,8891.0,29648.0
2020-01-01,2020-01-31,Massachusetts,6958.0,405000.0,36.0,8403.0,25832.0
2020-01-01,2020-01-31,Michigan,12406.0,165750.0,45.0,14643.0,50063.0
2020-01-01,2020-01-31,Minnesota,7030.0,246750.0,36.0,8613.0,19127.0
2020-01-01,2020-01-31,Mississippi,1965.0,166000.0,79.0,2316.0,11431.0
2020-01-01,2020-01-31,Missouri,7421.0,169000.0,50.0,8000.0,29344.0
2020-01-01,2020-01-31,Montana,1287.0,297700.0,89.0,1526.0,7143.0
2020-01-01,2020-01-31,Nebraska,1870.0,187000.0,35.0,1997.0,6639.0
2020-01-01,2020-01-31,Nevada,4744.0,299589.0,55.0,4978.0,18617.0
2020-01-01,2020-01-31,New Hampshire,1872.0,270000.0,56.0,2163.0,8300.0
2020-01-01,2020-01-31,New Jersey,10119.0,310000.0,83.0,13352.0,57319.0
2020-01-01,2020-01-31,New Mexico,2170.0,218250.0,61.0,2324.0,9258.0
2020-01-01,2020-01-31,New York,12454.0,336000.0,73.0,17031.0,81626.0
2020-01-01,2020-01-31,North Carolina,13848.0,235000.0,65.0,15869.0,64574.0
2020-01-01,2020-01-31,North Dakota,697.0,219900.0,97.0,732.0,3776.0
2020-01-01,2020-01-31,Ohio,12866.0,150000.0,54.0,15060.0,51698.0
2020-01-01,2020-01-31,Oklahoma,4107.0,163000.0,54.0,4982.0,17825.0
2020-01-01,2020-01-31,Oregon,5542.0,357680.0,41.0,6056.0,19563.0
2020-01-01,2020-01-31,Pennsylvania,12765.0,185000.0,57.0,14987.0,57823.0
2020-01-01,2020-01-31,Rhode Island,1273.0,290000.0,51.0,1552.0,5398.0
2020-01-01,2020-01-31,South Carolina,7547.0,222000.0,78.0,8785.0,41250.0
2020-01-01,2020-01-31,South Dakota,858.0,208575.0,85.0,964.0,4394.0
2020-01-01,2020-01-31,Tennessee,9384.0,228950.0,61.0,10497.0,41698.0
2020-01-01,2020-01-31,Texas,29193.0,235000.0,48.0,35472.0,131024.0
2020-01-01,2020-01-31,Utah,4017.0,325000.0,36.0,4590.0,14022.0
2020-01-01,2020-01-31,Vermont,767.0,225500.0,94.0,932.0,5202.0
2020-01-01,2020-01-31,Virginia,10552.0,275000.0,45.0,12386.0,41389.0
2020-01-01,2020-01-31,Washington,10156.0,399000.0,22.0,10636.0,27703.0
2020-01-01,2020-01-31,West Virginia,1151.0,155000.0,91.0,1379.0,6420.0
2020-01-01,2020-01-31,Wisconsin,6593.0,190000.0,63.0,7593.0,30911.0
2020-01-01,2020-01-31,Wyoming,757.0,235000.0,87.0,813.0,3877.0
2019-12-01,2019-12-31,Alabama,5652.0,195000.0,72.0,5895.0,26804.0
2019-12-01,2019-12-31,Alaska,795.0,288500.0,94.0,1127.0,4990.0
2019-12-01,2019-12-31,Arizona,11158.0,282000.0,44.0,11687.0,38477.0
2019-12-01,2019-12-31,Arkansas,3236.0,167000.0,68.0,3733.0,16052.0
2019-12-01,2019-12-31,California,31917.0,525000.0,41.0,33995.0,112654.0
2019-12-01,2019-12-31,Colorado,9968.0,383125.0,40.0,10887.0,33257.0
2019-12-01,2019-12-31,District of Columbia,810.0,632500.0,30.0,871.0,2696.0
2019-12-01,2019-12-31,Connecticut,4003.0,245000.0,73.0,4680.0,22753.0
2019-12-01,2019-12-31,Delaware,1367.0,260000.0,43.0,1488.0,5896.0
2019-12-01,2019-12-31,Florida,38620.0,249900.0,58.0,43547.0,188936.0
2019-12-01,2019-12-31,Georgia,14432.0,232380.0,49.0,17407.0,68349.0
2019-12-01,2019-12-31,Hawaii,1349.0,590000.0,78.0,1509.0,8428.0
2019-12-01,2019-12-31,Idaho,3081.0,290000.0,46.0,3364.0,11500.0
2019-12-01,2019-12-31,Illinois,13235.0,200000.0,77.0,16285.0,74064.0
2019-12-01,2019-12-31,Indiana,8105.0,166000.0,52.0,7578.0,30666.0
2019-12-01,2019-12-31,Iowa,3498.0,165000.0,71.0,3802.0,16704.0
2019-12-01,2019-12-31,Kansas,3083.0,187500.0,55.0,3314.0,12776.0
2019-12-01,2019-12-31,Kentucky,4406.0,173000.0,50.0,4697.0,18188.0
2019-12-01,2019-12-31,Louisiana,3525.0,199000.0,70.0,4329.0,20739.0
2019-12-01,2019-12-31,Maine,1801.0,239900.0,47.0,2044.0,8787.0
2019-12-01,2019-12-31,Maryland,7693.0,300000.0,41.0,8073.0,29884.0
2019-12-01,2019-12-31,Massachusetts,7140.0,405900.0,36.0,7578.0,26258.0
2019-12-01,2019-12-31,Michigan,12297.0,170000.0,43.0,14506.0,50385.0
2019-12-01,2019-12-31,Minnesota,7266.0,251490.0,35.0,8355.0,20456.0
2019-12-01,2019-12-31,Mississippi,1939.0,175950.0,82.0,2412.0,11494.0
2019-12-01,2019-12-31,Missouri,7621.0,177500.0,49.0,7869.0,29529.0
2019-12-01,2019-12-31,Montana,1212.0,295000.0,89.0,1369.0,7049.0
2019-12-01,2019-12-31,Nebraska,2053.0,190500.0,35.0,2018.0,6638.0
2019-12-01,2019-12-31,Nevada,4665.0,305000.0,58.0,4730.0,18868.0
2019-12-01,2019-12-31,New Hampshire,1950.0,285000.0,57.0,2075.0,8342.0
2019-12-01,2019-12-31,New Jersey,9971.0,315000.0,83.0,11913.0,57346.0
2019-12-01,2019-12-31,New Mexico,2158.0,219900.0,57.0,2157.0,9235.0
2019-12-01,2019-12-31,New York,12306.0,315100.0,71.0,16765.0,81074.0
2019-12-01,2019-12-31,North Carolina,14086.0,246000.0,64.0,15015.0,64549.0
2019-12-01,2019-12-31,North Dakota,696.0,222607.0,99.0,781.0,3813.0
2019-12-01,2019-12-31,Ohio,13047.0,154900.0,54.0,13858.0,52175.0
2019-12-01,2019-12-31,Oklahoma,4158.0,171324.0,46.0,4810.0,17429.0
2019-12-01,2019-12-31,Oregon,5649.0,359995.0,41.0,5734.0,19813.0
2019-12-01,2019-12-31,Pennsylvania,12706.0,193000.0,55.0,14888.0,57907.0
2019-12-01,2019-12-31,Rhode Island,1262.0,277400.0,52.0,1442.0,5439.0
2019-12-01,2019-12-31,South Carolina,7603.0,230000.0,79.0,8580.0,41001.0
2019-12-01,2019-12-31,South Dakota,896.0,210055.0,77.0,929.0,4441.0
2019-12-01,2019-12-31,Tennessee,9508.0,238000.0,60.0,10532.0,41060.0
2019-12-01,2019-12-31,Texas,29919.0,250000.0,48.0,35096.0,130008.0
2019-12-01,2019-12-31,Utah,4038.0,331873.0,36.0,4581.0,13949.0
2019-12-01,2019-12-31,Vermont,797.0,250000.0,92.0,916.0,5210.0
2019-12-01,2019-12-31,Virginia,10606.0,295000.0,43.0,11341.0,40855.0
2019-12-01,2019-12-31,Washington,10495.0,409000.0,23.0,11066.0,28103.0
2019-12-01,2019-12-31,West Virginia,1162.0,168000.0,89.0,1195.0,6380.0
2019-12-01,2019-12-31,Wisconsin,6737.0,195000.0,64.0,7213.0,30643.0
2019-12-01,2019-12-31,Wyoming,757.0,240000.0,81.0,793.0,3845.0
2019-11-01,2019-11-30,Alabama,5524.0,193900.0,72.0,5833.0,26863.0
2019-11-01,2019-11-30,Alaska,790.0,276500.0,90.0,1004.0,4987.0
2019-11-01,2019-11-30,Arizona,11141.0,276000.0,45.0,11880.0,38948.0
2019-11-01,2019-11-30,Arkansas,3054.0,169900.0,67.0,3580.0,15814.0
2019-11-01,2019-11-30,California,31544.0,525000.0,42.0,34223.0,116389.0
2019-11-01,2019-11-30,Colorado,9523.0,380000.0,40.0,10404.0,33673.0
2019-11-01,2019-11-30,District of Columbia,812.0,620000.0,28.0,996.0,2795.0
2019-11-01,2019-11-30,Connecticut,3898.0,245000.0,76.0,4748.0,22964.0
2019-11-01,2019-11-30,Delaware,1289.0,252500.0,47.0,1488.0,5970.0
2019-11-01,2019-11-30,Florida,37404.0,245000.0,58.0,44086.0,190551.0
2019-11-01,2019-11-30,Georgia,13958.0,225900.0,50.0,17525.0,68732.0
2019-11-01,2019-11-30,Hawaii,1363.0,545000.0,83.0,1641.0,8533.0
2019-11-01,2019-11-30,Idaho,3000.0,298000.0,45.0,3293.0,11552.0
2019-11-01,2019-11-30,Illinois,12672.0,204000.0,79.0,16001.0,74258.0
2019-11-01,2019-11-30,Indiana,8059.0,165000.0,52.0,7836.0,30840.0
2019-11-01,2019-11-30,Iowa,3320.0,161000.0,69.0,3630.0,16472.0
2019-11-01,2019-11-30,Kansas,3019.0,190000.0,54.0,3363.0,12816.0
2019-11-01,2019-11-30,Kentucky,4378.0,169900.0,50.0,4919.0,18710.0
2019-11-01,2019-11-30,Louisiana,3530.0,195000.0,67.0,4384.0,20870.0
2019-11-01,2019-11-30,Maine,1684.0,228750.0,43.0,2159.0,8928.0
2019-11-01,2019-11-30,Maryland,7325.0,303000.0,40.0,8355.0,30114.0
2019-11-01,2019-11-30,Massachusetts,6898.0,403000.0,36.0,7952.0,27049.0
2019-11-01,2019-11-30,Michigan,12269.0,175000.0,41.0,14461.0,51329.0
2019-11-01,2019-11-30,Minnesota,7256.0,250000.0,37.0,8399.0,24879.0
2019-11-01,2019-11-30,Mississippi,1883.0,170000.0,80.0,2354.0,11401.0
2019-11-01,2019-11-30,Missouri,7384.0,174010.0,49.0,7903.0,29763.0
2019-11-01,2019-11-30,Montana,1245.0,298250.0,88.0,1311.0,7048.0
2019-11-01,2019-11-30,Nebraska,1951.0,195000.0,34.0,2048.0,6687.0
2019-11-01,2019-11-30,Nevada,4498.0,301000.0,55.0,5133.0,19391.0
2019-11-01,2019-11-30,New Hampshire,1957.0,285000.0,58.0,2145.0,8548.0
2019-11-01,2019-11-30,New Jersey,10015.0,315000.0,84.0,12231.0,57416.0
2019-11-01,2019-11-30,New Mexico,2216.0,220000.0,61.0,2311.0,9412.0
2019-11-01,2019-11-30,New York,12404.0,299000.0,73.0,17138.0,81741.0
2019-11-01,2019-11-30,North Carolina,13681.0,242000.0,64.0,15245.0,64875.0
2019-11-01,2019-11-30,North Dakota,668.0,224000.0,94.0,751.0,3776.0
2019-11-01,2019-11-30,Ohio,12772.0,156000.0,54.0,14011.0,52705.0
2019-11-01,2019-11-30,Oklahoma,4236.0,167000.0,48.0,4537.0,17404.0
2019-11-01,2019-11-30,Oregon,5420.0,365000.0,42.0,6060.0,20345.0
2019-11-01,2019-11-30,Pennsylvania,12368.0,194000.0,55.0,14896.0,58394.0
2019-11-01,2019-11-30,Rhode Island,1300.0,287000.0,51.0,1470.0,5526.0
2019-11-01,2019-11-30,South Carolina,7509.0,224900.0,79.0,8748.0,40951.0
2019-11-01,2019-11-30,South Dakota,926.0,212500.0,76.0,918.0,4494.0
2019-11-01,2019-11-30,Tennessee,9368.0,232000.0,61.0,10825.0,41729.0
2019-11-01,2019-11-30,Texas,28666.0,241750.0,47.0,35093.0,129977.0
2019-11-01,2019-11-30,Utah,4073.0,324900.0,35.0,4374.0,14222.0
2019-11-01,2019-11-30,Vermont,766.0,235000.0,96.0,915.0,5206.0
2019-11-01,2019-11-30,Virginia,10400.0,287000.0,43.0,11377.0,40916.0
2019-11-01,2019-11-30,Washington,10014.0,400000.0,23.0,10536.0,28504.0
2019-11-01,2019-11-30,West Virginia,1103.0,160100.0,88.0,1245.0,6405.0
2019-11-01,2019-11-30,Wisconsin,6633.0,195000.0,63.0,7425.0,30499.0
2019-11-01,2019-11-30,Wyoming,737.0,246000.0,80.0,638.0,3837.0
2019-10-01,2019-10-31,Alabama,5463.0,189403.0,71.0,5779.0,26951.0
2019-10-01,2019-10-31,Alaska,746.0,280000.0,88.0,923.0,4892.0
2019-10-01,2019-10-31,Arizona,11039.0,279500.0,46.0,11847.0,39381.0
2019-10-01,2019-10-31,Arkansas,3179.0,164900.0,69.0,3558.0,15897.0
2019-10-01,2019-10-31,California,31543.0,525000.0,43.0,34124.0,120126.0
2019-10-01,2019-10-31,Colorado,9425.0,382492.0,41.0,10134.0,34105.0
2019-10-01,2019-10-31,District of Columbia,784.0,575000.0,28.0,992.0,2782.0
2019-10-01,2019-10-31,Connecticut,3890.0,239900.0,77.0,4859.0,23314.0
2019-10-01,2019-10-31,Delaware,1310.0,260000.0,46.0,1519.0,6047.0
2019-10-01,2019-10-31,Florida,36666.0,241568.0,59.0,44103.0,190569.0
2019-10-01,2019-10-31,Georgia,13943.0,225000.0,49.0,17502.0,69211.0
2019-10-01,2019-10-31,Hawaii,1326.0,569888.0,85.0,1675.0,8521.0
2019-10-01,2019-10-31,Idaho,2977.0,290000.0,45.0,3397.0,11531.0
2019-10-01,2019-10-31,Illinois,12864.0,203000.0,80.0,16075.0,74728.0
2019-10-01,2019-10-31,Indiana,7909.0,168000.0,52.0,8244.0,30927.0
2019-10-01,2019-10-31,Iowa,3398.0,159000.0,68.0,3602.0,16533.0
2019-10-01,2019-10-31,Kansas,3028.0,185000.0,55.0,3246.0,12768.0
2019-10-01,2019-10-31,Kentucky,4361.0,175000.0,51.0,4889.0,19229.0
2019-10-01,2019-10-31,Louisiana,3758.0,195450.0,69.0,4146.0,21047.0
2019-10-01,2019-10-31,Maine,1753.0,225000.0,44.0,1972.0,8930.0
2019-10-01,2019-10-31,Maryland,7288.0,300000.0,41.0,8445.0,30373.0
2019-10-01,2019-10-31,Massachusetts,6996.0,395000.0,38.0,7977.0,27746.0
2019-10-01,2019-10-31,Michigan,11993.0,175000.0,43.0,14461.0,52276.0
2019-10-01,2019-10-31,Minnesota,7134.0,250000.0,36.0,8050.0,29240.0
2019-10-01,2019-10-31,Mississippi,1982.0,168000.0,81.0,2227.0,11422.0
2019-10-01,2019-10-31,Missouri,7411.0,176000.0,49.0,7994.0,29934.0
2019-10-01,2019-10-31,Montana,1242.0,299900.0,86.0,1314.0,7079.0
2019-10-01,2019-10-31,Nebraska,1933.0,195000.0,33.0,2054.0,6780.0
2019-10-01,2019-10-31,Nevada,4745.0,300000.0,58.0,5044.0,19938.0
2019-10-01,2019-10-31,New Hampshire,1924.0,280000.0,58.0,2161.0,8643.0
2019-10-01,2019-10-31,New Jersey,9839.0,315000.0,85.0,12110.0,57844.0
2019-10-01,2019-10-31,New Mexico,2140.0,228000.0,59.0,2390.0,9491.0
2019-10-01,2019-10-31,New York,12236.0,300000.0,73.0,16934.0,82038.0
2019-10-01,2019-10-31,North Carolina,13769.0,239500.0,64.0,15265.0,64717.0
2019-10-01,2019-10-31,North Dakota,694.0,234950.0,96.0,738.0,3794.0
2019-10-01,2019-10-31,Ohio,12615.0,158200.0,54.0,14395.0,53196.0
2019-10-01,2019-10-31,Oklahoma,4266.0,169000.0,46.0,4745.0,17557.0
2019-10-01,2019-10-31,Oregon,5339.0,363000.0,42.0,5915.0,20611.0
2019-10-01,2019-10-31,Pennsylvania,12271.0,190000.0,56.0,14549.0,58405.0
2019-10-01,2019-10-31,Rhode Island,1283.0,280000.0,53.0,1488.0,5692.0
2019-10-01,2019-10-31,South Carolina,7414.0,223000.0,79.0,8697.0,40513.0
2019-10-01,2019-10-31,South Dakota,851.0,213900.0,77.0,996.0,4491.0
2019-10-01,2019-10-31,Tennessee,9459.0,230000.0,60.0,10673.0,41473.0
2019-10-01,2019-10-31,Texas,28790.0,243500.0,48.0,35119.0,130870.0
2019-10-01,2019-10-31,Utah,4105.0,324000.0,36.0,4487.0,14340.0
2019-10-01,2019-10-31,Vermont,774.0,243000.0,91.0,899.0,5230.0
2019-10-01,2019-10-31,Virginia,10484.0,289900.0,44.0,11518.0,41178.0
2019-10-01,2019-10-31,Washington,9783.0,395000.0,23.0,10326.0,28724.0
2019-10-01,2019-10-31,West Virginia,1131.0,162500.0,91.0,1204.0,6387.0
2019-10-01,2019-10-31,Wisconsin,6633.0,197000.0,64.0,7402.0,30382.0
2019-10-01,2019-10-31,Wyoming,783.0,240000.0,85.0,753.0,3906.0
2019-09-01,2019-09-30,Alabama,5554.0,193000.0,76.0,6109.0,27198.0
2019-09-01,2019-09-30,Alaska,773.0,291000.0,92.0,1013.0,4892.0
2019-09-01,2019-09-30,Arizona,11200.0,275000.0,46.0,11823.0,39942.0
2019-09-01,2019-09-30,Arkansas,3148.0,164000.0,69.0,3553.0,15967.0
2019-09-01,2019-09-30,California,31469.0,519000.0,45.0,35237.0,123350.0
2019-09-01,2019-09-30,Colorado,9512.0,382000.0,41.0,10596.0,34703.0
2019-09-01,2019-09-30,District of Columbia,750.0,575000.0,30.0,1045.0,2759.0
2019-09-01,2019-09-30,Connecticut,3977.0,242050.0,80.0,5123.0,23655.0
2019-09-01,2019-09-30,Delaware,1341.0,250000.0,46.0,1444.0,6044.0
2019-09-01,2019-09-30,Florida,37418.0,244000.0,59.0,43890.0,189925.0
2019-09-01,2019-09-30,Georgia,13803.0,229372.0,50.0,17706.0,69402.0
2019-09-01,2019-09-30,Hawaii,1329.0,590000.0,84.0,1670.0,8435.0
2019-09-01,2019-09-30,Idaho,2951.0,289900.0,44.0,3392.0,11360.0
2019-09-01,2019-09-30,Illinois,12832.0,203000.0,80.0,16422.0,75306.0
2019-09-01,2019-09-30,Indiana,7869.0,168500.0,53.0,8327.0,30943.0
2019-09-01,2019-09-30,Iowa,3417.0,171000.0,70.0,3882.0,16708.0
2019-09-01,2019-09-30,Kansas,2987.0,185000.0,56.0,3387.0,12907.0
2019-09-01,2019-09-30,Kentucky,4304.0,174900.0,51.0,5103.0,19432.0
2019-09-01,2019-09-30,Louisiana,3495.0,197380.0,68.0,4369.0,21161.0
2019-09-01,2019-09-30,Maine,1793.0,228700.0,45.0,2133.0,9225.0
2019-09-01,2019-09-30,Maryland,7476.0,305000.0,42.0,9012.0,30896.0
2019-09-01,2019-09-30,Massachusetts,6930.0,402000.0,39.0,8678.0,28052.0
2019-09-01,2019-09-30,Michigan,12060.0,179000.0,42.0,14462.0,52547.0
2019-09-01,2019-09-30,Minnesota,7146.0,252000.0,36.0,8110.0,30451.0
2019-09-01,2019-09-30,Mississippi,1915.0,170000.0,84.0,2386.0,11529.0
2019-09-01,2019-09-30,Missouri,7414.0,175000.0,49.0,8119.0,30123.0
2019-09-01,2019-09-30,Montana,1229.0,305000.0,86.0,1450.0,7119.0
2019-09-01,2019-09-30,Nebraska,1916.0,195000.0,30.0,2277.0,6893.0
2019-09-01,2019-09-30,Nevada,4794.0,305000.0,58.0,5117.0,20705.0
2019-09-01,2019-09-30,New Hampshire,1897.0,285000.0,58.0,2192.0,8683.0
2019-09-01,2019-09-30,New Jersey,10113.0,312500.0,86.0,12995.0,58650.0
2019-09-01,2019-09-30,New Mexico,2212.0,220000.0,59.0,2429.0,9512.0
2019-09-01,2019-09-30,New York,12471.0,307750.0,72.0,17963.0,82368.0
2019-09-01,2019-09-30,North Carolina,13681.0,240000.0,66.0,14820.0,64567.0
2019-09-01,2019-09-30,North Dakota,691.0,229900.0,99.0,767.0,3837.0
2019-09-01,2019-09-30,Ohio,12703.0,160200.0,54.0,14770.0,53425.0
2019-09-01,2019-09-30,Oklahoma,4190.0,168000.0,41.0,4567.0,17648.0
2019-09-01,2019-09-30,Oregon,5350.0,359000.0,43.0,6103.0,21074.0
2019-09-01,2019-09-30,Pennsylvania,12524.0,191500.0,55.0,14901.0,58780.0
2019-09-01,2019-09-30,Rhode Island,1225.0,282000.0,54.0,1599.0,5751.0
2019-09-01,2019-09-30,South Carolina,7503.0,224900.0,78.0,8459.0,40486.0
2019-09-01,2019-09-30,South Dakota,888.0,205000.0,77.0,1027.0,4532.0
2019-09-01,2019-09-30,Tennessee,9615.0,229900.0,61.0,10837.0,41823.0
2019-09-01,2019-09-30,Texas,28506.0,245000.0,48.0,35334.0,131420.0
2019-09-01,2019-09-30,Utah,4102.0,325000.0,36.0,4471.0,14573.0
2019-09-01,2019-09-30,Vermont,748.0,239950.0,93.0,907.0,5296.0
2019-09-01,2019-09-30,Virginia,10410.0,292408.0,45.0,11793.0,41819.0
2019-09-01,2019-09-30,Washington,9780.0,395000.0,24.0,10488.0,29317.0
2019-09-01,2019-09-30,West Virginia,1123.0,165000.0,91.0,1343.0,6479.0
2019-09-01,2019-09-30,Wisconsin,6629.0,195000.0,64.0,7688.0,30402.0
2019-09-01,2019-09-30,Wyoming,781.0,245000.0,76.0,764.0,3943.0
2019-08-01,2019-08-31,Alabama,5425.0,192900.0,74.0,5725.0,27234.0
2019-08-01,2019-08-31,Alaska,755.0,289900.0,93.0,986.0,4808.0
2019-08-01,2019-08-31,Arizona,11348.0,275000.0,49.0,11847.0,40739.0
2019-08-01,2019-08-31,Arkansas,3190.0,169900.0,69.0,3497.0,15960.0
2019-08-01,2019-08-31,California,32090.0,520806.0,44.0,35156.0,125295.0
2019-08-01,2019-08-31,Colorado,9659.0,385000.0,41.0,10580.0,34837.0
2019-08-01,2019-08-31,District of Columbia,801.0,575000.0,29.0,912.0,2659.0
2019-08-01,2019-08-31,Connecticut,4005.0,258500.0,80.0,4890.0,23767.0
2019-08-01,2019-08-31,Delaware,1310.0,258250.0,53.0,1565.0,6120.0
2019-08-01,2019-08-31,Florida,37428.0,244000.0,59.0,43271.0,191276.0
2019-08-01,2019-08-31,Georgia,13943.0,230000.0,51.0,17639.0,69352.0
2019-08-01,2019-08-31,Hawaii,1345.0,553500.0,85.0,1671.0,8431.0
2019-08-01,2019-08-31,Idaho,3056.0,290000.0,44.0,3278.0,11376.0
2019-08-01,2019-08-31,Illinois,13188.0,215500.0,80.0,16253.0,75160.0
2019-08-01,2019-08-31,Indiana,7909.0,170000.0,52.0,8232.0,30919.0
2019-08-01,2019-08-31,Iowa,3424.0,170000.0,68.0,3854.0,16581.0
2019-08-01,2019-08-31,Kansas,3212.0,190000.0,54.0,3351.0,13065.0
2019-08-01,2019-08-31,Kentucky,4321.0,175500.0,53.0,5015.0,19464.0
2019-08-01,2019-08-31,Louisiana,3599.0,197000.0,69.0,4343.0,20928.0
2019-08-01,2019-08-31,Maine,1920.0,231500.0,46.0,2139.0,9336.0
2019-08-01,2019-08-31,Maryland,7563.0,309900.0,43.0,8759.0,30724.0
2019-08-01,2019-08-31,Massachusetts,7135.0,425000.0,37.0,7991.0,27692.0
2019-08-01,2019-08-31,Michigan,12092.0,184900.0,41.0,14482.0,52221.0
2019-08-01,2019-08-31,Minnesota,7351.0,259000.0,35.0,7898.0,31636.0
2019-08-01,2019-08-31,Mississippi,1925.0,175000.0,80.0,2222.0,11497.0
2019-08-01,2019-08-31,Missouri,7537.0,180000.0,51.0,8130.0,30067.0
2019-08-01,2019-08-31,Montana,1280.0,299900.0,84.0,1494.0,7157.0
2019-08-01,2019-08-31,Nebraska,2054.0,197203.0,31.0,2240.0,6777.0
2019-08-01,2019-08-31,Nevada,4870.0,299900.0,60.0,5272.0,21288.0
2019-08-01,2019-08-31,New Hampshire,1934.0,289917.0,59.0,2191.0,8713.0
2019-08-01,2019-08-31,New Jersey,10267.0,325000.0,86.0,12018.0,59292.0
2019-08-01,2019-08-31,New Mexico,2248.0,220000.0,57.0,2358.0,9576.0
2019-08-01,2019-08-31,New York,12680.0,321700.0,69.0,17085.0,81355.0
2019-08-01,2019-08-31,North Carolina,13715.0,240000.0,65.0,15115.0,64404.0
2019-08-01,2019-08-31,North Dakota,732.0,225000.0,94.0,765.0,3868.0
2019-08-01,2019-08-31,Ohio,12860.0,165000.0,54.0,14375.0,53443.0
2019-08-01,2019-08-31,Oklahoma,4274.0,169000.0,40.0,4655.0,17881.0
2019-08-01,2019-08-31,Oregon,5489.0,365000.0,43.0,5909.0,21263.0
2019-08-01,2019-08-31,Pennsylvania,12737.0,205000.0,56.0,14617.0,58760.0
2019-08-01,2019-08-31,Rhode Island,1297.0,285000.0,53.0,1563.0,5714.0
2019-08-01,2019-08-31,South Carolina,7606.0,225400.0,78.0,8686.0,41107.0
2019-08-01,2019-08-31,South Dakota,916.0,215000.0,77.0,1045.0,4580.0
2019-08-01,2019-08-31,Tennessee,9785.0,230000.0,61.0,10600.0,41763.0
2019-08-01,2019-08-31,Texas,29579.0,246900.0,49.0,34940.0,132006.0
2019-08-01,2019-08-31,Utah,4293.0,325000.0,35.0,4461.0,14635.0
2019-08-01,2019-08-31,Vermont,742.0,247712.0,94.0,956.0,5369.0
2019-08-01,2019-08-31,Virginia,10456.0,299000.0,46.0,11548.0,41887.0
2019-08-01,2019-08-31,Washington,10169.0,400000.0,25.0,10240.0,29581.0
2019-08-01,2019-08-31,West Virginia,1096.0,169000.0,89.0,1261.0,6380.0
2019-08-01,2019-08-31,Wisconsin,6745.0,206300.0,63.0,7660.0,30570.0
2019-08-01,2019-08-31,Wyoming,782.0,241000.0,80.0,807.0,3997.0
2019-07-01,2019-07-31,Alabama,5278.0,198981.0,77.0,5707.0,27458.0
2019-07-01,2019-07-31,Alaska,780.0,285900.0,91.0,952.0,4831.0
2019-07-01,2019-07-31,Arizona,11124.0,275000.0,50.0,11793.0,41937.0
2019-07-01,2019-07-31,Arkansas,3266.0,171000.0,70.0,3515.0,16093.0
2019-07-01,2019-07-31,California,32105.0,527000.0,45.0,35482.0,128141.0
2019-07-01,2019-07-31,Colorado,9683.0,385000.0,40.0,10364.0,34991.0
2019-07-01,2019-07-31,District of Columbia,734.0,581250.0,27.0,901.0,2667.0
2019-07-01,2019-07-31,Connecticut,4054.0,260000.0,80.0,4876.0,24100.0
2019-07-01,2019-07-31,Delaware,1336.0,255000.0,47.0,1483.0,6137.0
2019-07-01,2019-07-31,Florida,37606.0,245000.0,60.0,44151.0,194857.0
2019-07-01,2019-07-31,Georgia,13864.0,232500.0,51.0,17680.0,69640.0
2019-07-01,2019-07-31,Hawaii,1416.0,576250.0,78.0,1759.0,8490.0
2019-07-01,2019-07-31,Idaho,3078.0,288990.0,44.0,3306.0,11428.0
2019-07-01,2019-07-31,Illinois,13372.0,220000.0,75.0,16186.0,74873.0
2019-07-01,2019-07-31,Indiana,7888.0,173000.0,53.0,8221.0,30981.0
2019-07-01,2019-07-31,Iowa,3303.0,174900.0,70.0,3819.0,16470.0
2019-07-01,2019-07-31,Kansas,3126.0,199000.0,55.0,3356.0,13167.0
2019-07-01,2019-07-31,Kentucky,4283.0,179900.0,52.0,4973.0,19600.0
2019-07-01,2019-07-31,Louisiana,3470.0,200855.0,68.0,4083.0,20714.0
2019-07-01,2019-07-31,Maine,1825.0,230000.0,43.0,2239.0,9492.0
2019-07-01,2019-07-31,Maryland,7564.0,315000.0,45.0,8601.0,31450.0
2019-07-01,2019-07-31,Massachusetts,7043.0,430000.0,34.0,7891.0,28389.0
2019-07-01,2019-07-31,Michigan,12012.0,182568.0,41.0,14455.0,52206.0
2019-07-01,2019-07-31,Minnesota,7324.0,260000.0,35.0,7961.0,32060.0
2019-07-01,2019-07-31,Mississippi,1885.0,175900.0,82.0,2290.0,11563.0
2019-07-01,2019-07-31,Missouri,7403.0,182000.0,49.0,8157.0,30181.0
2019-07-01,2019-07-31,Montana,1355.0,301500.0,84.0,1462.0,7218.0
2019-07-01,2019-07-31,Nebraska,1985.0,200000.0,30.0,2117.0,6730.0
2019-07-01,2019-07-31,Nevada,4663.0,297000.0,58.0,5285.0,21847.0
2019-07-01,2019-07-31,New Hampshire,1943.0,285000.0,59.0,2236.0,8785.0
2019-07-01,2019-07-31,New Jersey,10195.0,325000.0,86.0,12093.0,60693.0
2019-07-01,2019-07-31,New Mexico,2139.0,224900.0,61.0,2351.0,9740.0
2019-07-01,2019-07-31,New York,13056.0,323928.0,69.0,17265.0,82490.0
2019-07-01,2019-07-31,North Carolina,13510.0,244000.0,64.0,14880.0,64222.0
2019-07-01,2019-07-31,North Dakota,711.0,233000.0,95.0,766.0,3853.0
2019-07-01,2019-07-31,Ohio,12808.0,170000.0,54.0,14379.0,53889.0
2019-07-01,2019-07-31,Oklahoma,4298.0,174449.0,38.0,4650.0,18090.0
2019-07-01,2019-07-31,Oregon,5344.0,365000.0,43.0,5938.0,21798.0
2019-07-01,2019-07-31,Pennsylvania,12639.0,210000.0,56.0,14601.0,59588.0
2019-07-01,2019-07-31,Rhode Island,1329.0,281250.0,54.0,1444.0,5760.0
2019-07-01,2019-07-31,South Carolina,7549.0,228500.0,79.0,8704.0,41357.0
2019-07-01,2019-07-31,South Dakota,875.0,215950.0,75.0,1016.0,4511.0
2019-07-01,2019-07-31,Tennessee,9703.0,234503.0,62.0,10364.0,42027.0
2019-07-01,2019-07-31,Texas,29022.0,249775.0,48.0,35123.0,133064.0
2019-07-01,2019-07-31,Utah,4387.0,322900.0,34.0,4530.0,14867.0
2019-07-01,2019-07-31,Vermont,767.0,247000.0,92.0,999.0,5401.0
2019-07-01,2019-07-31,Virginia,10453.0,305000.0,48.0,11447.0,42516.0
2019-07-01,2019-07-31,Washington,10106.0,401000.0,25.0,10282.0,30921.0
2019-07-01,2019-07-31,West Virginia,1120.0,174900.0,86.0,1270.0,6437.0
2019-07-01,2019-07-31,Wisconsin,6756.0,205000.0,64.0,7648.0,30711.0
2019-07-01,2019-07-31,Wyoming,835.0,250000.0,79.0,806.0,4078.0
2019-06-01,2019-06-30,Alabama,5148.0,200400.0,76.0,5876.0,27558.0
2019-06-01,2019-06-30,Alaska,761.0,287500.0,87.0,943.0,4875.0
2019-06-01,2019-06-30,Arizona,11075.0,273000.0,51.0,12097.0,43443.0
2019-06-01,2019-06-30,Arkansas,3160.0,170425.0,71.0,3597.0,16167.0
2019-06-01,2019-06-30,California,31852.0,530000.0,45.0,36415.0,131050.0
2019-06-01,2019-06-30,Colorado,9632.0,386500.0,41.0,11058.0,35626.0
2019-06-01,2019-06-30,District of Columbia,785.0,610000.0,25.0,938.0,2706.0
2019-06-01,2019-06-30,Connecticut,4103.0,263200.0,78.0,5132.0,24950.0
2019-06-01,2019-06-30,Delaware,1373.0,255000.0,52.0,1523.0,6223.0
2019-06-01,2019-06-30,Florida,37505.0,248000.0,61.0,44585.0,198827.0
2019-06-01,2019-06-30,Georgia,13963.0,235000.0,50.0,17353.0,70010.0
2019-06-01,2019-06-30,Hawaii,1328.0,570000.0,85.0,1631.0,8454.0
2019-06-01,2019-06-30,Idaho,3188.0,287500.0,47.0,3234.0,11429.0
2019-06-01,2019-06-30,Illinois,13458.0,226500.0,74.0,16753.0,74744.0
2019-06-01,2019-06-30,Indiana,7824.0,175000.0,53.0,8103.0,31074.0
2019-06-01,2019-06-30,Iowa,3408.0,178000.0,69.0,3739.0,16327.0
2019-06-01,2019-06-30,Kansas,3169.0,207500.0,56.0,3427.0,13194.0
2019-06-01,2019-06-30,Kentucky,4318.0,183000.0,52.0,5038.0,19572.0
2019-06-01,2019-06-30,Louisiana,3542.0,208000.0,69.0,4295.0,20688.0
2019-06-01,2019-06-30,Maine,1831.0,239000.0,40.0,2311.0,9520.0
2019-06-01,2019-06-30,Maryland,7443.0,316000.0,44.0,8928.0,31971.0
2019-06-01,2019-06-30,Massachusetts,7107.0,435000.0,24.0,8494.0,27708.0
2019-06-01,2019-06-30,Michigan,12013.0,184000.0,41.0,14585.0,52593.0
2019-06-01,2019-06-30,Minnesota,7290.0,262500.0,35.0,8142.0,31775.0
2019-06-01,2019-06-30,Mississippi,1914.0,179000.0,84.0,2342.0,11585.0
2019-06-01,2019-06-30,Missouri,7367.0,189900.0,49.0,8296.0,30134.0
2019-06-01,2019-06-30,Montana,1270.0,303950.0,83.0,1518.0,7233.0
2019-06-01,2019-06-30,Nebraska,1931.0,200000.0,29.0,2235.0,6743.0
2019-06-01,2019-06-30,Nevada,4563.0,298500.0,57.0,5686.0,22170.0
2019-06-01,2019-06-30,New Hampshire,2035.0,299000.0,59.0,2262.0,8856.0
2019-06-01,2019-06-30,New Jersey,10371.0,320000.0,83.0,12690.0,62690.0
2019-06-01,2019-06-30,New Mexico,2160.0,223000.0,60.0,2511.0,9914.0
2019-06-01,2019-06-30,New York,13366.0,338000.0,71.0,17295.0,83224.0
2019-06-01,2019-06-30,North Carolina,13528.0,247500.0,64.0,15201.0,64423.0
2019-06-01,2019-06-30,North Dakota,669.0,227000.0,93.0,746.0,3824.0
2019-06-01,2019-06-30,Ohio,12913.0,174900.0,53.0,14508.0,54291.0
2019-06-01,2019-06-30,Oklahoma,4200.0,176500.0,39.0,4600.0,18333.0
2019-06-01,2019-06-30,Oregon,5247.0,369000.0,42.0,6273.0,22109.0
2019-06-01,2019-06-30,Pennsylvania,13008.0,216000.0,57.0,14621.0,60554.0
2019-06-01,2019-06-30,Rhode Island,1352.0,285000.0,58.0,1526.0,5986.0
2019-06-01,2019-06-30,South Carolina,7527.0,230000.0,78.0,8688.0,41424.0
2019-06-01,2019-06-30,South Dakota,868.0,215000.0,73.0,1053.0,4451.0
2019-06-01,2019-06-30,Tennessee,9631.0,238000.0,60.0,10856.0,42417.0
2019-06-01,2019-06-30,Texas,28558.0,250080.0,48.0,35347.0,133770.0
2019-06-01,2019-06-30,Utah,4242.0,327000.0,36.0,4693.0,15112.0
2019-06-01,2019-06-30,Vermont,762.0,245000.0,95.0,1012.0,5466.0
2019-06-01,2019-06-30,Virginia,10480.0,312000.0,49.0,11708.0,43451.0
2019-06-01,2019-06-30,Washington,10288.0,410000.0,24.0,10694.0,32001.0
2019-06-01,2019-06-30,West Virginia,1187.0,170000.0,87.0,1272.0,6483.0
2019-06-01,2019-06-30,Wisconsin,6674.0,215000.0,63.0,7808.0,30976.0
2019-06-01,2019-06-30,Wyoming,833.0,242900.0,86.0,847.0,4133.0
2019-05-01,2019-05-31,Alabama,5217.0,200000.0,78.0,6027.0,27773.0
2019-05-01,2019-05-31,Alaska,764.0,285000.0,89.0,1001.0,5004.0
2019-05-01,2019-05-31,Arizona,11046.0,271000.0,51.0,12238.0,44897.0
2019-05-01,2019-05-31,Arkansas,3318.0,169250.0,69.0,3495.0,16390.0
2019-05-01,2019-05-31,California,31816.0,521500.0,46.0,38189.0,133439.0
2019-05-01,2019-05-31,Colorado,9565.0,389900.0,40.0,11228.0,35589.0
2019-05-01,2019-05-31,District of Columbia,798.0,594900.0,27.0,1011.0,2761.0
2019-05-01,2019-05-31,Connecticut,4078.0,255000.0,81.0,5363.0,25659.0
2019-05-01,2019-05-31,Delaware,1283.0,245000.0,52.0,1539.0,6265.0
2019-05-01,2019-05-31,Florida,37618.0,244900.0,63.0,45496.0,202950.0
2019-05-01,2019-05-31,Georgia,13890.0,234900.0,51.0,18084.0,70547.0
2019-05-01,2019-05-31,Hawaii,1328.0,569000.0,87.0,1721.0,8540.0
2019-05-01,2019-05-31,Idaho,3043.0,280000.0,46.0,3379.0,11597.0
2019-05-01,2019-05-31,Illinois,13530.0,220000.0,72.0,17010.0,75240.0
2019-05-01,2019-05-31,Indiana,7757.0,169900.0,53.0,8438.0,31582.0
2019-05-01,2019-05-31,Iowa,3407.0,167500.0,69.0,3802.0,16444.0
2019-05-01,2019-05-31,Kansas,3130.0,195000.0,55.0,3455.0,13525.0
2019-05-01,2019-05-31,Kentucky,4270.0,173500.0,53.0,5187.0,19677.0
2019-05-01,2019-05-31,Louisiana,3610.0,201000.0,70.0,4309.0,20825.0
2019-05-01,2019-05-31,Maine,1808.0,231000.0,46.0,2301.0,9511.0
2019-05-01,2019-05-31,Maryland,7421.0,310000.0,44.0,9195.0,32285.0
2019-05-01,2019-05-31,Massachusetts,7222.0,415000.0,26.0,9239.0,28365.0
2019-05-01,2019-05-31,Michigan,12067.0,180350.0,41.0,14650.0,52528.0
2019-05-01,2019-05-31,Minnesota,7308.0,259326.0,36.0,8175.0,30517.0
2019-05-01,2019-05-31,Mississippi,1960.0,173000.0,83.0,2418.0,11709.0
2019-05-01,2019-05-31,Missouri,7500.0,182900.0,51.0,8517.0,30851.0
2019-05-01,2019-05-31,Montana,1316.0,290000.0,88.0,1510.0,7227.0
2019-05-01,2019-05-31,Nebraska,1893.0,198000.0,28.0,2337.0,6680.0
2019-05-01,2019-05-31,Nevada,4737.0,295000.0,58.0,5881.0,22330.0
2019-05-01,2019-05-31,New Hampshire,2082.0,280000.0,60.0,2302.0,9037.0
2019-05-01,2019-05-31,New Jersey,10752.0,308000.0,84.0,13033.0,64473.0
2019-05-01,2019-05-31,New Mexico,2186.0,219945.0,61.0,2303.0,9896.0
2019-05-01,2019-05-31,New York,13119.0,307000.0,72.0,17796.0,83943.0
2019-05-01,2019-05-31,North Carolina,13421.0,241000.0,65.0,15956.0,64828.0
2019-05-01,2019-05-31,North Dakota,687.0,225000.0,97.0,815.0,3853.0
2019-05-01,2019-05-31,Ohio,12923.0,165000.0,53.0,15167.0,55271.0
2019-05-01,2019-05-31,Oklahoma,4264.0,172500.0,40.0,4766.0,18606.0
2019-05-01,2019-05-31,Oregon,5317.0,368000.0,45.0,6459.0,22156.0
2019-05-01,2019-05-31,Pennsylvania,12922.0,197000.0,56.0,14864.0,61585.0
2019-05-01,2019-05-31,Rhode Island,1397.0,281500.0,57.0,1667.0,6217.0
2019-05-01,2019-05-31,South Carolina,7594.0,227500.0,78.0,8864.0,41771.0
2019-05-01,2019-05-31,South Dakota,875.0,210000.0,83.0,993.0,4386.0
2019-05-01,2019-05-31,Tennessee,9756.0,229900.0,61.0,10630.0,42254.0
2019-05-01,2019-05-31,Texas,28706.0,249900.0,47.0,35223.0,134143.0
2019-05-01,2019-05-31,Utah,4380.0,324000.0,36.0,4687.0,15372.0
2019-05-01,2019-05-31,Vermont,783.0,244450.0,93.0,977.0,5561.0
2019-05-01,2019-05-31,Virginia,10589.0,309000.0,49.0,12336.0,44142.0
2019-05-01,2019-05-31,Washington,9975.0,410000.0,23.0,11596.0,32695.0
2019-05-01,2019-05-31,West Virginia,1071.0,172000.0,90.0,1298.0,6500.0
2019-05-01,2019-05-31,Wisconsin,6859.0,203403.0,63.0,7935.0,31084.0
2019-05-01,2019-05-31,Wyoming,814.0,240000.0,83.0,811.0,4150.0
2019-04-01,2019-04-30,Alabama,5257.0,189900.0,79.0,5909.0,27947.0
2019-04-01,2019-04-30,Alaska,748.0,280000.0,92.0,1028.0,5075.0
2019-04-01,2019-04-30,Arizona,10812.0,265000.0,53.0,12225.0,45523.0
2019-04-01,2019-04-30,Arkansas,3343.0,160000.0,72.0,3804.0,16615.0
2019-04-01,2019-04-30,California,29706.0,512500.0,48.0,38091.0,131322.0
2019-04-01,2019-04-30,Colorado,9202.0,379900.0,40.0,11037.0,34453.0
2019-04-01,2019-04-30,District of Columbia,827.0,589000.0,27.0,979.0,2738.0
2019-04-01,2019-04-30,Connecticut,3977.0,230500.0,81.0,5390.0,25596.0
2019-04-01,2019-04-30,Delaware,1297.0,239900.0,51.0,1570.0,6324.0
2019-04-01,2019-04-30,Florida,36155.0,237000.0,63.0,45264.0,205737.0
2019-04-01,2019-04-30,Georgia,13673.0,225000.0,51.0,17441.0,69720.0
2019-04-01,2019-04-30,Hawaii,1295.0,540000.0,82.0,1682.0,8452.0
2019-04-01,2019-04-30,Idaho,2901.0,277000.0,49.0,3382.0,11189.0
2019-04-01,2019-04-30,Illinois,13110.0,215000.0,68.0,17259.0,74760.0
2019-04-01,2019-04-30,Indiana,7727.0,161000.0,56.0,8213.0,31567.0
2019-04-01,2019-04-30,Iowa,3264.0,160000.0,76.0,3827.0,16151.0
2019-04-01,2019-04-30,Kansas,2942.0,182000.0,55.0,3552.0,13542.0
2019-04-01,2019-04-30,Kentucky,4244.0,166000.0,52.0,5140.0,19765.0
2019-04-01,2019-04-30,Louisiana,3535.0,192000.0,71.0,4310.0,20929.0
2019-04-01,2019-04-30,Maine,1791.0,215000.0,50.0,2147.0,9417.0
2019-04-01,2019-04-30,Maryland,7232.0,295820.0,43.0,9425.0,32164.0
2019-04-01,2019-04-30,Massachusetts,7029.0,390000.0,29.0,8868.0,28170.0
2019-04-01,2019-04-30,Michigan,12070.0,170000.0,44.0,14710.0,52085.0
2019-04-01,2019-04-30,Minnesota,6929.0,251650.0,41.0,8087.0,26523.0
2019-04-01,2019-04-30,Mississippi,1955.0,169900.0,85.0,2283.0,11724.0
2019-04-01,2019-04-30,Missouri,7309.0,172900.0,53.0,8703.0,31144.0
2019-04-01,2019-04-30,Montana,1180.0,289000.0,91.0,1475.0,7132.0
2019-04-01,2019-04-30,Nebraska,1776.0,188000.0,47.0,2163.0,6482.0
2019-04-01,2019-04-30,Nevada,4319.0,290000.0,54.0,5816.0,21666.0
2019-04-01,2019-04-30,New Hampshire,1981.0,270000.0,61.0,2257.0,9075.0
2019-04-01,2019-04-30,New Jersey,10360.0,290000.0,84.0,14036.0,65489.0
2019-04-01,2019-04-30,New Mexico,2209.0,210000.0,64.0,2452.0,10016.0
2019-04-01,2019-04-30,New York,13295.0,307500.0,72.0,17467.0,83937.0
2019-04-01,2019-04-30,North Carolina,13156.0,240000.0,66.0,15632.0,64394.0
2019-04-01,2019-04-30,North Dakota,652.0,223000.0,100.0,787.0,3747.0
2019-04-01,2019-04-30,Ohio,12858.0,156000.0,53.0,15254.0,55190.0
2019-04-01,2019-04-30,Oklahoma,4140.0,166000.0,48.0,4985.0,18956.0
2019-04-01,2019-04-30,Oregon,5095.0,350000.0,49.0,6377.0,21407.0
2019-04-01,2019-04-30,Pennsylvania,12402.0,185000.0,56.0,14847.0,61866.0
2019-04-01,2019-04-30,Rhode Island,1235.0,262750.0,58.0,1677.0,6181.0
2019-04-01,2019-04-30,South Carolina,7495.0,217000.0,76.0,8693.0,41633.0
2019-04-01,2019-04-30,South Dakota,761.0,208500.0,83.0,968.0,4262.0
2019-04-01,2019-04-30,Tennessee,9364.0,220000.0,62.0,10683.0,42726.0
2019-04-01,2019-04-30,Texas,28418.0,243000.0,48.0,35326.0,133962.0
2019-04-01,2019-04-30,Utah,4047.0,318000.0,37.0,4816.0,15489.0
2019-04-01,2019-04-30,Vermont,729.0,225000.0,102.0,942.0,5629.0
2019-04-01,2019-04-30,Virginia,10334.0,300000.0,49.0,12419.0,43815.0
2019-04-01,2019-04-30,Washington,9678.0,399000.0,26.0,11593.0,31967.0
2019-04-01,2019-04-30,West Virginia,1134.0,159000.0,93.0,1319.0,6575.0
2019-04-01,2019-04-30,Wisconsin,6543.0,197000.0,64.0,7751.0,30783.0
2019-04-01,2019-04-30,Wyoming,772.0,225000.0,83.0,775.0,4195.0
2019-03-01,2019-03-31,Alabama,4946.0,187500.0,85.0,5957.0,28108.0
2019-03-01,2019-03-31,Alaska,774.0,265000.0,107.0,1023.0,5024.0
2019-03-01,2019-03-31,Arizona,10641.0,261000.0,53.0,12090.0,45442.0
2019-03-01,2019-03-31,Arkansas,3066.0,159900.0,70.0,3612.0,16439.0
2019-03-01,2019-03-31,California,29914.0,495000.0,49.0,37059.0,128133.0
2019-03-01,2019-03-31,Colorado,9398.0,370000.0,40.0,10284.0,33958.0
2019-03-01,2019-03-31,District of Columbia,815.0,570000.0,29.0,927.0,2649.0
2019-03-01,2019-03-31,Connecticut,3920.0,225000.0,84.0,5396.0,25575.0
2019-03-01,2019-03-31,Delaware,1304.0,240000.0,55.0,1605.0,6367.0
2019-03-01,2019-03-31,Florida,34979.0,235000.0,62.0,45333.0,206752.0
2019-03-01,2019-03-31,Georgia,13586.0,220000.0,50.0,17620.0,69174.0
2019-03-01,2019-03-31,Hawaii,1319.0,557000.0,75.0,1684.0,8442.0
2019-03-01,2019-03-31,Idaho,2808.0,268530.0,46.0,3008.0,10857.0
2019-03-01,2019-03-31,Illinois,12828.0,202000.0,70.0,17001.0,73277.0
2019-03-01,2019-03-31,Indiana,7787.0,160000.0,56.0,7866.0,31850.0
2019-03-01,2019-03-31,Iowa,3179.0,158500.0,73.0,3369.0,15687.0
2019-03-01,2019-03-31,Kansas,2952.0,170000.0,58.0,3390.0,13419.0
2019-03-01,2019-03-31,Kentucky,4259.0,163000.0,53.0,5124.0,19740.0
2019-03-01,2019-03-31,Louisiana,3417.0,190000.0,77.0,4216.0,20777.0
2019-03-01,2019-03-31,Maine,1775.0,216800.0,51.0,2059.0,9583.0
2019-03-01,2019-03-31,Maryland,7308.0,285000.0,43.0,9154.0,31733.0
2019-03-01,2019-03-31,Massachusetts,7126.0,385000.0,30.0,8990.0,28354.0
2019-03-01,2019-03-31,Michigan,12081.0,162900.0,43.0,14623.0,51516.0
2019-03-01,2019-03-31,Minnesota,6908.0,249900.0,41.0,7491.0,22817.0
2019-03-01,2019-03-31,Mississippi,1877.0,169500.0,89.0,2295.0,11741.0
2019-03-01,2019-03-31,Missouri,7234.0,167500.0,55.0,7744.0,30780.0
2019-03-01,2019-03-31,Montana,1190.0,284900.0,97.0,1192.0,7039.0
2019-03-01,2019-03-31,Nebraska,1805.0,189900.0,47.0,1769.0,6425.0
2019-03-01,2019-03-31,Nevada,4153.0,290000.0,55.0,5686.0,21279.0
2019-03-01,2019-03-31,New Hampshire,2001.0,269000.0,60.0,2261.0,9285.0
2019-03-01,2019-03-31,New Jersey,10381.0,283000.0,85.0,13667.0,65430.0
2019-03-01,2019-03-31,New Mexico,2036.0,205000.0,65.0,2424.0,9995.0
2019-03-01,2019-03-31,New York,12575.0,302000.0,72.0,17317.0,83781.0
2019-03-01,2019-03-31,North Carolina,13169.0,229840.0,67.0,14955.0,63959.0
2019-03-01,2019-03-31,North Dakota,638.0,220000.0,104.0,671.0,3613.0
2019-03-01,2019-03-31,Ohio,12377.0,148450.0,55.0,14678.0,54814.0
2019-03-01,2019-03-31,Oklahoma,4115.0,165000.0,62.0,4734.0,18692.0
2019-03-01,2019-03-31,Oregon,4971.0,349995.0,46.0,5905.0,20873.0
2019-03-01,2019-03-31,Pennsylvania,12677.0,180000.0,58.0,14728.0,61311.0
2019-03-01,2019-03-31,Rhode Island,1297.0,256250.0,62.0,1606.0,6055.0
2019-03-01,2019-03-31,South Carolina,7559.0,216220.0,76.0,8673.0,41251.0
2019-03-01,2019-03-31,South Dakota,748.0,205000.0,73.0,829.0,4121.0
2019-03-01,2019-03-31,Tennessee,8927.0,215000.0,62.0,10255.0,41619.0
2019-03-01,2019-03-31,Texas,28357.0,238970.0,48.0,35187.0,132911.0
2019-03-01,2019-03-31,Utah,3969.0,305000.0,39.0,4691.0,15598.0
2019-03-01,2019-03-31,Vermont,728.0,231000.0,102.0,959.0,5661.0
2019-03-01,2019-03-31,Virginia,10301.0,280000.0,48.0,12382.0,43596.0
2019-03-01,2019-03-31,Washington,9472.0,390000.0,31.0,11199.0,31533.0
2019-03-01,2019-03-31,West Virginia,1009.0,158000.0,95.0,1301.0,6492.0
2019-03-01,2019-03-31,Wisconsin,6412.0,185000.0,64.0,7156.0,30624.0
2019-03-01,2019-03-31,Wyoming,753.0,225000.0,92.0,785.0,4259.0
2019-02-01,2019-02-28,Alabama,5073.0,177000.0,85.0,5783.0,27962.0
2019-02-01,2019-02-28,Alaska,737.0,259900.0,95.0,1015.0,5038.0
2019-02-01,2019-02-28,Arizona,10439.0,257000.0,52.0,11990.0,45184.0
2019-02-01,2019-02-28,Arkansas,3092.0,153000.0,76.0,3533.0,16469.0
2019-02-01,2019-02-28,California,29072.0,480000.0,47.0,36147.0,126345.0
2019-02-01,2019-02-28,Colorado,9377.0,365000.0,40.0,10743.0,34379.0
2019-02-01,2019-02-28,District of Columbia,716.0,575325.0,26.0,920.0,2567.0
2019-02-01,2019-02-28,Connecticut,3963.0,214000.0,81.0,5415.0,25665.0
2019-02-01,2019-02-28,Delaware,1281.0,234725.0,51.0,1535.0,6388.0
2019-02-01,2019-02-28,Florida,34593.0,230000.0,62.0,45157.0,206813.0
2019-02-01,2019-02-28,Georgia,13491.0,210000.0,51.0,17299.0,69206.0
2019-02-01,2019-02-28,Hawaii,1228.0,535750.0,78.0,1696.0,8345.0
2019-02-01,2019-02-28,Idaho,2938.0,267703.0,46.0,3165.0,10948.0
2019-02-01,2019-02-28,Illinois,13027.0,189950.0,72.0,16630.0,72571.0
2019-02-01,2019-02-28,Indiana,7752.0,152000.0,55.0,8009.0,32483.0
2019-02-01,2019-02-28,Iowa,3380.0,150000.0,72.0,3158.0,16125.0
2019-02-01,2019-02-28,Kansas,2989.0,163000.0,59.0,3232.0,13494.0
2019-02-01,2019-02-28,Kentucky,4256.0,159900.0,53.0,4977.0,19671.0
2019-02-01,2019-02-28,Louisiana,3688.0,180000.0,79.0,4363.0,21305.0
2019-02-01,2019-02-28,Maine,1732.0,210000.0,48.0,2127.0,9858.0
2019-02-01,2019-02-28,Maryland,7147.0,272250.0,43.0,8824.0,31260.0
2019-02-01,2019-02-28,Massachusetts,7278.0,369900.0,30.0,8794.0,28149.0
2019-02-01,2019-02-28,Michigan,12099.0,159900.0,40.0,14592.0,51506.0
2019-02-01,2019-02-28,Minnesota,7153.0,237250.0,40.0,7312.0,20208.0
2019-02-01,2019-02-28,Mississippi,1944.0,159900.0,90.0,2324.0,11819.0
2019-02-01,2019-02-28,Missouri,7359.0,160000.0,57.0,7810.0,30947.0
2019-02-01,2019-02-28,Montana,1178.0,279000.0,92.0,1270.0,7386.0
2019-02-01,2019-02-28,Nebraska,2011.0,180000.0,42.0,1752.0,6723.0
2019-02-01,2019-02-28,Nevada,3972.0,285000.0,50.0,5246.0,20676.0
2019-02-01,2019-02-28,New Hampshire,1981.0,249933.0,62.0,2305.0,9525.0
2019-02-01,2019-02-28,New Jersey,10023.0,275000.0,84.0,13931.0,65008.0
2019-02-01,2019-02-28,New Mexico,2053.0,199900.0,66.0,2343.0,10032.0
2019-02-01,2019-02-28,New York,12069.0,315000.0,75.0,17085.0,82993.0
2019-02-01,2019-02-28,North Carolina,13273.0,223900.0,68.0,14571.0,63923.0
2019-02-01,2019-02-28,North Dakota,657.0,215000.0,103.0,684.0,3659.0
2019-02-01,2019-02-28,Ohio,12380.0,143000.0,56.0,14657.0,54891.0
2019-02-01,2019-02-28,Oklahoma,4051.0,157000.0,69.0,4755.0,19100.0
2019-02-01,2019-02-28,Oregon,5036.0,345000.0,42.0,5635.0,21181.0
2019-02-01,2019-02-28,Pennsylvania,12258.0,173000.0,60.0,14535.0,60867.0
2019-02-01,2019-02-28,Rhode Island,1243.0,245000.0,60.0,1682.0,6097.0
2019-02-01,2019-02-28,South Carolina,7601.0,206000.0,77.0,8587.0,40881.0
2019-02-01,2019-02-28,South Dakota,793.0,195000.0,79.0,901.0,4212.0
2019-02-01,2019-02-28,Tennessee,9109.0,207000.0,63.0,9971.0,42222.0
2019-02-01,2019-02-28,Texas,27645.0,230000.0,49.0,34866.0,131931.0
2019-02-01,2019-02-28,Utah,3948.0,305000.0,35.0,4658.0,15953.0
2019-02-01,2019-02-28,Vermont,698.0,217500.0,104.0,945.0,5719.0
2019-02-01,2019-02-28,Virginia,10220.0,269000.0,50.0,11969.0,43673.0
2019-02-01,2019-02-28,Washington,9754.0,385000.0,30.0,9546.0,31389.0
2019-02-01,2019-02-28,West Virginia,1028.0,149950.0,93.0,1249.0,6411.0
2019-02-01,2019-02-28,Wisconsin,6714.0,176000.0,64.0,6727.0,31173.0
2019-02-01,2019-02-28,Wyoming,773.0,222750.0,85.0,815.0,4348.0
2019-01-01,2019-01-31,Alabama,4692.0,178590.0,87.0,5643.0,27656.0
2019-01-01,2019-01-31,Alaska,645.0,257000.0,105.0,1000.0,4965.0
2019-01-01,2019-01-31,Arizona,10219.0,259000.0,51.0,12408.0,44640.0
2019-01-01,2019-01-31,Arkansas,2819.0,161000.0,71.0,3568.0,16219.0
2019-01-01,2019-01-31,California,27494.0,465000.0,44.0,37144.0,126227.0
2019-01-01,2019-01-31,Colorado,8990.0,355000.0,41.0,10917.0,34131.0
2019-01-01,2019-01-31,District of Columbia,775.0,529500.0,29.0,888.0,2566.0
2019-01-01,2019-01-31,Connecticut,3872.0,219900.0,81.0,5159.0,25038.0
2019-01-01,2019-01-31,Delaware,1091.0,235000.0,53.0,1458.0,6430.0
2019-01-01,2019-01-31,Florida,32772.0,225000.0,61.0,46049.0,204497.0
2019-01-01,2019-01-31,Georgia,13083.0,209900.0,50.0,17781.0,68718.0
2019-01-01,2019-01-31,Hawaii,1258.0,550000.0,76.0,1892.0,8177.0
2019-01-01,2019-01-31,Idaho,2758.0,260484.0,50.0,3455.0,11044.0
2019-01-01,2019-01-31,Illinois,12097.0,188000.0,71.0,15780.0,72559.0
2019-01-01,2019-01-31,Indiana,7529.0,148000.0,53.0,7824.0,32106.0
2019-01-01,2019-01-31,Iowa,3147.0,155000.0,72.0,3529.0,16417.0
2019-01-01,2019-01-31,Kansas,2833.0,169500.0,59.0,3362.0,13523.0
2019-01-01,2019-01-31,Kentucky,4109.0,158000.0,52.0,5084.0,19523.0
2019-01-01,2019-01-31,Louisiana,3152.0,181250.0,80.0,4381.0,20815.0
2019-01-01,2019-01-31,Maine,1621.0,203500.0,53.0,2002.0,9969.0
2019-01-01,2019-01-31,Maryland,6793.0,272900.0,44.0,8719.0,31017.0
2019-01-01,2019-01-31,Massachusetts,6804.0,377500.0,30.0,8923.0,28440.0
2019-01-01,2019-01-31,Michigan,11911.0,155000.0,39.0,14652.0,51846.0
2019-01-01,2019-01-31,Minnesota,6980.0,234000.0,40.0,8521.0,20371.0
2019-01-01,2019-01-31,Mississippi,1810.0,163000.0,96.0,2286.0,11628.0
2019-01-01,2019-01-31,Missouri,7226.0,168000.0,56.0,7820.0,31952.0
2019-01-01,2019-01-31,Montana,1140.0,269000.0,92.0,1386.0,7438.0
2019-01-01,2019-01-31,Nebraska,1878.0,177225.0,40.0,2008.0,6914.0
2019-01-01,2019-01-31,Nevada,3834.0,290000.0,48.0,5708.0,20382.0
2019-01-01,2019-01-31,New Hampshire,1693.0,268000.0,63.0,2296.0,9570.0
2019-01-01,2019-01-31,New Jersey,9879.0,287645.0,83.0,14066.0,64048.0
2019-01-01,2019-01-31,New Mexico,2004.0,195500.0,64.0,2348.0,10044.0
2019-01-01,2019-01-31,New York,11932.0,310000.0,72.0,17473.0,83104.0
2019-01-01,2019-01-31,North Carolina,12667.0,215000.0,67.0,14845.0,63943.0
2019-01-01,2019-01-31,North Dakota,640.0,218000.0,99.0,759.0,3673.0
2019-01-01,2019-01-31,Ohio,11997.0,138000.0,55.0,14108.0,54616.0
2019-01-01,2019-01-31,Oklahoma,3840.0,155000.0,67.0,4597.0,19267.0
2019-01-01,2019-01-31,Oregon,4967.0,335000.0,42.0,6409.0,21649.0
2019-01-01,2019-01-31,Pennsylvania,11567.0,172000.0,58.0,14801.0,60472.0
2019-01-01,2019-01-31,Rhode Island,1196.0,253000.0,59.0,1535.0,6077.0
2019-01-01,2019-01-31,South Carolina,6484.0,212000.0,76.0,8765.0,39881.0
2019-01-01,2019-01-31,South Dakota,767.0,205000.0,77.0,889.0,4128.0
2019-01-01,2019-01-31,Tennessee,8475.0,207500.0,63.0,10159.0,41515.0
2019-01-01,2019-01-31,Texas,25950.0,223000.0,47.0,35005.0,130333.0
2019-01-01,2019-01-31,Utah,3720.0,301000.0,35.0,4775.0,16034.0
2019-01-01,2019-01-31,Vermont,678.0,215000.0,96.0,944.0,5715.0
2019-01-01,2019-01-31,Virginia,10116.0,275000.0,49.0,11504.0,43558.0
2019-01-01,2019-01-31,Washington,9474.0,369000.0,27.0,11197.0,32559.0
2019-01-01,2019-01-31,West Virginia,875.0,155000.0,87.0,1224.0,6189.0
2019-01-01,2019-01-31,Wisconsin,6522.0,175000.0,64.0,7466.0,31890.0
2019-01-01,2019-01-31,Wyoming,695.0,235000.0,86.0,777.0,4315.0
2018-12-01,2018-12-31,Alabama,4688.0,183185.0,88.0,5335.0,27429.0
2018-12-01,2018-12-31,Alaska,711.0,275000.0,100.0,930.0,5020.0
2018-12-01,2018-12-31,Arizona,10375.0,258000.0,50.0,12129.0,43668.0
2018-12-01,2018-12-31,Arkansas,2911.0,157185.0,71.0,3341.0,15987.0
2018-12-01,2018-12-31,California,27713.0,478000.0,42.0,36499.0,126321.0
2018-12-01,2018-12-31,Colorado,8735.0,363000.0,39.0,10149.0,33493.0
2018-12-01,2018-12-31,District of Columbia,813.0,579450.0,30.0,876.0,2558.0
2018-12-01,2018-12-31,Connecticut,3869.0,232950.0,81.0,4971.0,24881.0
2018-12-01,2018-12-31,Delaware,1161.0,240609.0,48.0,1539.0,6509.0
2018-12-01,2018-12-31,Florida,33413.0,231000.0,59.0,44864.0,200962.0
2018-12-01,2018-12-31,Georgia,13044.0,215500.0,50.0,16885.0,67523.0
2018-12-01,2018-12-31,Hawaii,1347.0,532000.0,79.0,1693.0,7870.0
2018-12-01,2018-12-31,Idaho,2585.0,260000.0,52.0,3053.0,10751.0
2018-12-01,2018-12-31,Illinois,12360.0,190000.0,70.0,16048.0,72682.0
2018-12-01,2018-12-31,Indiana,7644.0,152000.0,54.0,8168.0,31863.0
2018-12-01,2018-12-31,Iowa,3269.0,152500.0,67.0,3450.0,16287.0
2018-12-01,2018-12-31,Kansas,2755.0,175000.0,57.0,3310.0,13429.0
2018-12-01,2018-12-31,Kentucky,4183.0,162000.0,51.0,4879.0,19399.0
2018-12-01,2018-12-31,Louisiana,3250.0,190000.0,86.0,4086.0,20758.0
2018-12-01,2018-12-31,Maine,1584.0,217750.0,48.0,2106.0,9982.0
2018-12-01,2018-12-31,Maryland,6740.0,285000.0,42.0,8478.0,30431.0
2018-12-01,2018-12-31,Massachusetts,6840.0,370000.0,28.0,8573.0,28092.0
2018-12-01,2018-12-31,Michigan,12030.0,160000.0,40.0,14678.0,51813.0
2018-12-01,2018-12-31,Minnesota,6942.0,234091.0,40.0,8290.0,21334.0
2018-12-01,2018-12-31,Mississippi,1891.0,162000.0,86.0,2242.0,11626.0
2018-12-01,2018-12-31,Missouri,7131.0,165000.0,56.0,7872.0,31973.0
2018-12-01,2018-12-31,Montana,1159.0,286250.0,92.0,1277.0,7411.0
2018-12-01,2018-12-31,Nebraska,1809.0,180000.0,45.0,1658.0,6918.0
2018-12-01,2018-12-31,Nevada,3967.0,286000.0,45.0,5535.0,19461.0
2018-12-01,2018-12-31,New Hampshire,1781.0,252000.0,62.0,2289.0,9443.0
2018-12-01,2018-12-31,New Jersey,9779.0,290000.0,84.0,13509.0,62913.0
2018-12-01,2018-12-31,New Mexico,2022.0,202929.0,69.0,2315.0,10054.0
2018-12-01,2018-12-31,New York,12221.0,300000.0,74.0,17179.0,82250.0
2018-12-01,2018-12-31,North Carolina,12687.0,224000.0,66.0,14544.0,63203.0
2018-12-01,2018-12-31,North Dakota,612.0,209450.0,101.0,701.0,3583.0
2018-12-01,2018-12-31,Ohio,12117.0,145000.0,56.0,14007.0,54582.0
2018-12-01,2018-12-31,Oklahoma,3872.0,158000.0,59.0,4560.0,19309.0
2018-12-01,2018-12-31,Oregon,4943.0,340000.0,41.0,5678.0,21446.0
2018-12-01,2018-12-31,Pennsylvania,11712.0,180000.0,58.0,14603.0,59649.0
2018-12-01,2018-12-31,Rhode Island,1141.0,255000.0,56.0,1480.0,6141.0
2018-12-01,2018-12-31,South Carolina,6582.0,216000.0,72.0,8449.0,38868.0
2018-12-01,2018-12-31,South Dakota,722.0,193000.0,78.0,870.0,4042.0
2018-12-01,2018-12-31,Tennessee,8481.0,215000.0,62.0,9677.0,40765.0
2018-12-01,2018-12-31,Texas,26813.0,238000.0,48.0,34359.0,128684.0
2018-12-01,2018-12-31,Utah,3840.0,300000.0,33.0,4673.0,15772.0
2018-12-01,2018-12-31,Vermont,633.0,230000.0,100.0,863.0,5647.0
2018-12-01,2018-12-31,Virginia,10018.0,280000.0,49.0,10856.0,43625.0
2018-12-01,2018-12-31,Washington,9359.0,370000.0,28.0,10345.0,32617.0
2018-12-01,2018-12-31,West Virginia,891.0,156500.0,100.0,1171.0,6023.0
2018-12-01,2018-12-31,Wisconsin,6427.0,179000.0,64.0,10547.0,32611.0
2018-12-01,2018-12-31,Wyoming,667.0,227750.0,88.0,724.0,4274.0
2018-11-01,2018-11-30,Alabama,4913.0,184150.0,88.0,5409.0,27548.0
2018-11-01,2018-11-30,Alaska,660.0,277000.0,97.0,970.0,4943.0
2018-11-01,2018-11-30,Arizona,10433.0,257000.0,50.0,12327.0,43070.0
2018-11-01,2018-11-30,Arkansas,2952.0,157465.0,73.0,3362.0,15998.0
2018-11-01,2018-11-30,California,28305.0,495000.0,42.0,37265.0,127089.0
2018-11-01,2018-11-30,Colorado,8848.0,360000.0,37.0,10692.0,33539.0
2018-11-01,2018-11-30,District of Columbia,743.0,577500.0,33.0,937.0,2556.0
2018-11-01,2018-11-30,Connecticut,3953.0,230000.0,81.0,5019.0,24918.0
2018-11-01,2018-11-30,Delaware,1256.0,237700.0,46.0,1490.0,6527.0
2018-11-01,2018-11-30,Florida,35705.0,230000.0,58.0,45473.0,199440.0
2018-11-01,2018-11-30,Georgia,13397.0,212500.0,49.0,17330.0,67304.0
2018-11-01,2018-11-30,Hawaii,1253.0,552000.0,80.0,1596.0,7683.0
2018-11-01,2018-11-30,Idaho,2825.0,260190.0,56.0,3262.0,10904.0
2018-11-01,2018-11-30,Illinois,13192.0,193000.0,70.0,16230.0,72468.0
2018-11-01,2018-11-30,Indiana,7700.0,155000.0,53.0,7904.0,31653.0
2018-11-01,2018-11-30,Iowa,3326.0,155000.0,69.0,3501.0,16132.0
2018-11-01,2018-11-30,Kansas,2968.0,185000.0,57.0,3394.0,13494.0
2018-11-01,2018-11-30,Kentucky,4172.0,164700.0,53.0,4754.0,19414.0
2018-11-01,2018-11-30,Louisiana,3389.0,190000.0,86.0,4004.0,20630.0
2018-11-01,2018-11-30,Maine,1748.0,219000.0,49.0,1899.0,9936.0
2018-11-01,2018-11-30,Maryland,7057.0,285000.0,44.0,8394.0,29863.0
2018-11-01,2018-11-30,Massachusetts,7140.0,390000.0,27.0,8760.0,27982.0
2018-11-01,2018-11-30,Michigan,12044.0,163000.0,41.0,14694.0,51640.0
2018-11-01,2018-11-30,Minnesota,7068.0,238600.0,41.0,8211.0,25858.0
2018-11-01,2018-11-30,Mississippi,1896.0,165750.0,89.0,2113.0,11721.0
2018-11-01,2018-11-30,Missouri,7344.0,165000.0,56.0,8011.0,32307.0
2018-11-01,2018-11-30,Montana,1144.0,275000.0,88.0,1329.0,7416.0
2018-11-01,2018-11-30,Nebraska,1866.0,187000.0,43.0,2069.0,7102.0
2018-11-01,2018-11-30,Nevada,4191.0,290000.0,43.0,5829.0,18949.0
2018-11-01,2018-11-30,New Hampshire,1870.0,272000.0,62.0,2242.0,9350.0
2018-11-01,2018-11-30,New Jersey,9860.0,292000.0,85.0,13108.0,62400.0
2018-11-01,2018-11-30,New Mexico,2192.0,202500.0,64.0,2256.0,10136.0
2018-11-01,2018-11-30,New York,12320.0,295000.0,73.0,17236.0,82240.0
2018-11-01,2018-11-30,North Carolina,12762.0,225000.0,69.0,14354.0,63010.0
2018-11-01,2018-11-30,North Dakota,646.0,215000.0,102.0,718.0,3591.0
2018-11-01,2018-11-30,Ohio,12519.0,148000.0,55.0,14147.0,54982.0
2018-11-01,2018-11-30,Oklahoma,3925.0,159900.0,57.0,4476.0,19407.0
2018-11-01,2018-11-30,Oregon,5246.0,340000.0,42.0,6108.0,21663.0
2018-11-01,2018-11-30,Pennsylvania,12198.0,185000.0,57.0,14549.0,59794.0
2018-11-01,2018-11-30,Rhode Island,1292.0,258250.0,57.0,1499.0,6269.0
2018-11-01,2018-11-30,South Carolina,6661.0,213877.0,75.0,8471.0,38841.0
2018-11-01,2018-11-30,South Dakota,811.0,195000.0,76.0,886.0,4024.0
2018-11-01,2018-11-30,Tennessee,8741.0,213500.0,62.0,9974.0,41020.0
2018-11-01,2018-11-30,Texas,26934.0,232400.0,48.0,34709.0,127944.0
2018-11-01,2018-11-30,Utah,3905.0,300000.0,32.0,4789.0,15713.0
2018-11-01,2018-11-30,Vermont,726.0,220100.0,102.0,867.0,5620.0
2018-11-01,2018-11-30,Virginia,10133.0,280000.0,50.0,11223.0,44101.0
2018-11-01,2018-11-30,Washington,9471.0,370000.0,27.0,11055.0,33176.0
2018-11-01,2018-11-30,West Virginia,988.0,155000.0,97.0,1132.0,5915.0
2018-11-01,2018-11-30,Wisconsin,6649.0,183900.0,65.0,7491.0,30766.0
2018-11-01,2018-11-30,Wyoming,717.0,228450.0,85.0,813.0,4235.0
2018-10-01,2018-10-31,Alabama,4807.0,180000.0,85.0,5515.0,27595.0
2018-10-01,2018-10-31,Alaska,719.0,262500.0,98.0,975.0,4955.0
2018-10-01,2018-10-31,Arizona,10482.0,257000.0,48.0,12095.0,42511.0
2018-10-01,2018-10-31,Arkansas,2859.0,158000.0,72.0,3396.0,16023.0
2018-10-01,2018-10-31,California,29158.0,498000.0,40.0,37629.0,125459.0
2018-10-01,2018-10-31,Colorado,8859.0,365000.0,37.0,10590.0,33343.0
2018-10-01,2018-10-31,District of Columbia,848.0,585000.0,33.0,993.0,2529.0
2018-10-01,2018-10-31,Connecticut,3945.0,231000.0,81.0,5111.0,24879.0
2018-10-01,2018-10-31,Delaware,1267.0,235960.0,56.0,1570.0,6592.0
2018-10-01,2018-10-31,Florida,35435.0,229500.0,57.0,45556.0,197933.0
2018-10-01,2018-10-31,Georgia,13243.0,212000.0,47.0,17510.0,67105.0
2018-10-01,2018-10-31,Hawaii,1200.0,530000.0,81.0,1590.0,7562.0
2018-10-01,2018-10-31,Idaho,2812.0,265000.0,55.0,3096.0,10964.0
2018-10-01,2018-10-31,Illinois,12951.0,191000.0,71.0,16846.0,72469.0
2018-10-01,2018-10-31,Indiana,7665.0,156334.0,51.0,8328.0,31850.0
2018-10-01,2018-10-31,Iowa,3260.0,155000.0,69.0,3592.0,16193.0
2018-10-01,2018-10-31,Kansas,3016.0,180000.0,56.0,3509.0,13617.0
2018-10-01,2018-10-31,Kentucky,4150.0,160950.0,52.0,5092.0,19540.0
2018-10-01,2018-10-31,Louisiana,3365.0,186400.0,89.0,3916.0,20608.0
2018-10-01,2018-10-31,Maine,1709.0,215000.0,49.0,2182.0,10191.0
2018-10-01,2018-10-31,Maryland,7088.0,280000.0,44.0,8670.0,29675.0
2018-10-01,2018-10-31,Massachusetts,6957.0,385000.0,27.0,8925.0,27627.0
2018-10-01,2018-10-31,Michigan,12114.0,165000.0,40.0,14671.0,51642.0
2018-10-01,2018-10-31,Minnesota,7094.0,239000.0,42.0,8200.0,30096.0
2018-10-01,2018-10-31,Mississippi,1855.0,164000.0,86.0,2227.0,11779.0
2018-10-01,2018-10-31,Missouri,7316.0,165000.0,57.0,8156.0,32667.0
2018-10-01,2018-10-31,Montana,1173.0,279900.0,88.0,1293.0,7424.0
2018-10-01,2018-10-31,Nebraska,1888.0,180000.0,42.0,2115.0,7201.0
2018-10-01,2018-10-31,Nevada,4377.0,287000.0,43.0,5657.0,18401.0
2018-10-01,2018-10-31,New Hampshire,1842.0,266767.0,63.0,2265.0,9421.0
2018-10-01,2018-10-31,New Jersey,9925.0,290000.0,85.0,13563.0,62311.0
2018-10-01,2018-10-31,New Mexico,2089.0,200000.0,67.0,2277.0,10165.0
2018-10-01,2018-10-31,New York,12570.0,285000.0,74.0,17496.0,82366.0
2018-10-01,2018-10-31,North Carolina,12723.0,222500.0,69.0,14208.0,63050.0
2018-10-01,2018-10-31,North Dakota,596.0,224900.0,101.0,735.0,3543.0
2018-10-01,2018-10-31,Ohio,12243.0,149375.0,55.0,14563.0,55336.0
2018-10-01,2018-10-31,Oklahoma,3939.0,160000.0,53.0,4578.0,19802.0
2018-10-01,2018-10-31,Oregon,5208.0,342000.0,40.0,6118.0,21803.0
2018-10-01,2018-10-31,Pennsylvania,12072.0,180000.0,58.0,14774.0,60156.0
2018-10-01,2018-10-31,Rhode Island,1246.0,260000.0,60.0,1613.0,6420.0
2018-10-01,2018-10-31,South Carolina,6779.0,210100.0,74.0,8596.0,38917.0
2018-10-01,2018-10-31,South Dakota,876.0,195000.0,75.0,908.0,4090.0
2018-10-01,2018-10-31,Tennessee,8920.0,210100.0,62.0,10212.0,41112.0
2018-10-01,2018-10-31,Texas,26610.0,230000.0,46.0,34243.0,126868.0
2018-10-01,2018-10-31,Utah,3875.0,305000.0,32.0,4725.0,15446.0
2018-10-01,2018-10-31,Vermont,719.0,228000.0,102.0,985.0,5635.0
2018-10-01,2018-10-31,Virginia,9950.0,277500.0,50.0,11526.0,43952.0
2018-10-01,2018-10-31,Washington,9362.0,370000.0,26.0,11080.0,33276.0
2018-10-01,2018-10-31,West Virginia,962.0,160000.0,92.0,1148.0,5920.0
2018-10-01,2018-10-31,Wisconsin,6614.0,183000.0,65.0,7432.0,30885.0
2018-10-01,2018-10-31,Wyoming,725.0,225000.0,85.0,786.0,4179.0
2018-09-01,2018-09-30,Alabama,4974.0,182500.0,87.0,5373.0,27602.0
2018-09-01,2018-09-30,Alaska,736.0,277000.0,95.0,896.0,4953.0
2018-09-01,2018-09-30,Arizona,10529.0,254900.0,49.0,12162.0,42422.0
2018-09-01,2018-09-30,Arkansas,2855.0,158000.0,71.0,3473.0,15963.0
2018-09-01,2018-09-30,California,28954.0,497500.0,39.0,37543.0,123302.0
2018-09-01,2018-09-30,Colorado,9038.0,360000.0,38.0,10636.0,32813.0
2018-09-01,2018-09-30,District of Columbia,793.0,519270.0,19.0,995.0,2503.0
2018-09-01,2018-09-30,Connecticut,3875.0,239900.0,82.0,5046.0,24813.0
2018-09-01,2018-09-30,Delaware,1275.0,240000.0,61.0,1442.0,6673.0
2018-09-01,2018-09-30,Florida,36037.0,230000.0,58.0,45421.0,196005.0
2018-09-01,2018-09-30,Georgia,13432.0,218000.0,47.0,17251.0,66465.0
2018-09-01,2018-09-30,Hawaii,1408.0,555000.0,78.0,1480.0,7539.0
2018-09-01,2018-09-30,Idaho,2750.0,260000.0,61.0,2937.0,10938.0
2018-09-01,2018-09-30,Illinois,13133.0,200000.0,70.0,16560.0,72171.0
2018-09-01,2018-09-30,Indiana,7755.0,159000.0,53.0,8123.0,31683.0
2018-09-01,2018-09-30,Iowa,3252.0,159888.0,72.0,3632.0,16097.0
2018-09-01,2018-09-30,Kansas,2889.0,180000.0,57.0,3308.0,13427.0
2018-09-01,2018-09-30,Kentucky,4283.0,162000.0,53.0,4822.0,19419.0
2018-09-01,2018-09-30,Louisiana,3488.0,189500.0,90.0,3792.0,20650.0
2018-09-01,2018-09-30,Maine,1711.0,215500.0,47.0,2171.0,10164.0
2018-09-01,2018-09-30,Maryland,7108.0,287450.0,33.0,8466.0,29396.0
2018-09-01,2018-09-30,Massachusetts,7027.0,382000.0,26.0,8774.0,27071.0
2018-09-01,2018-09-30,Michigan,12159.0,164000.0,39.0,14684.0,51653.0
2018-09-01,2018-09-30,Minnesota,7175.0,235000.0,41.0,8247.0,31184.0
2018-09-01,2018-09-30,Mississippi,1873.0,166000.0,85.0,2158.0,11778.0
2018-09-01,2018-09-30,Missouri,7327.0,164900.0,56.0,8134.0,32559.0
2018-09-01,2018-09-30,Montana,1139.0,275000.0,89.0,1457.0,7373.0
2018-09-01,2018-09-30,Nebraska,1940.0,182750.0,43.0,2072.0,7187.0
2018-09-01,2018-09-30,Nevada,4273.0,290000.0,41.0,5683.0,17573.0
2018-09-01,2018-09-30,New Hampshire,1937.0,275000.0,64.0,2311.0,9494.0
2018-09-01,2018-09-30,New Jersey,10009.0,297000.0,84.0,13035.0,62154.0
2018-09-01,2018-09-30,New Mexico,2103.0,198305.0,62.0,2414.0,10243.0
2018-09-01,2018-09-30,New York,12393.0,295000.0,72.0,17002.0,81729.0
2018-09-01,2018-09-30,North Carolina,12369.0,224000.0,66.0,12356.0,62717.0
2018-09-01,2018-09-30,North Dakota,615.0,222000.0,101.0,668.0,3456.0
2018-09-01,2018-09-30,Ohio,12454.0,152000.0,56.0,14055.0,55356.0
2018-09-01,2018-09-30,Oklahoma,3847.0,159885.0,48.0,4584.0,19851.0
2018-09-01,2018-09-30,Oregon,5221.0,339500.0,40.0,6344.0,21867.0
2018-09-01,2018-09-30,Pennsylvania,12288.0,185000.0,63.0,14504.0,60894.0
2018-09-01,2018-09-30,Rhode Island,1240.0,260000.0,58.0,1639.0,6332.0
2018-09-01,2018-09-30,South Carolina,6000.0,217000.0,72.0,7530.0,37486.0
2018-09-01,2018-09-30,South Dakota,856.0,194000.0,73.0,978.0,4135.0
2018-09-01,2018-09-30,Tennessee,8920.0,211000.0,61.0,10021.0,41191.0
2018-09-01,2018-09-30,Texas,26998.0,232200.0,45.0,34064.0,126299.0
2018-09-01,2018-09-30,Utah,3929.0,304000.0,30.0,4774.0,14955.0
2018-09-01,2018-09-30,Vermont,690.0,223841.0,101.0,937.0,5609.0
2018-09-01,2018-09-30,Virginia,10002.0,275000.0,47.0,11094.0,43479.0
2018-09-01,2018-09-30,Washington,9606.0,375000.0,27.0,11495.0,33011.0
2018-09-01,2018-09-30,West Virginia,927.0,165000.0,84.0,1119.0,5822.0
2018-09-01,2018-09-30,Wisconsin,6663.0,185000.0,64.0,7536.0,31017.0
2018-09-01,2018-09-30,Wyoming,701.0,238900.0,90.0,782.0,4126.0
2018-08-01,2018-08-31,Alabama,4914.0,182900.0,85.0,5475.0,27673.0
2018-08-01,2018-08-31,Alaska,737.0,282250.0,96.0,933.0,4987.0
2018-08-01,2018-08-31,Arizona,10520.0,255500.0,48.0,12230.0,42481.0
2018-08-01,2018-08-31,Arkansas,3142.0,156000.0,71.0,3501.0,16052.0
2018-08-01,2018-08-31,California,30252.0,505000.0,39.0,37907.0,121320.0
2018-08-01,2018-08-31,Colorado,9415.0,370000.0,38.0,10338.0,32491.0
2018-08-01,2018-08-31,District of Columbia,806.0,550000.0,19.0,922.0,2475.0
2018-08-01,2018-08-31,Connecticut,3932.0,254000.0,82.0,5133.0,24622.0
2018-08-01,2018-08-31,Delaware,1341.0,236638.0,59.0,1538.0,6838.0
2018-08-01,2018-08-31,Florida,36077.0,230000.0,58.0,45886.0,194160.0
2018-08-01,2018-08-31,Georgia,13204.0,214000.0,47.0,17101.0,65886.0
2018-08-01,2018-08-31,Hawaii,1333.0,554000.0,74.0,1490.0,7589.0
2018-08-01,2018-08-31,Idaho,2886.0,265000.0,61.0,2911.0,11026.0
2018-08-01,2018-08-31,Illinois,13232.0,204900.0,71.0,16735.0,72173.0
2018-08-01,2018-08-31,Indiana,7761.0,160000.0,55.0,8422.0,31978.0
2018-08-01,2018-08-31,Iowa,3248.0,164000.0,71.0,3628.0,15959.0
2018-08-01,2018-08-31,Kansas,2920.0,184000.0,59.0,3485.0,13510.0
2018-08-01,2018-08-31,Kentucky,4192.0,166000.0,50.0,5094.0,19673.0
2018-08-01,2018-08-31,Louisiana,3469.0,189900.0,87.0,4036.0,20844.0
2018-08-01,2018-08-31,Maine,1783.0,221500.0,46.0,2244.0,10132.0
2018-08-01,2018-08-31,Maryland,7333.0,298900.0,33.0,8879.0,29754.0
2018-08-01,2018-08-31,Massachusetts,7011.0,410000.0,25.0,8691.0,26392.0
2018-08-01,2018-08-31,Michigan,12322.0,170000.0,41.0,14713.0,51726.0
2018-08-01,2018-08-31,Minnesota,7110.0,242500.0,42.0,8197.0,32762.0
2018-08-01,2018-08-31,Mississippi,1865.0,167000.0,84.0,2282.0,11932.0
2018-08-01,2018-08-31,Missouri,7392.0,170000.0,55.0,8360.0,32953.0
2018-08-01,2018-08-31,Montana,1239.0,285000.0,89.0,1374.0,7341.0
2018-08-01,2018-08-31,Nebraska,1946.0,186000.0,43.0,2100.0,7193.0
2018-08-01,2018-08-31,Nevada,4641.0,289000.0,44.0,5735.0,16661.0
2018-08-01,2018-08-31,New Hampshire,1972.0,270000.0,64.0,2270.0,9482.0
2018-08-01,2018-08-31,New Jersey,10261.0,310500.0,84.0,12775.0,62273.0
2018-08-01,2018-08-31,New Mexico,2079.0,209950.0,65.0,2320.0,10263.0
2018-08-01,2018-08-31,New York,12537.0,305000.0,69.0,17296.0,81359.0
2018-08-01,2018-08-31,North Carolina,12854.0,228000.0,67.0,14609.0,64097.0
2018-08-01,2018-08-31,North Dakota,635.0,224900.0,101.0,703.0,3470.0
2018-08-01,2018-08-31,Ohio,12525.0,155000.0,56.0,14754.0,55921.0
2018-08-01,2018-08-31,Oklahoma,3975.0,163000.0,46.0,4674.0,19966.0
2018-08-01,2018-08-31,Oregon,5423.0,350000.0,40.0,6262.0,21613.0
2018-08-01,2018-08-31,Pennsylvania,12496.0,195000.0,65.0,14566.0,62300.0
2018-08-01,2018-08-31,Rhode Island,1303.0,260000.0,57.0,1610.0,6365.0
2018-08-01,2018-08-31,South Carolina,6917.0,215000.0,73.0,8597.0,38666.0
2018-08-01,2018-08-31,South Dakota,858.0,192500.0,74.0,945.0,4147.0
2018-08-01,2018-08-31,Tennessee,9230.0,217000.0,60.0,10575.0,41379.0
2018-08-01,2018-08-31,Texas,27128.0,239000.0,45.0,34556.0,126576.0
2018-08-01,2018-08-31,Utah,3934.0,300000.0,30.0,4657.0,14490.0
2018-08-01,2018-08-31,Vermont,751.0,226000.0,104.0,926.0,5622.0
2018-08-01,2018-08-31,Virginia,10062.0,290000.0,44.0,11858.0,43815.0
2018-08-01,2018-08-31,Washington,9788.0,375276.0,25.0,11188.0,32172.0
2018-08-01,2018-08-31,West Virginia,1009.0,160000.0,87.0,1142.0,5826.0
2018-08-01,2018-08-31,Wisconsin,6710.0,189900.0,66.0,7622.0,31178.0
2018-08-01,2018-08-31,Wyoming,752.0,230000.0,91.0,762.0,4132.0
2018-07-01,2018-07-31,Alabama,4895.0,186000.0,86.0,5512.0,27735.0
2018-07-01,2018-07-31,Alaska,741.0,290000.0,95.0,969.0,5009.0
2018-07-01,2018-07-31,Arizona,10715.0,258000.0,49.0,12203.0,42479.0
2018-07-01,2018-07-31,Arkansas,3054.0,160000.0,70.0,3534.0,15968.0
2018-07-01,2018-07-31,California,31324.0,510500.0,38.0,37501.0,119162.0
2018-07-01,2018-07-31,Colorado,9381.0,370000.0,39.0,10320.0,32466.0
2018-07-01,2018-07-31,District of Columbia,791.0,575750.0,18.0,993.0,2534.0
2018-07-01,2018-07-31,Connecticut,4036.0,255000.0,80.0,5165.0,24769.0
2018-07-01,2018-07-31,Delaware,1387.0,229900.0,63.0,1566.0,6890.0
2018-07-01,2018-07-31,Florida,36639.0,230000.0,59.0,45479.0,193214.0
2018-07-01,2018-07-31,Georgia,13473.0,223550.0,45.0,17008.0,65580.0
2018-07-01,2018-07-31,Hawaii,1373.0,560000.0,76.0,1709.0,7672.0
2018-07-01,2018-07-31,Idaho,2859.0,261849.0,63.0,2805.0,11018.0
2018-07-01,2018-07-31,Illinois,13467.0,215000.0,71.0,16999.0,72181.0
2018-07-01,2018-07-31,Indiana,7705.0,164500.0,53.0,8394.0,31896.0
2018-07-01,2018-07-31,Iowa,3354.0,170000.0,69.0,3578.0,15925.0
2018-07-01,2018-07-31,Kansas,3067.0,188297.0,56.0,3336.0,13398.0
2018-07-01,2018-07-31,Kentucky,4213.0,169000.0,51.0,5015.0,19572.0
2018-07-01,2018-07-31,Louisiana,3629.0,194373.0,87.0,3856.0,20820.0
2018-07-01,2018-07-31,Maine,1800.0,226100.0,46.0,2253.0,10138.0
2018-07-01,2018-07-31,Maryland,7502.0,292000.0,34.0,9068.0,30210.0
2018-07-01,2018-07-31,Massachusetts,7175.0,416000.0,24.0,8834.0,26208.0
2018-07-01,2018-07-31,Michigan,12390.0,175000.0,40.0,14709.0,51262.0
2018-07-01,2018-07-31,Minnesota,7149.0,244000.0,40.0,8000.0,32452.0
2018-07-01,2018-07-31,Mississippi,1936.0,172750.0,86.0,2271.0,12021.0
2018-07-01,2018-07-31,Missouri,7434.0,171000.0,57.0,8471.0,33051.0
2018-07-01,2018-07-31,Montana,1194.0,279900.0,85.0,1353.0,7379.0
2018-07-01,2018-07-31,Nebraska,1886.0,190000.0,44.0,2223.0,7211.0
2018-07-01,2018-07-31,Nevada,4750.0,285000.0,52.0,5428.0,18689.0
2018-07-01,2018-07-31,New Hampshire,2031.0,275000.0,64.0,2301.0,9612.0
2018-07-01,2018-07-31,New Jersey,10445.0,315000.0,83.0,13296.0,62834.0
2018-07-01,2018-07-31,New Mexico,2098.0,201984.0,65.0,2458.0,10284.0
2018-07-01,2018-07-31,New York,13081.0,312000.0,68.0,17320.0,81224.0
2018-07-01,2018-07-31,North Carolina,12963.0,228000.0,68.0,14624.0,64229.0
2018-07-01,2018-07-31,North Dakota,623.0,219000.0,99.0,660.0,3429.0
2018-07-01,2018-07-31,Ohio,12760.0,158725.0,56.0,14998.0,56026.0
2018-07-01,2018-07-31,Oklahoma,4084.0,165000.0,43.0,4788.0,20009.0
2018-07-01,2018-07-31,Oregon,5406.0,351000.0,42.0,6327.0,21449.0
2018-07-01,2018-07-31,Pennsylvania,12965.0,195000.0,66.0,14664.0,62997.0
2018-07-01,2018-07-31,Rhode Island,1249.0,263250.0,58.0,1679.0,6308.0
2018-07-01,2018-07-31,South Carolina,6806.0,210000.0,72.0,8364.0,38463.0
2018-07-01,2018-07-31,South Dakota,881.0,204200.0,76.0,996.0,4158.0
2018-07-01,2018-07-31,Tennessee,9183.0,217350.0,60.0,10610.0,41214.0
2018-07-01,2018-07-31,Texas,27942.0,240000.0,45.0,34000.0,126595.0
2018-07-01,2018-07-31,Utah,4054.0,304500.0,31.0,4663.0,14173.0
2018-07-01,2018-07-31,Vermont,727.0,230000.0,100.0,963.0,5658.0
2018-07-01,2018-07-31,Virginia,10140.0,299000.0,43.0,11713.0,44015.0
2018-07-01,2018-07-31,Washington,10273.0,384900.0,22.0,11340.0,31675.0
2018-07-01,2018-07-31,West Virginia,980.0,168990.0,85.0,1176.0,5833.0
2018-07-01,2018-07-31,Wisconsin,6706.0,193000.0,66.0,7716.0,31338.0
2018-07-01,2018-07-31,Wyoming,786.0,234900.0,91.0,743.0,4214.0
2018-06-01,2018-06-30,Alabama,5151.0,189900.0,88.0,5698.0,27879.0
2018-06-01,2018-06-30,Alaska,737.0,279900.0,96.0,969.0,5042.0
2018-06-01,2018-06-30,Arizona,10660.0,260000.0,50.0,12341.0,42582.0
2018-06-01,2018-06-30,Arkansas,3130.0,165000.0,72.0,3500.0,15978.0
2018-06-01,2018-06-30,California,31398.0,515000.0,36.0,37968.0,118344.0
2018-06-01,2018-06-30,Colorado,9700.0,375600.0,39.0,10420.0,32927.0
2018-06-01,2018-06-30,District of Columbia,784.0,604250.0,18.0,967.0,2585.0
2018-06-01,2018-06-30,Connecticut,4009.0,260000.0,78.0,5182.0,25046.0
2018-06-01,2018-06-30,Delaware,1350.0,246250.0,62.0,1529.0,6909.0
2018-06-01,2018-06-30,Florida,36447.0,238900.0,58.0,45372.0,192911.0
2018-06-01,2018-06-30,Georgia,13420.0,225000.0,46.0,17535.0,65413.0
2018-06-01,2018-06-30,Hawaii,1415.0,561250.0,75.0,1541.0,7556.0
2018-06-01,2018-06-30,Idaho,2880.0,261000.0,65.0,2902.0,11174.0
2018-06-01,2018-06-30,Illinois,13751.0,225000.0,68.0,17006.0,71567.0
2018-06-01,2018-06-30,Indiana,7813.0,162500.0,53.0,8459.0,31714.0
2018-06-01,2018-06-30,Iowa,3300.0,171500.0,72.0,3687.0,16076.0
2018-06-01,2018-06-30,Kansas,3097.0,195000.0,56.0,3488.0,13503.0
2018-06-01,2018-06-30,Kentucky,4173.0,172000.0,52.0,5015.0,19384.0
2018-06-01,2018-06-30,Louisiana,3474.0,193300.0,86.0,4076.0,21011.0
2018-06-01,2018-06-30,Maine,1788.0,229900.0,43.0,2294.0,10089.0
2018-06-01,2018-06-30,Maryland,7412.0,301000.0,32.0,9023.0,30643.0
2018-06-01,2018-06-30,Massachusetts,7133.0,420000.0,24.0,9001.0,26457.0
2018-06-01,2018-06-30,Michigan,12065.0,175000.0,40.0,14626.0,50788.0
2018-06-01,2018-06-30,Minnesota,7190.0,248500.0,40.0,8191.0,32721.0
2018-06-01,2018-06-30,Mississippi,1895.0,169900.0,85.0,2378.0,12144.0
2018-06-01,2018-06-30,Missouri,7377.0,175000.0,57.0,8479.0,32835.0
2018-06-01,2018-06-30,Montana,1210.0,275000.0,89.0,1446.0,7418.0
2018-06-01,2018-06-30,Nebraska,1925.0,195000.0,45.0,2163.0,7090.0
2018-06-01,2018-06-30,Nevada,4719.0,285000.0,57.0,5428.0,18738.0
2018-06-01,2018-06-30,New Hampshire,2053.0,280000.0,65.0,2312.0,9680.0
2018-06-01,2018-06-30,New Jersey,10415.0,310000.0,85.0,13644.0,63262.0
2018-06-01,2018-06-30,New Mexico,2119.0,209900.0,66.0,2434.0,10232.0
2018-06-01,2018-06-30,New York,13588.0,307000.0,68.0,17358.0,80851.0
2018-06-01,2018-06-30,North Carolina,12748.0,231500.0,67.0,14757.0,64469.0
2018-06-01,2018-06-30,North Dakota,687.0,226250.0,97.0,671.0,3550.0
2018-06-01,2018-06-30,Ohio,12633.0,160500.0,56.0,14839.0,55887.0
2018-06-01,2018-06-30,Oklahoma,4044.0,164900.0,44.0,4892.0,20060.0
2018-06-01,2018-06-30,Oregon,5427.0,355000.0,37.0,6229.0,21297.0
2018-06-01,2018-06-30,Pennsylvania,12824.0,203000.0,67.0,14662.0,63917.0
2018-06-01,2018-06-30,Rhode Island,1313.0,270000.0,58.0,1711.0,6203.0
2018-06-01,2018-06-30,South Carolina,6871.0,219667.0,72.0,8495.0,38621.0
2018-06-01,2018-06-30,South Dakota,872.0,210000.0,77.0,932.0,4109.0
2018-06-01,2018-06-30,Tennessee,9296.0,220000.0,61.0,10310.0,40702.0
2018-06-01,2018-06-30,Texas,28000.0,244900.0,43.0,34214.0,126171.0
2018-06-01,2018-06-30,Utah,4118.0,305000.0,29.0,4611.0,14011.0
2018-06-01,2018-06-30,Vermont,722.0,230000.0,105.0,1006.0,5672.0
2018-06-01,2018-06-30,Virginia,10195.0,309119.0,43.0,12196.0,44692.0
2018-06-01,2018-06-30,Washington,10337.0,392000.0,18.0,11441.0,31247.0
2018-06-01,2018-06-30,West Virginia,1002.0,169180.0,87.0,1141.0,5813.0
2018-06-01,2018-06-30,Wisconsin,6710.0,197000.0,67.0,7553.0,31392.0
2018-06-01,2018-06-30,Wyoming,772.0,233500.0,91.0,735.0,4348.0
2018-05-01,2018-05-31,Alabama,5120.0,187000.0,86.0,5591.0,27976.0
2018-05-01,2018-05-31,Alaska,776.0,275000.0,96.0,1007.0,5138.0
2018-05-01,2018-05-31,Arizona,10734.0,258000.0,49.0,12162.0,42487.0
2018-05-01,2018-05-31,Arkansas,3095.0,160400.0,71.0,3563.0,16065.0
2018-05-01,2018-05-31,California,31327.0,510000.0,35.0,37542.0,117301.0
2018-05-01,2018-05-31,Colorado,9582.0,375000.0,39.0,10522.0,33302.0
2018-05-01,2018-05-31,District of Columbia,817.0,598540.0,17.0,1014.0,2596.0
2018-05-01,2018-05-31,Connecticut,3902.0,240000.0,78.0,5195.0,25200.0
2018-05-01,2018-05-31,Delaware,1323.0,240000.0,64.0,1662.0,7045.0
2018-05-01,2018-05-31,Florida,36394.0,231000.0,59.0,45093.0,193053.0
2018-05-01,2018-05-31,Georgia,13475.0,222590.0,46.0,16920.0,64910.0
2018-05-01,2018-05-31,Hawaii,1341.0,550000.0,77.0,1590.0,7547.0
2018-05-01,2018-05-31,Idaho,2922.0,252000.0,65.0,2751.0,11009.0
2018-05-01,2018-05-31,Illinois,13977.0,216000.0,65.0,16957.0,70729.0
2018-05-01,2018-05-31,Indiana,7833.0,162000.0,55.0,8372.0,31942.0
2018-05-01,2018-05-31,Iowa,3348.0,165000.0,76.0,3698.0,16283.0
2018-05-01,2018-05-31,Kansas,3048.0,190000.0,57.0,3519.0,13385.0
2018-05-01,2018-05-31,Kentucky,4175.0,165000.0,52.0,5090.0,19367.0
2018-05-01,2018-05-31,Louisiana,3462.0,192500.0,88.0,4086.0,20987.0
2018-05-01,2018-05-31,Maine,1715.0,219500.0,49.0,2273.0,10061.0
2018-05-01,2018-05-31,Maryland,7447.0,295000.0,34.0,9219.0,31060.0
2018-05-01,2018-05-31,Massachusetts,6927.0,399900.0,23.0,9030.0,26532.0
2018-05-01,2018-05-31,Michigan,12308.0,170000.0,40.0,14620.0,50526.0
2018-05-01,2018-05-31,Minnesota,7061.0,245000.0,42.0,8097.0,31037.0
2018-05-01,2018-05-31,Mississippi,1867.0,165849.0,86.0,2345.0,12145.0
2018-05-01,2018-05-31,Missouri,7458.0,175000.0,57.0,8561.0,32807.0
2018-05-01,2018-05-31,Montana,1201.0,279900.0,88.0,1493.0,7362.0
2018-05-01,2018-05-31,Nebraska,1916.0,190000.0,46.0,2129.0,6991.0
2018-05-01,2018-05-31,Nevada,4448.0,283888.0,56.0,5343.0,18503.0
2018-05-01,2018-05-31,New Hampshire,1973.0,268767.0,65.0,2302.0,9637.0
2018-05-01,2018-05-31,New Jersey,10308.0,290000.0,85.0,13631.0,63306.0
2018-05-01,2018-05-31,New Mexico,2096.0,199500.0,64.0,2392.0,10222.0
2018-05-01,2018-05-31,New York,13214.0,291057.0,74.0,17438.0,81579.0
2018-05-01,2018-05-31,North Carolina,12822.0,227850.0,68.0,15274.0,65064.0
2018-05-01,2018-05-31,North Dakota,683.0,225000.0,102.0,712.0,3628.0
2018-05-01,2018-05-31,Ohio,12605.0,155000.0,57.0,14984.0,55950.0
2018-05-01,2018-05-31,Oklahoma,4136.0,162500.0,47.0,4890.0,20071.0
2018-05-01,2018-05-31,Oregon,5293.0,349825.0,37.0,6361.0,21122.0
2018-05-01,2018-05-31,Pennsylvania,12769.0,188000.0,69.0,14643.0,64511.0
2018-05-01,2018-05-31,Rhode Island,1289.0,265000.0,56.0,1680.0,6037.0
2018-05-01,2018-05-31,South Carolina,6889.0,215000.0,72.0,8378.0,38508.0
2018-05-01,2018-05-31,South Dakota,833.0,203000.0,80.0,947.0,4096.0
2018-05-01,2018-05-31,Tennessee,9168.0,216000.0,61.0,10543.0,41170.0
2018-05-01,2018-05-31,Texas,27754.0,242000.0,43.0,33935.0,125054.0
2018-05-01,2018-05-31,Utah,4013.0,300000.0,28.0,4677.0,13952.0
2018-05-01,2018-05-31,Vermont,724.0,219750.0,103.0,982.0,5668.0
2018-05-01,2018-05-31,Virginia,10114.0,296000.0,45.0,12426.0,44899.0
2018-05-01,2018-05-31,Washington,10207.0,390000.0,17.0,11714.0,30873.0
2018-05-01,2018-05-31,West Virginia,1020.0,165000.0,91.0,1176.0,5912.0
2018-05-01,2018-05-31,Wisconsin,6739.0,186000.0,67.0,7779.0,31669.0
2018-05-01,2018-05-31,Wyoming,761.0,224950.0,96.0,812.0,4478.0
2018-04-01,2018-04-30,Alabama,5054.0,179000.0,87.0,5630.0,27961.0
2018-04-01,2018-04-30,Alaska,762.0,276500.0,96.0,971.0,5139.0
2018-04-01,2018-04-30,Arizona,10766.0,250000.0,49.0,12158.0,42648.0
2018-04-01,2018-04-30,Arkansas,2910.0,152895.0,70.0,3351.0,15768.0
2018-04-01,2018-04-30,California,31442.0,500000.0,35.0,37317.0,115114.0
2018-04-01,2018-04-30,Colorado,9493.0,371000.0,38.0,10660.0,33015.0
2018-04-01,2018-04-30,District of Columbia,756.0,587750.0,15.0,1003.0,2533.0
2018-04-01,2018-04-30,Connecticut,4056.0,230000.0,78.0,5270.0,25379.0
2018-04-01,2018-04-30,Delaware,1317.0,230000.0,71.0,1596.0,7087.0
2018-04-01,2018-04-30,Florida,35774.0,230000.0,58.0,45304.0,193027.0
2018-04-01,2018-04-30,Georgia,13454.0,218000.0,47.0,16993.0,64950.0
2018-04-01,2018-04-30,Hawaii,1373.0,536000.0,81.0,1627.0,7566.0
2018-04-01,2018-04-30,Idaho,2768.0,240900.0,62.0,2757.0,11162.0
2018-04-01,2018-04-30,Illinois,14070.0,211513.0,61.0,16798.0,70520.0
2018-04-01,2018-04-30,Indiana,7886.0,153000.0,57.0,8116.0,32837.0
2018-04-01,2018-04-30,Iowa,3376.0,155300.0,76.0,3533.0,16944.0
2018-04-01,2018-04-30,Kansas,3073.0,179900.0,58.0,3407.0,13301.0
2018-04-01,2018-04-30,Kentucky,4201.0,164000.0,52.0,4908.0,19124.0
2018-04-01,2018-04-30,Louisiana,3514.0,192000.0,88.0,4033.0,20888.0
2018-04-01,2018-04-30,Maine,1748.0,205000.0,48.0,2206.0,9971.0
2018-04-01,2018-04-30,Maryland,7576.0,285000.0,33.0,9182.0,31282.0
2018-04-01,2018-04-30,Massachusetts,7075.0,381000.0,23.0,8672.0,25846.0
2018-04-01,2018-04-30,Michigan,12324.0,162700.0,39.0,14493.0,50447.0
2018-04-01,2018-04-30,Minnesota,7165.0,240100.0,39.0,7642.0,26729.0
2018-04-01,2018-04-30,Mississippi,1906.0,160000.0,90.0,2376.0,12121.0
2018-04-01,2018-04-30,Missouri,7391.0,165883.0,56.0,8373.0,32590.0
2018-04-01,2018-04-30,Montana,1192.0,274000.0,90.0,1424.0,7280.0
2018-04-01,2018-04-30,Nebraska,1975.0,182000.0,43.0,2140.0,6884.0
2018-04-01,2018-04-30,Nevada,4508.0,280000.0,53.0,5253.0,18138.0
2018-04-01,2018-04-30,New Hampshire,2047.0,269000.0,67.0,2311.0,9672.0
2018-04-01,2018-04-30,New Jersey,10576.0,280000.0,85.0,13071.0,63124.0
2018-04-01,2018-04-30,New Mexico,2160.0,199500.0,72.0,2420.0,10341.0
2018-04-01,2018-04-30,New York,13061.0,294000.0,75.0,17127.0,81228.0
2018-04-01,2018-04-30,North Carolina,12813.0,225000.0,69.0,14624.0,65008.0
2018-04-01,2018-04-30,North Dakota,677.0,218203.0,100.0,713.0,3644.0
2018-04-01,2018-04-30,Ohio,12723.0,145100.0,58.0,14489.0,56021.0
2018-04-01,2018-04-30,Oklahoma,4149.0,160000.0,56.0,4781.0,20068.0
2018-04-01,2018-04-30,Oregon,5484.0,347220.0,36.0,6224.0,20610.0
2018-04-01,2018-04-30,Pennsylvania,12808.0,180000.0,69.0,14474.0,65182.0
2018-04-01,2018-04-30,Rhode Island,1259.0,250000.0,54.0,1626.0,5851.0
2018-04-01,2018-04-30,South Carolina,6870.0,210000.0,76.0,8396.0,38535.0
2018-04-01,2018-04-30,South Dakota,857.0,195000.0,78.0,860.0,4079.0
2018-04-01,2018-04-30,Tennessee,9205.0,206000.0,60.0,10073.0,40167.0
2018-04-01,2018-04-30,Texas,27730.0,235000.0,43.0,33922.0,123473.0
2018-04-01,2018-04-30,Utah,4007.0,290165.0,30.0,4684.0,13889.0
2018-04-01,2018-04-30,Vermont,727.0,225750.0,109.0,946.0,5688.0
2018-04-01,2018-04-30,Virginia,10223.0,290000.0,44.0,12351.0,44664.0
2018-04-01,2018-04-30,Washington,10464.0,382751.0,16.0,11215.0,29727.0
2018-04-01,2018-04-30,West Virginia,963.0,155500.0,84.0,1180.0,5961.0
2018-04-01,2018-04-30,Wisconsin,6814.0,180000.0,67.0,7275.0,31967.0
2018-04-01,2018-04-30,Wyoming,811.0,215000.0,98.0,756.0,4572.0
2018-03-01,2018-03-31,Alabama,4924.0,176246.0,91.0,5629.0,27788.0
2018-03-01,2018-03-31,Alaska,746.0,257500.0,102.0,1006.0,5187.0
2018-03-01,2018-03-31,Arizona,10920.0,249600.0,49.0,12163.0,42940.0
2018-03-01,2018-03-31,Arkansas,2970.0,155000.0,72.0,3500.0,15767.0
2018-03-01,2018-03-31,California,31515.0,495000.0,34.0,36966.0,113148.0
2018-03-01,2018-03-31,Colorado,9374.0,362700.0,35.0,10829.0,32230.0
2018-03-01,2018-03-31,District of Columbia,792.0,550000.0,20.0,934.0,2463.0
2018-03-01,2018-03-31,Connecticut,3978.0,225000.0,82.0,5244.0,25480.0
2018-03-01,2018-03-31,Delaware,1290.0,235000.0,68.0,1539.0,7125.0
2018-03-01,2018-03-31,Florida,35581.0,228000.0,58.0,45461.0,192019.0
2018-03-01,2018-03-31,Georgia,13480.0,215000.0,48.0,16934.0,65147.0
2018-03-01,2018-03-31,Hawaii,1367.0,540000.0,74.0,1556.0,7492.0
2018-03-01,2018-03-31,Idaho,2853.0,250000.0,56.0,2726.0,11812.0
2018-03-01,2018-03-31,Illinois,13870.0,200000.0,63.0,17027.0,71021.0
2018-03-01,2018-03-31,Indiana,7837.0,149000.0,56.0,8233.0,33496.0
2018-03-01,2018-03-31,Iowa,3362.0,150000.0,80.0,3574.0,17462.0
2018-03-01,2018-03-31,Kansas,2858.0,174500.0,57.0,3427.0,13096.0
2018-03-01,2018-03-31,Kentucky,4180.0,156500.0,52.0,4909.0,19123.0
2018-03-01,2018-03-31,Louisiana,3336.0,185000.0,91.0,4077.0,20620.0
2018-03-01,2018-03-31,Maine,1735.0,212500.0,56.0,2157.0,10017.0
2018-03-01,2018-03-31,Maryland,7553.0,279000.0,36.0,9190.0,31301.0
2018-03-01,2018-03-31,Massachusetts,6941.0,375000.0,24.0,8003.0,25423.0
2018-03-01,2018-03-31,Michigan,12218.0,155000.0,40.0,14469.0,50496.0
2018-03-01,2018-03-31,Minnesota,7256.0,230000.0,36.0,7852.0,24280.0
2018-03-01,2018-03-31,Mississippi,1865.0,161100.0,84.0,2328.0,12024.0
2018-03-01,2018-03-31,Missouri,7446.0,160000.0,56.0,8380.0,32706.0
2018-03-01,2018-03-31,Montana,1216.0,265000.0,82.0,1522.0,7286.0
2018-03-01,2018-03-31,Nebraska,1881.0,178000.0,42.0,2058.0,6823.0
2018-03-01,2018-03-31,Nevada,4686.0,274975.0,46.0,5212.0,18121.0
2018-03-01,2018-03-31,New Hampshire,1970.0,250000.0,68.0,2248.0,9656.0
2018-03-01,2018-03-31,New Jersey,10146.0,272500.0,84.0,12818.0,63474.0
2018-03-01,2018-03-31,New Mexico,2210.0,195000.0,72.0,2410.0,10462.0
2018-03-01,2018-03-31,New York,13093.0,307400.0,76.0,16614.0,80722.0
2018-03-01,2018-03-31,North Carolina,12763.0,221548.0,70.0,14872.0,65378.0
2018-03-01,2018-03-31,North Dakota,673.0,219900.0,102.0,689.0,3653.0
2018-03-01,2018-03-31,Ohio,12767.0,139500.0,52.0,14697.0,56408.0
2018-03-01,2018-03-31,Oklahoma,4124.0,156895.0,68.0,4844.0,20182.0
2018-03-01,2018-03-31,Oregon,5535.0,338007.0,33.0,6500.0,20473.0
2018-03-01,2018-03-31,Pennsylvania,12549.0,177500.0,71.0,14426.0,66212.0
2018-03-01,2018-03-31,Rhode Island,1214.0,244900.0,56.0,1481.0,5714.0
2018-03-01,2018-03-31,South Carolina,6846.0,208500.0,75.0,8466.0,38564.0
2018-03-01,2018-03-31,South Dakota,907.0,195357.0,84.0,878.0,4143.0
2018-03-01,2018-03-31,Tennessee,9149.0,209000.0,59.0,10189.0,40703.0
2018-03-01,2018-03-31,Texas,27397.0,231500.0,45.0,33717.0,121486.0
2018-03-01,2018-03-31,Utah,4101.0,286000.0,24.0,4613.0,13904.0
2018-03-01,2018-03-31,Vermont,673.0,227000.0,141.0,952.0,5721.0
2018-03-01,2018-03-31,Virginia,10204.0,280000.0,45.0,12412.0,45069.0
2018-03-01,2018-03-31,Washington,10424.0,373000.0,16.0,11445.0,29724.0
2018-03-01,2018-03-31,West Virginia,985.0,159000.0,94.0,1159.0,5998.0
2018-03-01,2018-03-31,Wisconsin,6915.0,174900.0,67.0,7749.0,32413.0
2018-03-01,2018-03-31,Wyoming,781.0,218000.0,97.0,863.0,4755.0
2018-02-01,2018-02-28,Alabama,4728.0,172650.0,94.0,5567.0,27555.0
2018-02-01,2018-02-28,Alaska,783.0,269000.0,101.0,1065.0,5276.0
2018-02-01,2018-02-28,Arizona,10877.0,245200.0,48.0,12248.0,43046.0
2018-02-01,2018-02-28,Arkansas,2975.0,150000.0,71.0,3412.0,15621.0
2018-02-01,2018-02-28,California,31238.0,470000.0,32.0,38416.0,112130.0
2018-02-01,2018-02-28,Colorado,9640.0,355000.0,33.0,10553.0,31597.0
2018-02-01,2018-02-28,District of Columbia,832.0,533750.0,22.0,934.0,2415.0
2018-02-01,2018-02-28,Connecticut,3964.0,219100.0,84.0,6164.0,25746.0
2018-02-01,2018-02-28,Delaware,1221.0,219950.0,72.0,1640.0,7218.0
2018-02-01,2018-02-28,Florida,34896.0,220000.0,58.0,45357.0,190280.0
2018-02-01,2018-02-28,Georgia,13466.0,204000.0,51.0,17408.0,64781.0
2018-02-01,2018-02-28,Hawaii,1384.0,525000.0,72.0,1621.0,7498.0
2018-02-01,2018-02-28,Idaho,2753.0,235000.0,63.0,2803.0,11952.0
2018-02-01,2018-02-28,Illinois,13245.0,186000.0,63.0,16792.0,70924.0
2018-02-01,2018-02-28,Indiana,7765.0,146000.0,59.0,8265.0,33427.0
2018-02-01,2018-02-28,Iowa,3260.0,150000.0,78.0,3632.0,17320.0
2018-02-01,2018-02-28,Kansas,2818.0,166000.0,58.0,3344.0,12925.0
2018-02-01,2018-02-28,Kentucky,4153.0,154900.0,53.0,5095.0,19192.0
2018-02-01,2018-02-28,Louisiana,3289.0,180850.0,88.0,4102.0,20414.0
2018-02-01,2018-02-28,Maine,1736.0,200000.0,54.0,2237.0,10067.0
2018-02-01,2018-02-28,Maryland,7263.0,267250.0,38.0,9524.0,31383.0
2018-02-01,2018-02-28,Massachusetts,6860.0,350000.0,25.0,9184.0,26393.0
2018-02-01,2018-02-28,Michigan,12156.0,147414.0,42.0,14424.0,50408.0
2018-02-01,2018-02-28,Minnesota,7018.0,225000.0,40.0,8203.0,20662.0
2018-02-01,2018-02-28,Mississippi,1798.0,157000.0,89.0,2290.0,11893.0
2018-02-01,2018-02-28,Missouri,7361.0,155000.0,57.0,8574.0,32668.0
2018-02-01,2018-02-28,Montana,1205.0,264900.0,90.0,1433.0,7271.0
2018-02-01,2018-02-28,Nebraska,1860.0,170000.0,44.0,1999.0,6754.0
2018-02-01,2018-02-28,Nevada,4451.0,270000.0,44.0,5430.0,17826.0
2018-02-01,2018-02-28,New Hampshire,1804.0,240000.0,59.0,2715.0,9760.0
2018-02-01,2018-02-28,New Jersey,10136.0,260000.0,85.0,14250.0,63777.0
2018-02-01,2018-02-28,New Mexico,2119.0,190000.0,68.0,2455.0,10528.0
2018-02-01,2018-02-28,New York,12722.0,290000.0,75.0,17220.0,81457.0
2018-02-01,2018-02-28,North Carolina,12628.0,210000.0,73.0,14933.0,65626.0
2018-02-01,2018-02-28,North Dakota,625.0,204950.0,98.0,736.0,3665.0
2018-02-01,2018-02-28,Ohio,12130.0,135000.0,59.0,14679.0,56244.0
2018-02-01,2018-02-28,Oklahoma,3966.0,152000.0,76.0,4739.0,20205.0
2018-02-01,2018-02-28,Oregon,5719.0,331000.0,33.0,6342.0,19887.0
2018-02-01,2018-02-28,Pennsylvania,11889.0,165000.0,74.0,14691.0,66861.0
2018-02-01,2018-02-28,Rhode Island,1292.0,238125.0,55.0,1732.0,5754.0
2018-02-01,2018-02-28,South Carolina,6803.0,200000.0,78.0,8255.0,37976.0
2018-02-01,2018-02-28,South Dakota,807.0,189875.0,80.0,887.0,4135.0
2018-02-01,2018-02-28,Tennessee,8762.0,199900.0,60.0,10253.0,40024.0
2018-02-01,2018-02-28,Texas,27195.0,226000.0,45.0,33357.0,119824.0
2018-02-01,2018-02-28,Utah,4260.0,280682.0,24.0,4781.0,14225.0
2018-02-01,2018-02-28,Vermont,687.0,215000.0,113.0,931.0,5673.0
2018-02-01,2018-02-28,Virginia,10187.0,266450.0,49.0,12737.0,45441.0
2018-02-01,2018-02-28,Washington,10489.0,365000.0,17.0,11363.0,29537.0
2018-02-01,2018-02-28,West Virginia,1010.0,151450.0,95.0,1238.0,6003.0
2018-02-01,2018-02-28,Wisconsin,6747.0,165500.0,69.0,7733.0,32660.0
2018-02-01,2018-02-28,Wyoming,727.0,214000.0,95.0,810.0,4793.0
2018-01-01,2018-01-31,Alabama,4664.0,168000.0,96.0,5360.0,27542.0
2018-01-01,2018-01-31,Alaska,759.0,260000.0,103.0,1122.0,5224.0
2018-01-01,2018-01-31,Arizona,10796.0,240000.0,51.0,12131.0,43138.0
2018-01-01,2018-01-31,Arkansas,2912.0,146775.0,72.0,3269.0,15519.0
2018-01-01,2018-01-31,California,30904.0,455000.0,34.0,36959.0,108868.0
2018-01-01,2018-01-31,Colorado,9593.0,343000.0,34.0,10657.0,31293.0
2018-01-01,2018-01-31,District of Columbia,816.0,500000.0,20.0,930.0,2496.0
2018-01-01,2018-01-31,Connecticut,3948.0,222750.0,82.0,4895.0,24679.0
2018-01-01,2018-01-31,Delaware,1272.0,224000.0,72.0,1564.0,7251.0
2018-01-01,2018-01-31,Florida,34693.0,215000.0,59.0,44292.0,188607.0
2018-01-01,2018-01-31,Georgia,13393.0,196990.0,52.0,16115.0,64569.0
2018-01-01,2018-01-31,Hawaii,1356.0,535000.0,80.0,1566.0,7363.0
2018-01-01,2018-01-31,Idaho,2742.0,232000.0,63.0,2603.0,11809.0
2018-01-01,2018-01-31,Illinois,13289.0,185000.0,55.0,16915.0,70510.0
2018-01-01,2018-01-31,Indiana,7836.0,141000.0,60.0,7779.0,33163.0
2018-01-01,2018-01-31,Iowa,3388.0,146500.0,78.0,3573.0,17185.0
2018-01-01,2018-01-31,Kansas,2873.0,169900.0,57.0,3210.0,12995.0
2018-01-01,2018-01-31,Kentucky,4170.0,150000.0,54.0,4663.0,19094.0
2018-01-01,2018-01-31,Louisiana,3235.0,179900.0,86.0,3666.0,20156.0
2018-01-01,2018-01-31,Maine,1725.0,200000.0,48.0,1993.0,10028.0
2018-01-01,2018-01-31,Maryland,7348.0,261000.0,38.0,8673.0,31311.0
2018-01-01,2018-01-31,Massachusetts,7138.0,367250.0,25.0,7639.0,25734.0
2018-01-01,2018-01-31,Michigan,12277.0,149000.0,41.0,14380.0,50702.0
2018-01-01,2018-01-31,Minnesota,7168.0,219950.0,42.0,8112.0,19154.0
2018-01-01,2018-01-31,Mississippi,1836.0,154000.0,84.0,2200.0,11901.0
2018-01-01,2018-01-31,Missouri,7456.0,152500.0,58.0,7495.0,32449.0
2018-01-01,2018-01-31,Montana,1127.0,259900.0,90.0,1412.0,7245.0
2018-01-01,2018-01-31,Nebraska,1870.0,170000.0,44.0,1863.0,6811.0
2018-01-01,2018-01-31,Nevada,4633.0,263000.0,50.0,5229.0,17397.0
2018-01-01,2018-01-31,New Hampshire,1960.0,249933.0,69.0,2200.0,9638.0
2018-01-01,2018-01-31,New Jersey,10025.0,275000.0,86.0,12899.0,63238.0
2018-01-01,2018-01-31,New Mexico,2084.0,189000.0,67.0,2371.0,10550.0
2018-01-01,2018-01-31,New York,12455.0,300000.0,77.0,16494.0,80620.0
2018-01-01,2018-01-31,North Carolina,12550.0,207000.0,72.0,14252.0,65311.0
2018-01-01,2018-01-31,North Dakota,614.0,211950.0,103.0,710.0,3621.0
2018-01-01,2018-01-31,Ohio,12391.0,130500.0,58.0,13873.0,56123.0
2018-01-01,2018-01-31,Oklahoma,3867.0,147000.0,70.0,4645.0,20305.0
2018-01-01,2018-01-31,Oregon,5616.0,322250.0,34.0,6296.0,19868.0
2018-01-01,2018-01-31,Pennsylvania,12491.0,173425.0,74.0,14340.0,66856.0
2018-01-01,2018-01-31,Rhode Island,1201.0,235000.0,52.0,1386.0,5635.0
2018-01-01,2018-01-31,South Carolina,6847.0,204535.0,80.0,7997.0,38184.0
2018-01-01,2018-01-31,South Dakota,822.0,184000.0,78.0,933.0,4082.0
2018-01-01,2018-01-31,Tennessee,8564.0,195000.0,60.0,9099.0,39323.0
2018-01-01,2018-01-31,Texas,27072.0,219000.0,45.0,33005.0,119825.0
2018-01-01,2018-01-31,Utah,4233.0,275000.0,26.0,4777.0,14561.0
2018-01-01,2018-01-31,Vermont,697.0,210000.0,113.0,830.0,5723.0
2018-01-01,2018-01-31,Virginia,10132.0,264700.0,47.0,11751.0,45320.0
2018-01-01,2018-01-31,Washington,10661.0,343500.0,21.0,11299.0,29636.0
2018-01-01,2018-01-31,West Virginia,1001.0,149500.0,101.0,1121.0,5928.0
2018-01-01,2018-01-31,Wisconsin,6862.0,169000.0,70.0,7415.0,32756.0
2018-01-01,2018-01-31,Wyoming,713.0,211000.0,96.0,863.0,4785.0
2017-12-01,2017-12-31,Alabama,4794.0,175900.0,93.0,5252.0,27748.0
2017-12-01,2017-12-31,Alaska,732.0,259500.0,98.0,1050.0,5204.0
2017-12-01,2017-12-31,Arizona,10882.0,242900.0,52.0,12171.0,43334.0
2017-12-01,2017-12-31,Arkansas,2955.0,153000.0,71.0,3412.0,15688.0
2017-12-01,2017-12-31,California,32185.0,470000.0,35.0,36947.0,108058.0
2017-12-01,2017-12-31,Colorado,9721.0,345900.0,34.0,10568.0,31257.0
2017-12-01,2017-12-31,District of Columbia,814.0,560000.0,21.0,1006.0,2567.0
2017-12-01,2017-12-31,Connecticut,3963.0,225000.0,88.0,5173.0,26235.0
2017-12-01,2017-12-31,Delaware,1285.0,225000.0,81.0,1539.0,7360.0
2017-12-01,2017-12-31,Florida,36381.0,222500.0,61.0,45056.0,188321.0
2017-12-01,2017-12-31,Georgia,13651.0,207000.0,53.0,16918.0,65678.0
2017-12-01,2017-12-31,Hawaii,1455.0,540000.0,76.0,1570.0,7303.0
2017-12-01,2017-12-31,Idaho,2835.0,230000.0,60.0,2931.0,11930.0
2017-12-01,2017-12-31,Illinois,13738.0,187500.0,70.0,17247.0,73513.0
2017-12-01,2017-12-31,Indiana,7843.0,145000.0,60.0,8337.0,33821.0
2017-12-01,2017-12-31,Iowa,3325.0,145700.0,87.0,3691.0,17388.0
2017-12-01,2017-12-31,Kansas,3004.0,169985.0,58.0,3397.0,13171.0
2017-12-01,2017-12-31,Kentucky,4094.0,157500.0,54.0,4839.0,19273.0
2017-12-01,2017-12-31,Louisiana,3383.0,189000.0,85.0,3936.0,20310.0
2017-12-01,2017-12-31,Maine,1788.0,205000.0,53.0,2126.0,10137.0
2017-12-01,2017-12-31,Maryland,7531.0,275000.0,40.0,8902.0,31850.0
2017-12-01,2017-12-31,Massachusetts,7046.0,373700.0,26.0,8674.0,26141.0
2017-12-01,2017-12-31,Michigan,12302.0,155000.0,42.0,14466.0,51050.0
2017-12-01,2017-12-31,Minnesota,7233.0,222000.0,43.0,8135.0,20395.0
2017-12-01,2017-12-31,Mississippi,1897.0,154750.0,88.0,2281.0,12036.0
2017-12-01,2017-12-31,Missouri,7452.0,158000.0,57.0,8550.0,32909.0
2017-12-01,2017-12-31,Montana,1200.0,259900.0,93.0,1420.0,7237.0
2017-12-01,2017-12-31,Nebraska,1944.0,166000.0,41.0,2102.0,7039.0
2017-12-01,2017-12-31,Nevada,4702.0,264000.0,52.0,5179.0,17370.0
2017-12-01,2017-12-31,New Hampshire,1954.0,258000.0,71.0,2244.0,10035.0
2017-12-01,2017-12-31,New Jersey,10118.0,282000.0,87.0,13923.0,63444.0
2017-12-01,2017-12-31,New Mexico,2124.0,190000.0,72.0,2296.0,10565.0
2017-12-01,2017-12-31,New York,12895.0,289000.0,79.0,16913.0,80811.0
2017-12-01,2017-12-31,North Carolina,12844.0,220000.0,72.0,14538.0,65947.0
2017-12-01,2017-12-31,North Dakota,607.0,212450.0,97.0,720.0,3576.0
2017-12-01,2017-12-31,Ohio,12735.0,138700.0,59.0,14514.0,56995.0
2017-12-01,2017-12-31,Oklahoma,4016.0,155000.0,63.0,4879.0,20502.0
2017-12-01,2017-12-31,Oregon,5807.0,325000.0,35.0,6760.0,20062.0
2017-12-01,2017-12-31,Pennsylvania,12637.0,175000.0,76.0,14696.0,68020.0
2017-12-01,2017-12-31,Rhode Island,1317.0,244000.0,56.0,1437.0,5727.0
2017-12-01,2017-12-31,South Carolina,6830.0,209500.0,78.0,8304.0,38602.0
2017-12-01,2017-12-31,South Dakota,907.0,184900.0,74.0,970.0,4158.0
2017-12-01,2017-12-31,Tennessee,8915.0,204900.0,61.0,10407.0,40070.0
2017-12-01,2017-12-31,Texas,28320.0,230000.0,45.0,33568.0,121230.0
2017-12-01,2017-12-31,Utah,4115.0,272950.0,27.0,4799.0,14438.0
2017-12-01,2017-12-31,Vermont,734.0,220000.0,120.0,918.0,5865.0
2017-12-01,2017-12-31,Virginia,10239.0,275000.0,49.0,11766.0,45973.0
2017-12-01,2017-12-31,Washington,10909.0,355000.0,21.0,11591.0,29726.0
2017-12-01,2017-12-31,West Virginia,1051.0,163773.0,93.0,1117.0,6036.0
2017-12-01,2017-12-31,Wisconsin,6863.0,170000.0,70.0,7341.0,32873.0
2017-12-01,2017-12-31,Wyoming,715.0,215000.0,95.0,826.0,4715.0
2017-11-01,2017-11-30,Alabama,4855.0,171500.0,97.0,5193.0,27819.0
2017-11-01,2017-11-30,Alaska,685.0,269000.0,102.0,1024.0,5158.0
2017-11-01,2017-11-30,Arizona,10945.0,240500.0,52.0,12074.0,43694.0
2017-11-01,2017-11-30,Arkansas,2999.0,152500.0,74.0,3362.0,15721.0
2017-11-01,2017-11-30,California,32465.0,480000.0,36.0,36665.0,108761.0
2017-11-01,2017-11-30,Colorado,9901.0,341290.0,36.0,10300.0,31482.0
2017-11-01,2017-11-30,District of Columbia,830.0,545500.0,20.0,1049.0,2617.0
2017-11-01,2017-11-30,Connecticut,4030.0,222000.0,85.0,5228.0,25507.0
2017-11-01,2017-11-30,Delaware,1316.0,220000.0,76.0,1507.0,7424.0
2017-11-01,2017-11-30,Florida,35159.0,219000.0,63.0,44329.0,187923.0
2017-11-01,2017-11-30,Georgia,13525.0,198831.0,53.0,16951.0,66393.0
2017-11-01,2017-11-30,Hawaii,1569.0,535000.0,70.0,1646.0,7487.0
2017-11-01,2017-11-30,Idaho,2882.0,228115.0,60.0,2681.0,11974.0
2017-11-01,2017-11-30,Illinois,13652.0,187000.0,71.0,16895.0,74321.0
2017-11-01,2017-11-30,Indiana,7827.0,145000.0,63.0,8131.0,33912.0
2017-11-01,2017-11-30,Iowa,3395.0,152000.0,83.0,3470.0,17429.0
2017-11-01,2017-11-30,Kansas,3013.0,170000.0,59.0,3305.0,13245.0
2017-11-01,2017-11-30,Kentucky,4062.0,157225.0,55.0,4870.0,19255.0
2017-11-01,2017-11-30,Louisiana,3455.0,184000.0,88.0,3960.0,20307.0
2017-11-01,2017-11-30,Maine,1845.0,205000.0,54.0,2153.0,10363.0
2017-11-01,2017-11-30,Maryland,7514.0,277900.0,40.0,8911.0,32267.0
2017-11-01,2017-11-30,Massachusetts,7175.0,379900.0,26.0,8596.0,25899.0
2017-11-01,2017-11-30,Michigan,12405.0,155000.0,42.0,14350.0,51417.0
2017-11-01,2017-11-30,Minnesota,7350.0,221765.0,45.0,7874.0,25254.0
2017-11-01,2017-11-30,Mississippi,1862.0,154214.0,91.0,2362.0,12073.0
2017-11-01,2017-11-30,Missouri,7452.0,159900.0,58.0,8352.0,33141.0
2017-11-01,2017-11-30,Montana,1183.0,259000.0,93.0,1264.0,7217.0
2017-11-01,2017-11-30,Nebraska,1949.0,170000.0,44.0,2114.0,7089.0
2017-11-01,2017-11-30,Nevada,4767.0,260000.0,53.0,5018.0,17483.0
2017-11-01,2017-11-30,New Hampshire,1979.0,252000.0,70.0,2282.0,10197.0
2017-11-01,2017-11-30,New Jersey,10342.0,280000.0,87.0,13220.0,63285.0
2017-11-01,2017-11-30,New Mexico,2008.0,199000.0,71.0,2301.0,10618.0
2017-11-01,2017-11-30,New York,12841.0,275000.0,79.0,16752.0,81103.0
2017-11-01,2017-11-30,North Carolina,12847.0,215000.0,73.0,14242.0,66352.0
2017-11-01,2017-11-30,North Dakota,632.0,215000.0,103.0,673.0,3569.0
2017-11-01,2017-11-30,Ohio,12827.0,142500.0,60.0,14095.0,57411.0
2017-11-01,2017-11-30,Oklahoma,4091.0,153500.0,62.0,4795.0,20615.0
2017-11-01,2017-11-30,Oregon,5751.0,329000.0,35.0,6334.0,20273.0
2017-11-01,2017-11-30,Pennsylvania,12786.0,175000.0,76.0,14618.0,68951.0
2017-11-01,2017-11-30,Rhode Island,1304.0,246000.0,63.0,1501.0,5798.0
2017-11-01,2017-11-30,South Carolina,6806.0,199900.0,81.0,8160.0,38839.0
2017-11-01,2017-11-30,South Dakota,853.0,189059.0,81.0,963.0,4161.0
2017-11-01,2017-11-30,Tennessee,9188.0,200000.0,61.0,10277.0,40157.0
2017-11-01,2017-11-30,Texas,27934.0,224900.0,46.0,33152.0,122132.0
2017-11-01,2017-11-30,Utah,4170.0,277500.0,32.0,4719.0,14564.0
2017-11-01,2017-11-30,Vermont,695.0,215000.0,117.0,880.0,5865.0
2017-11-01,2017-11-30,Virginia,10244.0,272600.0,48.0,11861.0,46112.0
2017-11-01,2017-11-30,Washington,10906.0,350000.0,21.0,11366.0,30241.0
2017-11-01,2017-11-30,West Virginia,1007.0,153000.0,97.0,1080.0,6054.0
2017-11-01,2017-11-30,Wisconsin,6867.0,170000.0,70.0,7097.0,33141.0
2017-11-01,2017-11-30,Wyoming,763.0,219000.0,90.0,754.0,4676.0
2017-10-01,2017-10-31,Alabama,4633.0,170000.0,100.0,5217.0,27839.0
2017-10-01,2017-10-31,Alaska,715.0,282650.0,96.0,949.0,5078.0
2017-10-01,2017-10-31,Arizona,10738.0,241000.0,52.0,12138.0,44060.0
2017-10-01,2017-10-31,Arkansas,2952.0,150000.0,71.0,3427.0,15761.0
2017-10-01,2017-10-31,California,32372.0,473000.0,36.0,36638.0,109562.0
2017-10-01,2017-10-31,Colorado,9252.0,346203.0,38.0,10124.0,31952.0
2017-10-01,2017-10-31,District of Columbia,895.0,550000.0,14.0,1006.0,2600.0
2017-10-01,2017-10-31,Connecticut,3970.0,230000.0,82.0,5277.0,25198.0
2017-10-01,2017-10-31,Delaware,1253.0,229900.0,75.0,1497.0,7505.0
2017-10-01,2017-10-31,Florida,33611.0,215000.0,64.0,44498.0,187721.0
2017-10-01,2017-10-31,Georgia,13285.0,200000.0,57.0,16841.0,67199.0
2017-10-01,2017-10-31,Hawaii,1581.0,575000.0,75.0,1738.0,7573.0
2017-10-01,2017-10-31,Idaho,2855.0,230000.0,62.0,2734.0,12119.0
2017-10-01,2017-10-31,Illinois,13340.0,188000.0,70.0,16732.0,74500.0
2017-10-01,2017-10-31,Indiana,7833.0,145000.0,64.0,7999.0,34293.0
2017-10-01,2017-10-31,Iowa,3320.0,149000.0,81.0,3502.0,17555.0
2017-10-01,2017-10-31,Kansas,2882.0,170000.0,60.0,3245.0,13259.0
2017-10-01,2017-10-31,Kentucky,4058.0,155750.0,55.0,4869.0,19098.0
2017-10-01,2017-10-31,Louisiana,3257.0,185000.0,85.0,3893.0,20012.0
2017-10-01,2017-10-31,Maine,1733.0,205000.0,54.0,2194.0,10440.0
2017-10-01,2017-10-31,Maryland,7369.0,280000.0,40.0,9062.0,32558.0
2017-10-01,2017-10-31,Massachusetts,7123.0,365000.0,25.0,8489.0,25865.0
2017-10-01,2017-10-31,Michigan,12372.0,156500.0,43.0,14390.0,51686.0
2017-10-01,2017-10-31,Minnesota,7162.0,220000.0,44.0,7916.0,29693.0
2017-10-01,2017-10-31,Mississippi,1837.0,156580.0,89.0,2244.0,11967.0
2017-10-01,2017-10-31,Missouri,7373.0,157500.0,59.0,8294.0,33394.0
2017-10-01,2017-10-31,Montana,1194.0,259900.0,91.0,1321.0,7254.0
2017-10-01,2017-10-31,Nebraska,1903.0,168000.0,45.0,2008.0,7052.0
2017-10-01,2017-10-31,Nevada,4913.0,260000.0,57.0,5099.0,17800.0
2017-10-01,2017-10-31,New Hampshire,1923.0,254900.0,73.0,2315.0,10279.0
2017-10-01,2017-10-31,New Jersey,10141.0,275000.0,85.0,12737.0,63079.0
2017-10-01,2017-10-31,New Mexico,2032.0,199000.0,69.0,2359.0,10673.0
2017-10-01,2017-10-31,New York,12752.0,275000.0,79.0,16793.0,81222.0
2017-10-01,2017-10-31,North Carolina,12732.0,208000.0,73.0,14367.0,66785.0
2017-10-01,2017-10-31,North Dakota,614.0,224900.0,97.0,681.0,3577.0
2017-10-01,2017-10-31,Ohio,12646.0,140000.0,61.0,14393.0,57973.0
2017-10-01,2017-10-31,Oklahoma,3816.0,152500.0,55.0,4675.0,20638.0
2017-10-01,2017-10-31,Oregon,5635.0,325000.0,36.0,6253.0,20467.0
2017-10-01,2017-10-31,Pennsylvania,12473.0,175000.0,75.0,14602.0,69556.0
2017-10-01,2017-10-31,Rhode Island,1345.0,242875.0,58.0,1558.0,5793.0
2017-10-01,2017-10-31,South Carolina,6651.0,199000.0,80.0,8351.0,38850.0
2017-10-01,2017-10-31,South Dakota,775.0,182000.0,77.0,953.0,4035.0
2017-10-01,2017-10-31,Tennessee,8829.0,197500.0,62.0,10051.0,40032.0
2017-10-01,2017-10-31,Texas,27083.0,220000.0,47.0,33401.0,122891.0
2017-10-01,2017-10-31,Utah,4168.0,273969.0,30.0,4703.0,14558.0
2017-10-01,2017-10-31,Vermont,692.0,215000.0,117.0,870.0,5865.0
2017-10-01,2017-10-31,Virginia,10214.0,270000.0,49.0,11910.0,46699.0
2017-10-01,2017-10-31,Washington,10886.0,350000.0,21.0,11607.0,31015.0
2017-10-01,2017-10-31,West Virginia,932.0,149800.0,90.0,1181.0,6125.0
2017-10-01,2017-10-31,Wisconsin,6853.0,174900.0,72.0,7438.0,33635.0
2017-10-01,2017-10-31,Wyoming,676.0,224950.0,97.0,773.0,4609.0
2017-09-01,2017-09-30,Alabama,4520.0,175000.0,96.0,5153.0,27871.0
2017-09-01,2017-09-30,Alaska,701.0,274900.0,92.0,984.0,5079.0
2017-09-01,2017-09-30,Arizona,10788.0,239900.0,53.0,12102.0,44419.0
2017-09-01,2017-09-30,Arkansas,2965.0,149500.0,73.0,3337.0,15778.0
2017-09-01,2017-09-30,California,32622.0,477500.0,36.0,36131.0,110650.0
2017-09-01,2017-09-30,Colorado,8735.0,349000.0,36.0,10162.0,31681.0
2017-09-01,2017-09-30,District of Columbia,752.0,504500.0,21.0,1024.0,2603.0
2017-09-01,2017-09-30,Connecticut,4002.0,230000.0,83.0,5152.0,25347.0
2017-09-01,2017-09-30,Delaware,1233.0,231500.0,70.0,1533.0,7532.0
2017-09-01,2017-09-30,Florida,29057.0,216245.0,62.0,30685.0,177694.0
2017-09-01,2017-09-30,Georgia,13276.0,199500.0,59.0,16013.0,68128.0
2017-09-01,2017-09-30,Hawaii,1419.0,533000.0,79.0,1599.0,7435.0
2017-09-01,2017-09-30,Idaho,2914.0,229940.0,61.0,2924.0,12360.0
2017-09-01,2017-09-30,Illinois,13463.0,195000.0,72.0,17033.0,74503.0
2017-09-01,2017-09-30,Indiana,7784.0,148000.0,63.0,8036.0,34795.0
2017-09-01,2017-09-30,Iowa,3362.0,152000.0,82.0,3561.0,17723.0
2017-09-01,2017-09-30,Kansas,2895.0,175500.0,60.0,3368.0,13337.0
2017-09-01,2017-09-30,Kentucky,4046.0,160000.0,52.0,4722.0,18926.0
2017-09-01,2017-09-30,Louisiana,3285.0,182070.0,83.0,4053.0,19937.0
2017-09-01,2017-09-30,Maine,1759.0,208000.0,55.0,2150.0,10429.0
2017-09-01,2017-09-30,Maryland,7323.0,275000.0,41.0,8962.0,32507.0
2017-09-01,2017-09-30,Massachusetts,7092.0,370000.0,26.0,8762.0,26213.0
2017-09-01,2017-09-30,Michigan,12367.0,158500.0,43.0,14330.0,51938.0
2017-09-01,2017-09-30,Minnesota,7216.0,225000.0,47.0,7855.0,31501.0
2017-09-01,2017-09-30,Mississippi,1866.0,159000.0,90.0,2196.0,11987.0
2017-09-01,2017-09-30,Missouri,7327.0,159900.0,60.0,8232.0,33385.0
2017-09-01,2017-09-30,Montana,1193.0,256050.0,89.0,1299.0,7326.0
2017-09-01,2017-09-30,Nebraska,1840.0,172000.0,46.0,2040.0,7029.0
2017-09-01,2017-09-30,Nevada,4819.0,260000.0,55.0,4900.0,18112.0
2017-09-01,2017-09-30,New Hampshire,1958.0,250000.0,72.0,2245.0,10297.0
2017-09-01,2017-09-30,New Jersey,10245.0,284900.0,89.0,13078.0,63178.0
2017-09-01,2017-09-30,New Mexico,1976.0,197500.0,70.0,2264.0,10664.0
2017-09-01,2017-09-30,New York,12545.0,285000.0,83.0,16621.0,81478.0
2017-09-01,2017-09-30,North Carolina,12838.0,210000.0,74.0,14330.0,67174.0
2017-09-01,2017-09-30,North Dakota,620.0,219900.0,98.0,675.0,3590.0
2017-09-01,2017-09-30,Ohio,12555.0,143325.0,60.0,14494.0,58283.0
2017-09-01,2017-09-30,Oklahoma,3692.0,156000.0,51.0,4798.0,20723.0
2017-09-01,2017-09-30,Oregon,5617.0,325000.0,35.0,6435.0,20617.0
2017-09-01,2017-09-30,Pennsylvania,12423.0,176900.0,74.0,14713.0,69502.0
2017-09-01,2017-09-30,Rhode Island,1251.0,250000.0,57.0,1478.0,5775.0
2017-09-01,2017-09-30,South Carolina,6539.0,201000.0,82.0,7893.0,38461.0
2017-09-01,2017-09-30,South Dakota,844.0,191550.0,78.0,881.0,4016.0
2017-09-01,2017-09-30,Tennessee,8854.0,202795.0,63.0,9873.0,39903.0
2017-09-01,2017-09-30,Texas,26970.0,225000.0,46.0,33012.0,123359.0
2017-09-01,2017-09-30,Utah,4075.0,270000.0,31.0,4693.0,14596.0
2017-09-01,2017-09-30,Vermont,705.0,214400.0,119.0,902.0,5905.0
2017-09-01,2017-09-30,Virginia,10199.0,269819.0,48.0,11818.0,47015.0
2017-09-01,2017-09-30,Washington,10884.0,355000.0,20.0,11508.0,30981.0
2017-09-01,2017-09-30,West Virginia,955.0,162000.0,98.0,1145.0,6131.0
2017-09-01,2017-09-30,Wisconsin,6836.0,174000.0,72.0,7367.0,33934.0
2017-09-01,2017-09-30,Wyoming,672.0,220000.0,93.0,855.0,4603.0
2017-08-01,2017-08-31,Alabama,4684.0,176356.0,102.0,5287.0,28031.0
2017-08-01,2017-08-31,Alaska,725.0,272500.0,93.0,1029.0,5017.0
2017-08-01,2017-08-31,Arizona,10687.0,238000.0,53.0,12110.0,44658.0
2017-08-01,2017-08-31,Arkansas,2817.0,155000.0,73.0,3410.0,15685.0
2017-08-01,2017-08-31,California,32638.0,477000.0,37.0,36272.0,112715.0
2017-08-01,2017-08-31,Colorado,8476.0,355000.0,37.0,9647.0,30901.0
2017-08-01,2017-08-31,District of Columbia,799.0,540000.0,22.0,908.0,2552.0
2017-08-01,2017-08-31,Connecticut,4032.0,245000.0,102.0,5069.0,26424.0
2017-08-01,2017-08-31,Delaware,1289.0,232900.0,70.0,1468.0,7574.0
2017-08-01,2017-08-31,Florida,35632.0,219690.0,61.0,43841.0,191966.0
2017-08-01,2017-08-31,Georgia,13295.0,200540.0,58.0,16830.0,69637.0
2017-08-01,2017-08-31,Hawaii,1369.0,530000.0,76.0,1551.0,7387.0
2017-08-01,2017-08-31,Idaho,2802.0,230000.0,64.0,2984.0,12436.0
2017-08-01,2017-08-31,Illinois,13530.0,202500.0,73.0,16672.0,74610.0
2017-08-01,2017-08-31,Indiana,7804.0,146000.0,64.0,8188.0,35258.0
2017-08-01,2017-08-31,Iowa,3334.0,157100.0,83.0,3596.0,17765.0
2017-08-01,2017-08-31,Kansas,2835.0,178000.0,59.0,3229.0,13203.0
2017-08-01,2017-08-31,Kentucky,4076.0,159100.0,53.0,4646.0,18776.0
2017-08-01,2017-08-31,Louisiana,3229.0,185000.0,86.0,3822.0,19499.0
2017-08-01,2017-08-31,Maine,1762.0,207000.0,55.0,2219.0,10629.0
2017-08-01,2017-08-31,Maryland,7379.0,284000.0,40.0,8591.0,32562.0
2017-08-01,2017-08-31,Massachusetts,7074.0,380000.0,28.0,8264.0,26016.0
2017-08-01,2017-08-31,Michigan,12353.0,159900.0,43.0,14366.0,52300.0
2017-08-01,2017-08-31,Minnesota,7259.0,229900.0,47.0,7892.0,33513.0
2017-08-01,2017-08-31,Mississippi,1788.0,160000.0,88.0,2265.0,11990.0
2017-08-01,2017-08-31,Missouri,7333.0,160000.0,62.0,8209.0,33590.0
2017-08-01,2017-08-31,Montana,1190.0,264700.0,91.0,1347.0,7371.0
2017-08-01,2017-08-31,Nebraska,1814.0,174375.0,47.0,2032.0,6923.0
2017-08-01,2017-08-31,Nevada,4856.0,258000.0,60.0,5004.0,18778.0
2017-08-01,2017-08-31,New Hampshire,1982.0,256000.0,74.0,2305.0,10451.0
2017-08-01,2017-08-31,New Jersey,10156.0,301000.0,90.0,12992.0,63223.0
2017-08-01,2017-08-31,New Mexico,1916.0,197000.0,72.0,2269.0,10685.0
2017-08-01,2017-08-31,New York,13240.0,296950.0,85.0,16723.0,82878.0
2017-08-01,2017-08-31,North Carolina,12530.0,215000.0,75.0,14258.0,66968.0
2017-08-01,2017-08-31,North Dakota,620.0,225000.0,99.0,713.0,3625.0
2017-08-01,2017-08-31,Ohio,12586.0,147500.0,61.0,14576.0,58822.0
2017-08-01,2017-08-31,Oklahoma,3795.0,157000.0,48.0,4682.0,20757.0
2017-08-01,2017-08-31,Oregon,5472.0,326950.0,34.0,6389.0,20588.0
2017-08-01,2017-08-31,Pennsylvania,12341.0,185000.0,75.0,14817.0,69571.0
2017-08-01,2017-08-31,Rhode Island,1313.0,246000.0,59.0,1549.0,5808.0
2017-08-01,2017-08-31,South Carolina,6571.0,200000.0,84.0,7914.0,38973.0
2017-08-01,2017-08-31,South Dakota,823.0,189000.0,80.0,885.0,4084.0
2017-08-01,2017-08-31,Tennessee,9047.0,200000.0,62.0,9747.0,40475.0
2017-08-01,2017-08-31,Texas,24630.0,229500.0,44.0,32446.0,123445.0
2017-08-01,2017-08-31,Utah,4070.0,274900.0,30.0,4723.0,14566.0
2017-08-01,2017-08-31,Vermont,701.0,217750.0,118.0,879.0,5955.0
2017-08-01,2017-08-31,Virginia,10135.0,280000.0,51.0,11721.0,47250.0
2017-08-01,2017-08-31,Washington,10774.0,352500.0,19.0,11454.0,31304.0
2017-08-01,2017-08-31,West Virginia,998.0,157085.0,101.0,1126.0,6139.0
2017-08-01,2017-08-31,Wisconsin,6814.0,180500.0,73.0,7396.0,34316.0
2017-08-01,2017-08-31,Wyoming,732.0,229900.0,93.0,743.0,4556.0
2017-07-01,2017-07-31,Alabama,4694.0,179900.0,99.0,5259.0,27942.0
2017-07-01,2017-07-31,Alaska,702.0,270000.0,94.0,983.0,4901.0
2017-07-01,2017-07-31,Arizona,10713.0,236500.0,53.0,12097.0,44874.0
2017-07-01,2017-07-31,Arkansas,2850.0,155000.0,75.0,3373.0,15463.0
2017-07-01,2017-07-31,California,32156.0,476500.0,37.0,36491.0,114033.0
2017-07-01,2017-07-31,Colorado,8541.0,355000.0,37.0,9626.0,30456.0
2017-07-01,2017-07-31,District of Columbia,855.0,569000.0,20.0,920.0,2593.0
2017-07-01,2017-07-31,Connecticut,3977.0,248000.0,90.0,5122.0,26613.0
2017-07-01,2017-07-31,Delaware,1351.0,233395.0,77.0,1532.0,7703.0
2017-07-01,2017-07-31,Florida,36008.0,220000.0,62.0,43945.0,192777.0
2017-07-01,2017-07-31,Georgia,13192.0,208000.0,59.0,16806.0,70292.0
2017-07-01,2017-07-31,Hawaii,1402.0,525000.0,73.0,1546.0,7444.0
2017-07-01,2017-07-31,Idaho,2793.0,228146.0,62.0,3025.0,12347.0
2017-07-01,2017-07-31,Illinois,13846.0,212000.0,74.0,16600.0,74626.0
2017-07-01,2017-07-31,Indiana,7754.0,150000.0,66.0,8141.0,35385.0
2017-07-01,2017-07-31,Iowa,3339.0,160000.0,85.0,3630.0,17808.0
2017-07-01,2017-07-31,Kansas,2903.0,182950.0,60.0,3260.0,13218.0
2017-07-01,2017-07-31,Kentucky,4061.0,167000.0,52.0,4787.0,18818.0
2017-07-01,2017-07-31,Louisiana,3313.0,192250.0,84.0,4062.0,19385.0
2017-07-01,2017-07-31,Maine,1715.0,207000.0,51.0,2209.0,10555.0
2017-07-01,2017-07-31,Maryland,7431.0,285000.0,42.0,9062.0,32957.0
2017-07-01,2017-07-31,Massachusetts,7111.0,389900.0,27.0,8540.0,25968.0
2017-07-01,2017-07-31,Michigan,12238.0,164697.0,44.0,14303.0,52550.0
2017-07-01,2017-07-31,Minnesota,7318.0,230000.0,47.0,8007.0,33575.0
2017-07-01,2017-07-31,Mississippi,1832.0,165000.0,94.0,2296.0,11936.0
2017-07-01,2017-07-31,Missouri,7369.0,166000.0,61.0,8251.0,33434.0
2017-07-01,2017-07-31,Montana,1168.0,269000.0,94.0,1338.0,7402.0
2017-07-01,2017-07-31,Nebraska,1845.0,175000.0,44.0,2017.0,6776.0
2017-07-01,2017-07-31,Nevada,4899.0,255000.0,62.0,5101.0,19367.0
2017-07-01,2017-07-31,New Hampshire,1982.0,255000.0,76.0,2281.0,10583.0
2017-07-01,2017-07-31,New Jersey,10098.0,300000.0,90.0,12852.0,63405.0
2017-07-01,2017-07-31,New Mexico,1971.0,195000.0,69.0,2299.0,10767.0
2017-07-01,2017-07-31,New York,12881.0,290000.0,86.0,16656.0,83608.0
2017-07-01,2017-07-31,North Carolina,12543.0,217500.0,76.0,14477.0,67256.0
2017-07-01,2017-07-31,North Dakota,618.0,219900.0,95.0,683.0,3613.0
2017-07-01,2017-07-31,Ohio,12400.0,150000.0,62.0,14353.0,58791.0
2017-07-01,2017-07-31,Oklahoma,3776.0,160000.0,45.0,4776.0,20599.0
2017-07-01,2017-07-31,Oregon,5604.0,333179.0,31.0,6428.0,20372.0
2017-07-01,2017-07-31,Pennsylvania,12493.0,190000.0,75.0,14676.0,69591.0
2017-07-01,2017-07-31,Rhode Island,1291.0,255000.0,62.0,1560.0,5895.0
2017-07-01,2017-07-31,South Carolina,6650.0,203500.0,82.0,8118.0,39557.0
2017-07-01,2017-07-31,South Dakota,789.0,190000.0,75.0,878.0,4061.0
2017-07-01,2017-07-31,Tennessee,9127.0,205000.0,64.0,9733.0,40376.0
2017-07-01,2017-07-31,Texas,26704.0,229900.0,44.0,33241.0,124179.0
2017-07-01,2017-07-31,Utah,3978.0,271000.0,28.0,4625.0,14353.0
2017-07-01,2017-07-31,Vermont,700.0,231750.0,115.0,905.0,6015.0
2017-07-01,2017-07-31,Virginia,10141.0,297000.0,50.0,11850.0,47444.0
2017-07-01,2017-07-31,Washington,10624.0,355000.0,18.0,11889.0,31434.0
2017-07-01,2017-07-31,West Virginia,956.0,160000.0,96.0,1141.0,6168.0
2017-07-01,2017-07-31,Wisconsin,6805.0,180000.0,73.0,7424.0,34730.0
2017-07-01,2017-07-31,Wyoming,665.0,223000.0,93.0,776.0,4594.0
2017-06-01,2017-06-30,Alabama,4648.0,179025.0,99.0,5107.0,27943.0
2017-06-01,2017-06-30,Alaska,744.0,270000.0,94.0,1017.0,4885.0
2017-06-01,2017-06-30,Arizona,10696.0,239900.0,53.0,12054.0,45384.0
2017-06-01,2017-06-30,Arkansas,2798.0,155000.0,74.0,3263.0,15258.0
2017-06-01,2017-06-30,California,33138.0,483089.0,37.0,36517.0,116040.0
2017-06-01,2017-06-30,Colorado,8308.0,363000.0,35.0,9607.0,30388.0
2017-06-01,2017-06-30,District of Columbia,729.0,579300.0,20.0,1007.0,2654.0
2017-06-01,2017-06-30,Connecticut,4000.0,254900.0,89.0,5188.0,26466.0
2017-06-01,2017-06-30,Delaware,1294.0,230750.0,75.0,1635.0,7798.0
2017-06-01,2017-06-30,Florida,35320.0,224000.0,62.0,43716.0,193194.0
2017-06-01,2017-06-30,Georgia,13187.0,210000.0,60.0,16467.0,70610.0
2017-06-01,2017-06-30,Hawaii,1325.0,543500.0,73.0,1574.0,7428.0
2017-06-01,2017-06-30,Idaho,2797.0,225000.0,66.0,2903.0,12291.0
2017-06-01,2017-06-30,Illinois,13897.0,218000.0,74.0,16853.0,75455.0
2017-06-01,2017-06-30,Indiana,7712.0,155000.0,67.0,8342.0,35781.0
2017-06-01,2017-06-30,Iowa,3382.0,164875.0,85.0,3588.0,17973.0
2017-06-01,2017-06-30,Kansas,2874.0,186000.0,62.0,3339.0,13333.0
2017-06-01,2017-06-30,Kentucky,4027.0,165900.0,57.0,4914.0,18923.0
2017-06-01,2017-06-30,Louisiana,3288.0,190000.0,82.0,3701.0,18806.0
2017-06-01,2017-06-30,Maine,1684.0,205000.0,58.0,2164.0,10565.0
2017-06-01,2017-06-30,Maryland,7524.0,290000.0,41.0,9112.0,33099.0
2017-06-01,2017-06-30,Massachusetts,7028.0,395000.0,26.0,8264.0,26421.0
2017-06-01,2017-06-30,Michigan,12549.0,164915.0,44.0,14325.0,53086.0
2017-06-01,2017-06-30,Minnesota,7351.0,233500.0,46.0,7939.0,34709.0
2017-06-01,2017-06-30,Mississippi,1803.0,161250.0,92.0,2208.0,11874.0
2017-06-01,2017-06-30,Missouri,7351.0,167355.0,62.0,8250.0,33409.0
2017-06-01,2017-06-30,Montana,1306.0,259900.0,88.0,1401.0,7527.0
2017-06-01,2017-06-30,Nebraska,1840.0,178250.0,49.0,2098.0,6833.0
2017-06-01,2017-06-30,Nevada,5064.0,255000.0,63.0,5207.0,20274.0
2017-06-01,2017-06-30,New Hampshire,1987.0,265000.0,76.0,2285.0,10581.0
2017-06-01,2017-06-30,New Jersey,10041.0,300000.0,92.0,12834.0,64020.0
2017-06-01,2017-06-30,New Mexico,1977.0,198000.0,67.0,2320.0,10810.0
2017-06-01,2017-06-30,New York,13677.0,300000.0,85.0,19098.0,85462.0
2017-06-01,2017-06-30,North Carolina,12522.0,225000.0,76.0,14166.0,67412.0
2017-06-01,2017-06-30,North Dakota,618.0,217100.0,97.0,739.0,3597.0
2017-06-01,2017-06-30,Ohio,12548.0,152250.0,63.0,14664.0,59425.0
2017-06-01,2017-06-30,Oklahoma,3851.0,159000.0,47.0,4871.0,20316.0
2017-06-01,2017-06-30,Oregon,5507.0,332000.0,33.0,6500.0,20320.0
2017-06-01,2017-06-30,Pennsylvania,12557.0,191450.0,75.0,14711.0,70254.0
2017-06-01,2017-06-30,Rhode Island,1301.0,255000.0,61.0,1570.0,6023.0
2017-06-01,2017-06-30,South Carolina,6494.0,208800.0,85.0,7996.0,39556.0
2017-06-01,2017-06-30,South Dakota,846.0,194900.0,78.0,933.0,4133.0
2017-06-01,2017-06-30,Tennessee,8844.0,206200.0,65.0,9853.0,41056.0
2017-06-01,2017-06-30,Texas,26701.0,235000.0,43.0,32896.0,124087.0
2017-06-01,2017-06-30,Utah,3961.0,272900.0,29.0,4775.0,14266.0
2017-06-01,2017-06-30,Vermont,713.0,224900.0,119.0,939.0,6123.0
2017-06-01,2017-06-30,Virginia,10132.0,300000.0,49.0,12133.0,47787.0
2017-06-01,2017-06-30,Washington,10461.0,356000.0,18.0,11606.0,31435.0
2017-06-01,2017-06-30,West Virginia,975.0,168300.0,98.0,1162.0,6203.0
2017-06-01,2017-06-30,Wisconsin,6840.0,185000.0,74.0,7674.0,35299.0
2017-06-01,2017-06-30,Wyoming,752.0,224000.0,92.0,802.0,4669.0
2017-05-01,2017-05-31,Alabama,4815.0,172500.0,103.0,5297.0,28163.0
2017-05-01,2017-05-31,Alaska,691.0,280000.0,95.0,990.0,4781.0
2017-05-01,2017-05-31,Arizona,10600.0,235100.0,53.0,12173.0,45649.0
2017-05-01,2017-05-31,Arkansas,2746.0,154900.0,75.0,3272.0,15207.0
2017-05-01,2017-05-31,California,31815.0,470000.0,37.0,37080.0,117210.0
2017-05-01,2017-05-31,Colorado,8363.0,355000.0,36.0,9457.0,30022.0
2017-05-01,2017-05-31,District of Columbia,816.0,595000.0,18.0,963.0,2581.0
2017-05-01,2017-05-31,Connecticut,4128.0,234900.0,90.0,5330.0,26804.0
2017-05-01,2017-05-31,Delaware,1316.0,229900.0,79.0,1569.0,7857.0
2017-05-01,2017-05-31,Florida,35357.0,218000.0,62.0,43832.0,193196.0
2017-05-01,2017-05-31,Georgia,13054.0,205000.0,62.0,16875.0,71186.0
2017-05-01,2017-05-31,Hawaii,1369.0,510000.0,72.0,1576.0,7476.0
2017-05-01,2017-05-31,Idaho,2743.0,220000.0,68.0,2944.0,12267.0
2017-05-01,2017-05-31,Illinois,13972.0,210000.0,71.0,16780.0,75756.0
2017-05-01,2017-05-31,Indiana,7662.0,148000.0,66.0,8019.0,36091.0
2017-05-01,2017-05-31,Iowa,3328.0,155000.0,84.0,3512.0,18084.0
2017-05-01,2017-05-31,Kansas,2916.0,177000.0,61.0,3263.0,13248.0
2017-05-01,2017-05-31,Kentucky,4091.0,159900.0,55.0,4708.0,18840.0
2017-05-01,2017-05-31,Louisiana,3280.0,185000.0,84.0,3835.0,18859.0
2017-05-01,2017-05-31,Maine,1697.0,200000.0,56.0,2256.0,10699.0
2017-05-01,2017-05-31,Maryland,7426.0,284900.0,40.0,9017.0,33355.0
2017-05-01,2017-05-31,Massachusetts,7040.0,375000.0,28.0,8509.0,27218.0
2017-05-01,2017-05-31,Michigan,12310.0,159900.0,45.0,14269.0,53512.0
2017-05-01,2017-05-31,Minnesota,7440.0,225100.0,47.0,7977.0,33625.0
2017-05-01,2017-05-31,Mississippi,1826.0,158450.0,92.0,2221.0,12002.0
2017-05-01,2017-05-31,Missouri,7266.0,163900.0,62.0,8072.0,33245.0
2017-05-01,2017-05-31,Montana,1208.0,249900.0,93.0,1465.0,7518.0
2017-05-01,2017-05-31,Nebraska,1938.0,175000.0,49.0,2017.0,6862.0
2017-05-01,2017-05-31,Nevada,4878.0,245000.0,62.0,5335.0,20843.0
2017-05-01,2017-05-31,New Hampshire,2008.0,254717.0,78.0,2287.0,10645.0
2017-05-01,2017-05-31,New Jersey,10240.0,280000.0,93.0,13209.0,64819.0
2017-05-01,2017-05-31,New Mexico,2010.0,194900.0,69.0,2407.0,10797.0
2017-05-01,2017-05-31,New York,13467.0,265000.0,87.0,16737.0,84093.0
2017-05-01,2017-05-31,North Carolina,12274.0,214000.0,76.0,14294.0,67161.0
2017-05-01,2017-05-31,North Dakota,650.0,217673.0,95.0,724.0,3586.0
2017-05-01,2017-05-31,Ohio,12736.0,144000.0,63.0,14477.0,60152.0
2017-05-01,2017-05-31,Oklahoma,4019.0,159000.0,49.0,4648.0,20079.0
2017-05-01,2017-05-31,Oregon,5317.0,326000.0,35.0,6466.0,19724.0
2017-05-01,2017-05-31,Pennsylvania,12772.0,180000.0,76.0,14820.0,70867.0
2017-05-01,2017-05-31,Rhode Island,1276.0,235000.0,61.0,1572.0,6000.0
2017-05-01,2017-05-31,South Carolina,6426.0,202000.0,84.0,7953.0,39569.0
2017-05-01,2017-05-31,South Dakota,804.0,192250.0,75.0,882.0,4068.0
2017-05-01,2017-05-31,Tennessee,9002.0,195000.0,64.0,9869.0,41002.0
2017-05-01,2017-05-31,Texas,26691.0,230000.0,43.0,33093.0,123194.0
2017-05-01,2017-05-31,Utah,3930.0,270000.0,30.0,4627.0,13961.0
2017-05-01,2017-05-31,Vermont,675.0,224000.0,126.0,1020.0,6185.0
2017-05-01,2017-05-31,Virginia,10056.0,289900.0,47.0,12334.0,48044.0
2017-05-01,2017-05-31,Washington,10355.0,350000.0,18.0,11597.0,30952.0
2017-05-01,2017-05-31,West Virginia,971.0,155000.0,100.0,1176.0,6210.0
2017-05-01,2017-05-31,Wisconsin,6807.0,174000.0,76.0,7768.0,35753.0
2017-05-01,2017-05-31,Wyoming,733.0,220000.0,99.0,846.0,4726.0
2017-04-01,2017-04-30,Alabama,4624.0,169276.0,102.0,5166.0,28181.0
2017-04-01,2017-04-30,Alaska,751.0,271400.0,94.0,982.0,4760.0
2017-04-01,2017-04-30,Arizona,10635.0,230000.0,54.0,12022.0,45529.0
2017-04-01,2017-04-30,Arkansas,2888.0,149000.0,75.0,3134.0,15277.0
2017-04-01,2017-04-30,California,31675.0,460000.0,38.0,36412.0,116589.0
2017-04-01,2017-04-30,Colorado,8373.0,355000.0,35.0,9379.0,30096.0
2017-04-01,2017-04-30,District of Columbia,743.0,527500.0,20.0,895.0,2550.0
2017-04-01,2017-04-30,Connecticut,4015.0,219344.0,88.0,5130.0,26880.0
2017-04-01,2017-04-30,Delaware,1316.0,225000.0,81.0,1517.0,7871.0
2017-04-01,2017-04-30,Florida,34939.0,211000.0,63.0,43289.0,192787.0
2017-04-01,2017-04-30,Georgia,12969.0,200000.0,62.0,16198.0,71222.0
2017-04-01,2017-04-30,Hawaii,1315.0,510000.0,74.0,1616.0,7473.0
2017-04-01,2017-04-30,Idaho,2667.0,213100.0,59.0,2828.0,12210.0
2017-04-01,2017-04-30,Illinois,14357.0,204000.0,67.0,16499.0,75530.0
2017-04-01,2017-04-30,Indiana,7686.0,141500.0,63.0,8077.0,36737.0
2017-04-01,2017-04-30,Iowa,3406.0,148000.0,81.0,3563.0,18152.0
2017-04-01,2017-04-30,Kansas,2917.0,164900.0,61.0,3124.0,13397.0
2017-04-01,2017-04-30,Kentucky,4016.0,154000.0,53.0,4566.0,18859.0
2017-04-01,2017-04-30,Louisiana,3269.0,181000.0,81.0,3680.0,18632.0
2017-04-01,2017-04-30,Maine,1710.0,186000.0,82.0,2104.0,10656.0
2017-04-01,2017-04-30,Maryland,7693.0,275067.0,39.0,9000.0,33651.0
2017-04-01,2017-04-30,Massachusetts,7025.0,355000.0,29.0,8232.0,27559.0
2017-04-01,2017-04-30,Michigan,12446.0,153000.0,45.0,14276.0,54017.0
2017-04-01,2017-04-30,Minnesota,7373.0,222000.0,45.0,8272.0,30460.0
2017-04-01,2017-04-30,Mississippi,1787.0,154000.0,92.0,2152.0,12033.0
2017-04-01,2017-04-30,Missouri,7283.0,158175.0,62.0,8065.0,33545.0
2017-04-01,2017-04-30,Montana,1144.0,249900.0,91.0,1455.0,7392.0
2017-04-01,2017-04-30,Nebraska,1909.0,167000.0,47.0,2035.0,6820.0
2017-04-01,2017-04-30,Nevada,4651.0,240000.0,61.0,5276.0,21002.0
2017-04-01,2017-04-30,New Hampshire,1924.0,239933.0,77.0,2241.0,10646.0
2017-04-01,2017-04-30,New Jersey,10386.0,267231.0,89.0,12562.0,65342.0
2017-04-01,2017-04-30,New Mexico,1950.0,191500.0,66.0,2443.0,10711.0
2017-04-01,2017-04-30,New York,13331.0,267000.0,88.0,16245.0,84547.0
2017-04-01,2017-04-30,North Carolina,12504.0,210000.0,74.0,13897.0,67459.0
2017-04-01,2017-04-30,North Dakota,609.0,209000.0,107.0,690.0,3506.0
2017-04-01,2017-04-30,Ohio,12498.0,137900.0,63.0,14459.0,60746.0
2017-04-01,2017-04-30,Oklahoma,3844.0,152500.0,53.0,4568.0,20137.0
2017-04-01,2017-04-30,Oregon,5298.0,315000.0,37.0,6148.0,19805.0
2017-04-01,2017-04-30,Pennsylvania,13114.0,172500.0,73.0,14638.0,71088.0
2017-04-01,2017-04-30,Rhode Island,1367.0,229900.0,63.0,1491.0,6022.0
2017-04-01,2017-04-30,South Carolina,6521.0,197500.0,82.0,7857.0,39574.0
2017-04-01,2017-04-30,South Dakota,865.0,190000.0,73.0,959.0,4105.0
2017-04-01,2017-04-30,Tennessee,8972.0,190000.0,65.0,9615.0,41862.0
2017-04-01,2017-04-30,Texas,26654.0,225000.0,42.0,32602.0,121471.0
2017-04-01,2017-04-30,Utah,3966.0,265600.0,28.0,4537.0,13851.0
2017-04-01,2017-04-30,Vermont,668.0,203000.0,135.0,943.0,6118.0
2017-04-01,2017-04-30,Virginia,10140.0,280000.0,48.0,12151.0,48325.0
2017-04-01,2017-04-30,Washington,9984.0,339000.0,19.0,10957.0,30189.0
2017-04-01,2017-04-30,West Virginia,995.0,158500.0,102.0,1138.0,6138.0
2017-04-01,2017-04-30,Wisconsin,6864.0,170000.0,75.0,7858.0,36190.0
2017-04-01,2017-04-30,Wyoming,664.0,214450.0,97.0,756.0,4693.0
2017-03-01,2017-03-31,Alabama,4674.0,164500.0,102.0,5203.0,28352.0
2017-03-01,2017-03-31,Alaska,707.0,270000.0,92.0,964.0,4694.0
2017-03-01,2017-03-31,Arizona,10573.0,227000.0,52.0,12188.0,45565.0
2017-03-01,2017-03-31,Arkansas,2849.0,143950.0,74.0,3230.0,15398.0
2017-03-01,2017-03-31,California,31608.0,450000.0,39.0,37353.0,116267.0
2017-03-01,2017-03-31,Colorado,8336.0,349900.0,35.0,9628.0,30252.0
2017-03-01,2017-03-31,District of Columbia,808.0,543000.0,19.0,933.0,2639.0
2017-03-01,2017-03-31,Connecticut,3940.0,205000.0,90.0,5251.0,27180.0
2017-03-01,2017-03-31,Delaware,1257.0,221000.0,85.0,1597.0,8004.0
2017-03-01,2017-03-31,Florida,34344.0,209575.0,63.0,43383.0,193590.0
2017-03-01,2017-03-31,Georgia,13128.0,198385.0,64.0,16826.0,71766.0
2017-03-01,2017-03-31,Hawaii,1277.0,492000.0,77.0,1635.0,7384.0
2017-03-01,2017-03-31,Idaho,2489.0,212250.0,79.0,2806.0,12220.0
2017-03-01,2017-03-31,Illinois,14062.0,190000.0,63.0,17075.0,75892.0
2017-03-01,2017-03-31,Indiana,7714.0,137000.0,67.0,8292.0,37265.0
2017-03-01,2017-03-31,Iowa,3321.0,145000.0,87.0,3609.0,18069.0
2017-03-01,2017-03-31,Kansas,2875.0,165000.0,60.0,3326.0,13750.0
2017-03-01,2017-03-31,Kentucky,4051.0,149500.0,53.0,4768.0,19350.0
2017-03-01,2017-03-31,Louisiana,3479.0,179700.0,83.0,3941.0,18884.0
2017-03-01,2017-03-31,Maine,1703.0,190000.0,60.0,2160.0,10854.0
2017-03-01,2017-03-31,Maryland,7692.0,260752.0,43.0,9437.0,34410.0
2017-03-01,2017-03-31,Massachusetts,7109.0,345000.0,30.0,8445.0,28479.0
2017-03-01,2017-03-31,Michigan,12347.0,145000.0,44.0,14350.0,55125.0
2017-03-01,2017-03-31,Minnesota,7320.0,213500.0,47.0,8503.0,27994.0
2017-03-01,2017-03-31,Mississippi,1794.0,155550.0,93.0,2295.0,12173.0
2017-03-01,2017-03-31,Missouri,7352.0,152000.0,60.0,8064.0,34487.0
2017-03-01,2017-03-31,Montana,1136.0,250250.0,100.0,1451.0,7348.0
2017-03-01,2017-03-31,Nebraska,1930.0,165000.0,41.0,2084.0,6862.0
2017-03-01,2017-03-31,Nevada,4549.0,237000.0,57.0,5387.0,21013.0
2017-03-01,2017-03-31,New Hampshire,1844.0,234950.0,80.0,2259.0,10665.0
2017-03-01,2017-03-31,New Jersey,10031.0,258500.0,94.0,12613.0,66142.0
2017-03-01,2017-03-31,New Mexico,1873.0,185000.0,66.0,2412.0,10643.0
2017-03-01,2017-03-31,New York,12895.0,280000.0,96.0,16252.0,87138.0
2017-03-01,2017-03-31,North Carolina,12403.0,205000.0,74.0,14552.0,68261.0
2017-03-01,2017-03-31,North Dakota,603.0,205000.0,97.0,714.0,3452.0
2017-03-01,2017-03-31,Ohio,12585.0,131969.0,63.0,14618.0,61580.0
2017-03-01,2017-03-31,Oklahoma,3862.0,150000.0,65.0,4877.0,20664.0
2017-03-01,2017-03-31,Oregon,5223.0,309000.0,43.0,6131.0,20096.0
2017-03-01,2017-03-31,Pennsylvania,12674.0,165000.0,77.0,14831.0,71848.0
2017-03-01,2017-03-31,Rhode Island,1198.0,220000.0,59.0,1478.0,6214.0
2017-03-01,2017-03-31,South Carolina,6448.0,192500.0,86.0,7810.0,39693.0
2017-03-01,2017-03-31,South Dakota,819.0,187750.0,75.0,917.0,3978.0
2017-03-01,2017-03-31,Tennessee,8702.0,188000.0,65.0,9791.0,41391.0
2017-03-01,2017-03-31,Texas,26262.0,220000.0,42.0,32646.0,120553.0
2017-03-01,2017-03-31,Utah,3841.0,258945.0,27.0,4584.0,14175.0
2017-03-01,2017-03-31,Vermont,746.0,193790.0,129.0,895.0,6157.0
2017-03-01,2017-03-31,Virginia,9993.0,265000.0,51.0,12826.0,49142.0
2017-03-01,2017-03-31,Washington,10195.0,335000.0,22.0,10744.0,30537.0
2017-03-01,2017-03-31,West Virginia,952.0,148250.0,103.0,1154.0,6206.0
2017-03-01,2017-03-31,Wisconsin,6722.0,163000.0,78.0,7971.0,36563.0
2017-03-01,2017-03-31,Wyoming,658.0,214900.0,112.0,808.0,4777.0
2017-02-01,2017-02-28,Alabama,4473.0,158220.0,105.0,5532.0,28304.0
2017-02-01,2017-02-28,Alaska,717.0,270000.0,96.0,901.0,4669.0
2017-02-01,2017-02-28,Arizona,10464.0,225000.0,54.0,12021.0,45320.0
2017-02-01,2017-02-28,Arkansas,2701.0,147000.0,77.0,3405.0,15382.0
2017-02-01,2017-02-28,California,31158.0,430000.0,41.0,35493.0,114339.0
2017-02-01,2017-02-28,Colorado,7969.0,332000.0,35.0,9494.0,29705.0
2017-02-01,2017-02-28,District of Columbia,777.0,512450.0,21.0,1052.0,2663.0
2017-02-01,2017-02-28,Connecticut,3937.0,205000.0,91.0,5606.0,27633.0
2017-02-01,2017-02-28,Delaware,1261.0,210000.0,86.0,1634.0,7994.0
2017-02-01,2017-02-28,Florida,33895.0,200000.0,65.0,42923.0,194654.0
2017-02-01,2017-02-28,Georgia,12737.0,188500.0,66.0,16509.0,71551.0
2017-02-01,2017-02-28,Hawaii,1303.0,494813.0,77.0,1510.0,7293.0
2017-02-01,2017-02-28,Idaho,2320.0,208127.0,74.0,2386.0,11962.0
2017-02-01,2017-02-28,Illinois,13575.0,171000.0,63.0,18122.0,74743.0
2017-02-01,2017-02-28,Indiana,7530.0,129950.0,71.0,8818.0,37564.0
2017-02-01,2017-02-28,Iowa,3288.0,135000.0,88.0,4021.0,18050.0
2017-02-01,2017-02-28,Kansas,2680.0,155000.0,62.0,3617.0,13710.0
2017-02-01,2017-02-28,Kentucky,4012.0,142000.0,58.0,5074.0,19439.0
2017-02-01,2017-02-28,Louisiana,3311.0,174900.0,84.0,3709.0,18628.0
2017-02-01,2017-02-28,Maine,1662.0,182250.0,64.0,2123.0,10927.0
2017-02-01,2017-02-28,Maryland,7516.0,250000.0,45.0,9667.0,34373.0
2017-02-01,2017-02-28,Massachusetts,6928.0,329000.0,31.0,8352.0,28488.0
2017-02-01,2017-02-28,Michigan,12285.0,132894.0,48.0,14458.0,55585.0
2017-02-01,2017-02-28,Minnesota,7240.0,199000.0,47.0,8448.0,23047.0
2017-02-01,2017-02-28,Mississippi,1797.0,150000.0,103.0,2337.0,12173.0
2017-02-01,2017-02-28,Missouri,7163.0,145000.0,64.0,9211.0,34586.0
2017-02-01,2017-02-28,Montana,1069.0,243000.0,100.0,1452.0,7323.0
2017-02-01,2017-02-28,Nebraska,1721.0,155000.0,44.0,2105.0,6705.0
2017-02-01,2017-02-28,Nevada,4380.0,230000.0,63.0,5167.0,20567.0
2017-02-01,2017-02-28,New Hampshire,1939.0,225500.0,80.0,2276.0,10705.0
2017-02-01,2017-02-28,New Jersey,10128.0,250000.0,95.0,13726.0,66896.0
2017-02-01,2017-02-28,New Mexico,1818.0,180000.0,76.0,2405.0,10623.0
2017-02-01,2017-02-28,New York,13274.0,280000.0,100.0,16692.0,88877.0
2017-02-01,2017-02-28,North Carolina,12141.0,194635.0,79.0,14875.0,67908.0
2017-02-01,2017-02-28,North Dakota,597.0,210000.0,99.0,711.0,3390.0
2017-02-01,2017-02-28,Ohio,12462.0,125000.0,65.0,15217.0,61953.0
2017-02-01,2017-02-28,Oklahoma,3630.0,147000.0,70.0,4916.0,20532.0
2017-02-01,2017-02-28,Oregon,5016.0,299900.0,43.0,6011.0,20073.0
2017-02-01,2017-02-28,Pennsylvania,12304.0,155000.0,76.0,14902.0,72434.0
2017-02-01,2017-02-28,Rhode Island,1254.0,218000.0,62.0,1531.0,6267.0
2017-02-01,2017-02-28,South Carolina,6475.0,192000.0,88.0,8003.0,39785.0
2017-02-01,2017-02-28,South Dakota,724.0,179700.0,85.0,881.0,3825.0
2017-02-01,2017-02-28,Tennessee,8578.0,183500.0,66.0,9971.0,42021.0
2017-02-01,2017-02-28,Texas,26280.0,215470.0,43.0,32650.0,119071.0
2017-02-01,2017-02-28,Utah,3683.0,251000.0,28.0,4285.0,14330.0
2017-02-01,2017-02-28,Vermont,657.0,210550.0,128.0,974.0,6257.0
2017-02-01,2017-02-28,Virginia,9886.0,262500.0,53.0,13204.0,48886.0
2017-02-01,2017-02-28,Washington,10155.0,323500.0,25.0,10487.0,30868.0
2017-02-01,2017-02-28,West Virginia,862.0,139000.0,100.0,1216.0,6205.0
2017-02-01,2017-02-28,Wisconsin,6620.0,153000.0,79.0,8291.0,36619.0
2017-02-01,2017-02-28,Wyoming,623.0,214450.0,106.0,786.0,4816.0
2017-01-01,2017-01-31,Alabama,4593.0,162000.0,103.0,5140.0,28029.0
2017-01-01,2017-01-31,Alaska,761.0,259900.0,89.0,969.0,4731.0
2017-01-01,2017-01-31,Arizona,10673.0,220000.0,56.0,11922.0,45684.0
2017-01-01,2017-01-31,Arkansas,2742.0,142000.0,77.0,3227.0,15126.0
2017-01-01,2017-01-31,California,32719.0,425000.0,41.0,36378.0,115916.0
2017-01-01,2017-01-31,Colorado,8832.0,325870.0,34.0,8953.0,29673.0
2017-01-01,2017-01-31,District of Columbia,816.0,539958.0,20.0,962.0,2543.0
2017-01-01,2017-01-31,Connecticut,4172.0,210000.0,97.0,5480.0,27562.0
2017-01-01,2017-01-31,Delaware,1224.0,214900.0,87.0,1601.0,8014.0
2017-01-01,2017-01-31,Florida,35386.0,195000.0,63.0,43428.0,196069.0
2017-01-01,2017-01-31,Georgia,12873.0,184900.0,66.0,16584.0,71273.0
2017-01-01,2017-01-31,Hawaii,1354.0,525000.0,79.0,1493.0,7368.0
2017-01-01,2017-01-31,Idaho,2559.0,201529.0,69.0,2180.0,12035.0
2017-01-01,2017-01-31,Illinois,14042.0,172500.0,60.0,17352.0,73130.0
2017-01-01,2017-01-31,Indiana,7681.0,128900.0,72.0,8144.0,37238.0
2017-01-01,2017-01-31,Iowa,3313.0,142503.0,85.0,3624.0,17638.0
2017-01-01,2017-01-31,Kansas,2815.0,158750.0,63.0,3304.0,13429.0
2017-01-01,2017-01-31,Kentucky,4056.0,143600.0,58.0,4881.0,19395.0
2017-01-01,2017-01-31,Louisiana,3628.0,169000.0,84.0,3844.0,18834.0
2017-01-01,2017-01-31,Maine,1715.0,194250.0,63.0,2264.0,11000.0
2017-01-01,2017-01-31,Maryland,7469.0,255000.0,46.0,9196.0,34269.0
2017-01-01,2017-01-31,Massachusetts,7265.0,351000.0,31.0,9104.0,29040.0
2017-01-01,2017-01-31,Michigan,12275.0,136000.0,47.0,14315.0,55267.0
2017-01-01,2017-01-31,Minnesota,7338.0,199900.0,50.0,8170.0,21370.0
2017-01-01,2017-01-31,Mississippi,1784.0,140200.0,95.0,2278.0,12129.0
2017-01-01,2017-01-31,Missouri,7193.0,145000.0,64.0,7903.0,34103.0
2017-01-01,2017-01-31,Montana,1154.0,250000.0,94.0,1308.0,7296.0
2017-01-01,2017-01-31,Nebraska,1884.0,155500.0,47.0,1984.0,6753.0
2017-01-01,2017-01-31,Nevada,4472.0,230000.0,63.0,5210.0,20452.0
2017-01-01,2017-01-31,New Hampshire,1966.0,234550.0,80.0,2311.0,11090.0
2017-01-01,2017-01-31,New Jersey,10105.0,262000.0,98.0,13342.0,66942.0
2017-01-01,2017-01-31,New Mexico,1927.0,182500.0,75.0,2401.0,10670.0
2017-01-01,2017-01-31,New York,13260.0,290000.0,104.0,16377.0,89096.0
2017-01-01,2017-01-31,North Carolina,12461.0,190000.0,79.0,14125.0,67541.0
2017-01-01,2017-01-31,North Dakota,625.0,215000.0,95.0,673.0,3352.0
2017-01-01,2017-01-31,Ohio,12723.0,124000.0,66.0,14789.0,62021.0
2017-01-01,2017-01-31,Oklahoma,3660.0,145000.0,68.0,4804.0,20256.0
2017-01-01,2017-01-31,Oregon,6117.0,294000.0,39.0,5352.0,20028.0
2017-01-01,2017-01-31,Pennsylvania,12245.0,160000.0,79.0,14776.0,71932.0
2017-01-01,2017-01-31,Rhode Island,1303.0,215000.0,63.0,1549.0,6308.0
2017-01-01,2017-01-31,South Carolina,6364.0,187500.0,91.0,7879.0,39478.0
2017-01-01,2017-01-31,South Dakota,835.0,180000.0,78.0,862.0,3802.0
2017-01-01,2017-01-31,Tennessee,8840.0,178950.0,66.0,9622.0,40791.0
2017-01-01,2017-01-31,Texas,26499.0,205000.0,43.0,32510.0,117928.0
2017-01-01,2017-01-31,Utah,3897.0,250600.0,29.0,4296.0,14797.0
2017-01-01,2017-01-31,Vermont,710.0,213450.0,131.0,945.0,6375.0
2017-01-01,2017-01-31,Virginia,9920.0,257102.0,53.0,12203.0,48108.0
2017-01-01,2017-01-31,Washington,11567.0,313870.0,25.0,10632.0,31517.0
2017-01-01,2017-01-31,West Virginia,919.0,139900.0,104.0,1142.0,6062.0
2017-01-01,2017-01-31,Wisconsin,6757.0,157000.0,79.0,7410.0,36435.0
2017-01-01,2017-01-31,Wyoming,660.0,220000.0,104.0,746.0,4866.0
2016-12-01,2016-12-31,Alabama,4447.0,165000.0,103.0,5091.0,28014.0
2016-12-01,2016-12-31,Alaska,740.0,278000.0,99.0,910.0,4818.0
2016-12-01,2016-12-31,Arizona,10340.0,222000.0,55.0,12037.0,46343.0
2016-12-01,2016-12-31,Arkansas,2781.0,147000.0,80.0,3291.0,15093.0
2016-12-01,2016-12-31,California,31945.0,434000.0,41.0,36139.0,117833.0
2016-12-01,2016-12-31,Colorado,8470.0,330000.0,36.0,9226.0,29976.0
2016-12-01,2016-12-31,District of Columbia,707.0,550000.0,18.0,1006.0,2463.0
2016-12-01,2016-12-31,Connecticut,3905.0,222725.0,94.0,5541.0,27654.0
2016-12-01,2016-12-31,Delaware,1269.0,225000.0,82.0,1468.0,8017.0
2016-12-01,2016-12-31,Florida,33766.0,205000.0,66.0,42704.0,196571.0
2016-12-01,2016-12-31,Georgia,12696.0,191900.0,65.0,15903.0,71643.0
2016-12-01,2016-12-31,Hawaii,1423.0,500000.0,79.0,1483.0,7499.0
2016-12-01,2016-12-31,Idaho,2776.0,205000.0,77.0,2532.0,12411.0
2016-12-01,2016-12-31,Illinois,13481.0,174100.0,59.0,16382.0,72682.0
2016-12-01,2016-12-31,Indiana,7618.0,135000.0,71.0,7654.0,37559.0
2016-12-01,2016-12-31,Iowa,3279.0,144875.0,86.0,3479.0,17621.0
2016-12-01,2016-12-31,Kansas,2778.0,168630.0,62.0,3054.0,13269.0
2016-12-01,2016-12-31,Kentucky,4057.0,147400.0,59.0,4630.0,19118.0
2016-12-01,2016-12-31,Louisiana,3363.0,174500.0,86.0,3716.0,18751.0
2016-12-01,2016-12-31,Maine,1712.0,190000.0,67.0,2152.0,10888.0
2016-12-01,2016-12-31,Maryland,7383.0,260000.0,46.0,8930.0,34063.0
2016-12-01,2016-12-31,Massachusetts,6977.0,350000.0,31.0,8491.0,28224.0
2016-12-01,2016-12-31,Michigan,12350.0,144700.0,47.0,14279.0,55451.0
2016-12-01,2016-12-31,Minnesota,7279.0,204900.0,50.0,7932.0,23026.0
2016-12-01,2016-12-31,Mississippi,1775.0,149900.0,101.0,2035.0,12092.0
2016-12-01,2016-12-31,Missouri,7192.0,149900.0,65.0,8000.0,34385.0
2016-12-01,2016-12-31,Montana,1139.0,247700.0,96.0,1199.0,7356.0
2016-12-01,2016-12-31,Nebraska,1963.0,160000.0,50.0,1874.0,6856.0
2016-12-01,2016-12-31,Nevada,4607.0,226000.0,67.0,4913.0,20809.0
2016-12-01,2016-12-31,New Hampshire,1808.0,235000.0,81.0,2259.0,11149.0
2016-12-01,2016-12-31,New Jersey,9676.0,272000.0,99.0,13603.0,66679.0
2016-12-01,2016-12-31,New Mexico,1888.0,188225.0,79.0,2204.0,10535.0
2016-12-01,2016-12-31,New York,12845.0,266000.0,106.0,16517.0,89989.0
2016-12-01,2016-12-31,North Carolina,12071.0,200230.0,81.0,13737.0,67649.0
2016-12-01,2016-12-31,North Dakota,623.0,222150.0,100.0,651.0,3369.0
2016-12-01,2016-12-31,Ohio,12487.0,129000.0,67.0,13994.0,62246.0
2016-12-01,2016-12-31,Oklahoma,3747.0,153585.0,66.0,4551.0,19931.0
2016-12-01,2016-12-31,Oregon,5856.0,302500.0,38.0,5767.0,20530.0
2016-12-01,2016-12-31,Pennsylvania,12154.0,167000.0,80.0,14438.0,71669.0
2016-12-01,2016-12-31,Rhode Island,1216.0,227500.0,66.0,1492.0,6295.0
2016-12-01,2016-12-31,South Carolina,6279.0,196990.0,90.0,7769.0,39481.0
2016-12-01,2016-12-31,South Dakota,777.0,177000.0,81.0,782.0,3835.0
2016-12-01,2016-12-31,Tennessee,8513.0,185000.0,66.0,9490.0,41630.0
2016-12-01,2016-12-31,Texas,25998.0,219709.0,42.0,31924.0,116694.0
2016-12-01,2016-12-31,Utah,3989.0,250000.0,29.0,4577.0,14802.0
2016-12-01,2016-12-31,Vermont,659.0,220000.0,127.0,936.0,6451.0
2016-12-01,2016-12-31,Virginia,9772.0,269900.0,56.0,11609.0,48020.0
2016-12-01,2016-12-31,Washington,10495.0,317000.0,26.0,11059.0,32138.0
2016-12-01,2016-12-31,West Virginia,888.0,150000.0,108.0,1106.0,6040.0
2016-12-01,2016-12-31,Wisconsin,6710.0,160000.0,80.0,7075.0,36830.0
2016-12-01,2016-12-31,Wyoming,712.0,205250.0,106.0,780.0,4984.0
2016-11-01,2016-11-30,Alabama,4351.0,163750.0,106.0,5000.0,28037.0
2016-11-01,2016-11-30,Alaska,781.0,281950.0,98.0,1007.0,4937.0
2016-11-01,2016-11-30,Arizona,10532.0,221840.0,56.0,12012.0,46799.0
2016-11-01,2016-11-30,Arkansas,2750.0,149000.0,80.0,3228.0,15006.0
2016-11-01,2016-11-30,California,32556.0,440000.0,40.0,36735.0,120287.0
2016-11-01,2016-11-30,Colorado,8623.0,327000.0,39.0,9437.0,30516.0
2016-11-01,2016-11-30,District of Columbia,769.0,550000.0,20.0,1009.0,2371.0
2016-11-01,2016-11-30,Connecticut,3926.0,220000.0,96.0,5173.0,27494.0
2016-11-01,2016-11-30,Delaware,1166.0,220000.0,88.0,1479.0,8082.0
2016-11-01,2016-11-30,Florida,34211.0,200000.0,69.0,43306.0,198044.0
2016-11-01,2016-11-30,Georgia,12805.0,189000.0,65.0,16620.0,72205.0
2016-11-01,2016-11-30,Hawaii,1408.0,537212.0,78.0,1561.0,7643.0
2016-11-01,2016-11-30,Idaho,2755.0,209900.0,78.0,2542.0,12604.0
2016-11-01,2016-11-30,Illinois,13472.0,176000.0,59.0,16987.0,72402.0
2016-11-01,2016-11-30,Indiana,7544.0,134500.0,71.0,8225.0,37982.0
2016-11-01,2016-11-30,Iowa,3211.0,145000.0,88.0,3668.0,17640.0
2016-11-01,2016-11-30,Kansas,2777.0,165000.0,64.0,3279.0,13505.0
2016-11-01,2016-11-30,Kentucky,4021.0,148750.0,60.0,4595.0,19250.0
2016-11-01,2016-11-30,Louisiana,3453.0,178000.0,85.0,3701.0,18792.0
2016-11-01,2016-11-30,Maine,1696.0,195000.0,73.0,2070.0,10908.0
2016-11-01,2016-11-30,Maryland,7120.0,260000.0,47.0,8771.0,34226.0
2016-11-01,2016-11-30,Massachusetts,7177.0,360000.0,31.0,8389.0,28086.0
2016-11-01,2016-11-30,Michigan,12293.0,145000.0,48.0,14288.0,56421.0
2016-11-01,2016-11-30,Minnesota,7206.0,206000.0,49.0,8160.0,27701.0
2016-11-01,2016-11-30,Mississippi,1781.0,149900.0,97.0,2077.0,12262.0
2016-11-01,2016-11-30,Missouri,7207.0,151500.0,65.0,8102.0,34880.0
2016-11-01,2016-11-30,Montana,1193.0,248000.0,94.0,1314.0,7486.0
2016-11-01,2016-11-30,Nebraska,1998.0,165000.0,48.0,1981.0,6982.0
2016-11-01,2016-11-30,Nevada,4645.0,235000.0,67.0,5082.0,21352.0
2016-11-01,2016-11-30,New Hampshire,1918.0,235000.0,85.0,2234.0,11260.0
2016-11-01,2016-11-30,New Jersey,9751.0,270000.0,101.0,12671.0,66730.0
2016-11-01,2016-11-30,New Mexico,1869.0,189000.0,93.0,2073.0,11791.0
2016-11-01,2016-11-30,New York,12796.0,265000.0,109.0,16408.0,90034.0
2016-11-01,2016-11-30,North Carolina,11932.0,197500.0,80.0,13665.0,67944.0
2016-11-01,2016-11-30,North Dakota,621.0,219129.0,93.0,670.0,3391.0
2016-11-01,2016-11-30,Ohio,12228.0,132000.0,68.0,14579.0,62928.0
2016-11-01,2016-11-30,Oklahoma,3712.0,150000.0,57.0,4637.0,20066.0
2016-11-01,2016-11-30,Oregon,5809.0,300000.0,38.0,5965.0,21032.0
2016-11-01,2016-11-30,Pennsylvania,12051.0,166000.0,84.0,14459.0,72183.0
2016-11-01,2016-11-30,Rhode Island,1270.0,230000.0,59.0,1540.0,6378.0
2016-11-01,2016-11-30,South Carolina,6295.0,193550.0,90.0,7699.0,39490.0
2016-11-01,2016-11-30,South Dakota,770.0,180500.0,79.0,882.0,3876.0
2016-11-01,2016-11-30,Tennessee,8555.0,182500.0,69.0,9754.0,41121.0
2016-11-01,2016-11-30,Texas,26191.0,216000.0,43.0,31988.0,116574.0
2016-11-01,2016-11-30,Utah,3961.0,250000.0,26.0,4617.0,14663.0
2016-11-01,2016-11-30,Vermont,713.0,210000.0,128.0,874.0,6519.0
2016-11-01,2016-11-30,Virginia,9777.0,267590.0,56.0,11530.0,48030.0
2016-11-01,2016-11-30,Washington,10550.0,319700.0,26.0,11101.0,32518.0
2016-11-01,2016-11-30,West Virginia,968.0,146750.0,102.0,1124.0,6114.0
2016-11-01,2016-11-30,Wisconsin,6667.0,160000.0,83.0,7621.0,37411.0
2016-11-01,2016-11-30,Wyoming,618.0,211000.0,103.0,756.0,4868.0
2016-10-01,2016-10-31,Alabama,4442.0,162000.0,105.0,5111.0,28180.0
2016-10-01,2016-10-31,Alaska,693.0,275000.0,100.0,948.0,4862.0
2016-10-01,2016-10-31,Arizona,10406.0,224600.0,59.0,12057.0,47205.0
2016-10-01,2016-10-31,Arkansas,2714.0,148313.0,85.0,3153.0,14970.0
2016-10-01,2016-10-31,California,32498.0,440000.0,40.0,36465.0,122857.0
2016-10-01,2016-10-31,Colorado,8579.0,327500.0,37.0,9275.0,30629.0
2016-10-01,2016-10-31,District of Columbia,732.0,540000.0,21.0,892.0,2330.0
2016-10-01,2016-10-31,Connecticut,3945.0,220000.0,99.0,5112.0,27765.0
2016-10-01,2016-10-31,Delaware,1209.0,235000.0,90.0,1527.0,8147.0
2016-10-01,2016-10-31,Florida,34047.0,198000.0,69.0,41875.0,199489.0
2016-10-01,2016-10-31,Georgia,12741.0,187900.0,66.0,16129.0,72647.0
2016-10-01,2016-10-31,Hawaii,1226.0,525000.0,86.0,1511.0,7570.0
2016-10-01,2016-10-31,Idaho,2750.0,210000.0,73.0,2617.0,12869.0
2016-10-01,2016-10-31,Illinois,13680.0,179000.0,60.0,16621.0,72655.0
2016-10-01,2016-10-31,Indiana,7601.0,135900.0,74.0,8018.0,38205.0
2016-10-01,2016-10-31,Iowa,3282.0,145000.0,90.0,3560.0,17716.0
2016-10-01,2016-10-31,Kansas,2946.0,163750.0,68.0,3288.0,13545.0
2016-10-01,2016-10-31,Kentucky,4009.0,152000.0,60.0,4590.0,19523.0
2016-10-01,2016-10-31,Louisiana,3495.0,179000.0,89.0,3783.0,19029.0
2016-10-01,2016-10-31,Maine,1711.0,194500.0,73.0,2101.0,11057.0
2016-10-01,2016-10-31,Maryland,7321.0,270000.0,47.0,8429.0,34401.0
2016-10-01,2016-10-31,Massachusetts,6981.0,346800.0,33.0,8335.0,28531.0
2016-10-01,2016-10-31,Michigan,12294.0,145500.0,50.0,14295.0,56957.0
2016-10-01,2016-10-31,Minnesota,7304.0,207000.0,52.0,7970.0,31662.0
2016-10-01,2016-10-31,Mississippi,1779.0,148900.0,101.0,2200.0,12441.0
2016-10-01,2016-10-31,Missouri,7174.0,150750.0,67.0,8000.0,35175.0
2016-10-01,2016-10-31,Montana,1131.0,249000.0,99.0,1312.0,7513.0
2016-10-01,2016-10-31,Nebraska,1941.0,165000.0,53.0,1970.0,7086.0
2016-10-01,2016-10-31,Nevada,4448.0,230000.0,70.0,4989.0,21741.0
2016-10-01,2016-10-31,New Hampshire,1998.0,234917.0,85.0,2228.0,11503.0
2016-10-01,2016-10-31,New Jersey,9644.0,275000.0,104.0,12013.0,67263.0
2016-10-01,2016-10-31,New Mexico,1789.0,189900.0,99.0,2102.0,11855.0
2016-10-01,2016-10-31,New York,12583.0,255000.0,112.0,15911.0,90464.0
2016-10-01,2016-10-31,North Carolina,11943.0,200000.0,81.0,13745.0,68508.0
2016-10-01,2016-10-31,North Dakota,673.0,220000.0,97.0,653.0,3462.0
2016-10-01,2016-10-31,Ohio,12587.0,133500.0,70.0,14216.0,63487.0
2016-10-01,2016-10-31,Oklahoma,3885.0,150000.0,57.0,4563.0,20072.0
2016-10-01,2016-10-31,Oregon,5679.0,299900.0,37.0,6151.0,21473.0
2016-10-01,2016-10-31,Pennsylvania,12333.0,168200.0,83.0,14485.0,73004.0
2016-10-01,2016-10-31,Rhode Island,1251.0,225550.0,61.0,1437.0,6408.0
2016-10-01,2016-10-31,South Carolina,6206.0,192000.0,91.0,7469.0,39794.0
2016-10-01,2016-10-31,South Dakota,852.0,180000.0,84.0,890.0,3947.0
2016-10-01,2016-10-31,Tennessee,8847.0,185000.0,70.0,9694.0,42334.0
2016-10-01,2016-10-31,Texas,26411.0,210000.0,42.0,31887.0,116448.0
2016-10-01,2016-10-31,Utah,3998.0,249900.0,29.0,4468.0,14783.0
2016-10-01,2016-10-31,Vermont,655.0,214900.0,129.0,889.0,6607.0
2016-10-01,2016-10-31,Virginia,9679.0,266850.0,56.0,11251.0,48335.0
2016-10-01,2016-10-31,Washington,10530.0,320000.0,26.0,10826.0,33191.0
2016-10-01,2016-10-31,West Virginia,931.0,152000.0,106.0,1110.0,6103.0
2016-10-01,2016-10-31,Wisconsin,6735.0,165000.0,82.0,7413.0,37791.0
2016-10-01,2016-10-31,Wyoming,654.0,219950.0,108.0,791.0,4818.0
2016-09-01,2016-09-30,Alabama,4245.0,167000.0,109.0,5020.0,28187.0
2016-09-01,2016-09-30,Alaska,693.0,279450.0,105.0,974.0,4813.0
2016-09-01,2016-09-30,Arizona,10154.0,225000.0,60.0,11913.0,47309.0
2016-09-01,2016-09-30,Arkansas,2657.0,145000.0,81.0,2994.0,14904.0
2016-09-01,2016-09-30,California,32070.0,440000.0,40.0,37882.0,126316.0
2016-09-01,2016-09-30,Colorado,8374.0,325000.0,39.0,9207.0,30855.0
2016-09-01,2016-09-30,District of Columbia,820.0,529500.0,22.0,839.0,2350.0
2016-09-01,2016-09-30,Connecticut,3868.0,229000.0,98.0,5101.0,28046.0
2016-09-01,2016-09-30,Delaware,1154.0,225000.0,92.0,1570.0,8146.0
2016-09-01,2016-09-30,Florida,34677.0,200000.0,70.0,42945.0,201634.0
2016-09-01,2016-09-30,Georgia,12578.0,189900.0,65.0,16479.0,73159.0
2016-09-01,2016-09-30,Hawaii,1254.0,495000.0,87.0,1407.0,7594.0
2016-09-01,2016-09-30,Idaho,2676.0,208900.0,74.0,2707.0,12991.0
2016-09-01,2016-09-30,Illinois,13474.0,180000.0,59.0,16785.0,72839.0
2016-09-01,2016-09-30,Indiana,7468.0,140000.0,75.0,8016.0,38495.0
2016-09-01,2016-09-30,Iowa,3219.0,149000.0,90.0,3399.0,17709.0
2016-09-01,2016-09-30,Kansas,2854.0,165000.0,65.0,3196.0,13620.0
2016-09-01,2016-09-30,Kentucky,3977.0,150000.0,61.0,4627.0,19745.0
2016-09-01,2016-09-30,Louisiana,3203.0,184201.0,93.0,3787.0,19011.0
2016-09-01,2016-09-30,Maine,1632.0,190000.0,74.0,2038.0,11166.0
2016-09-01,2016-09-30,Maryland,7099.0,264000.0,48.0,8529.0,34996.0
2016-09-01,2016-09-30,Massachusetts,7000.0,349000.0,33.0,8381.0,29014.0
2016-09-01,2016-09-30,Michigan,12054.0,149900.0,52.0,14260.0,57241.0
2016-09-01,2016-09-30,Minnesota,7232.0,210000.0,51.0,8014.0,34047.0
2016-09-01,2016-09-30,Mississippi,1735.0,150900.0,97.0,2187.0,12501.0
2016-09-01,2016-09-30,Missouri,7137.0,155000.0,69.0,8056.0,35859.0
2016-09-01,2016-09-30,Montana,1126.0,250000.0,105.0,1294.0,7507.0
2016-09-01,2016-09-30,Nebraska,1961.0,165000.0,52.0,1990.0,7151.0
2016-09-01,2016-09-30,Nevada,4508.0,232000.0,70.0,4977.0,22233.0
2016-09-01,2016-09-30,New Hampshire,1790.0,243267.0,86.0,2279.0,11529.0
2016-09-01,2016-09-30,New Jersey,9222.0,282000.0,104.0,12178.0,67947.0
2016-09-01,2016-09-30,New Mexico,1792.0,195000.0,96.0,2161.0,11980.0
2016-09-01,2016-09-30,New York,12668.0,269900.0,112.0,16416.0,92238.0
2016-09-01,2016-09-30,North Carolina,11818.0,197000.0,82.0,13693.0,68922.0
2016-09-01,2016-09-30,North Dakota,599.0,225000.0,97.0,724.0,3444.0
2016-09-01,2016-09-30,Ohio,12373.0,135100.0,71.0,13889.0,64256.0
2016-09-01,2016-09-30,Oklahoma,3854.0,150700.0,55.0,4613.0,20155.0
2016-09-01,2016-09-30,Oregon,5641.0,300000.0,37.0,6225.0,21854.0
2016-09-01,2016-09-30,Pennsylvania,11889.0,170000.0,84.0,14321.0,73839.0
2016-09-01,2016-09-30,Rhode Island,1191.0,224900.0,65.0,1512.0,6553.0
2016-09-01,2016-09-30,South Carolina,6300.0,194000.0,90.0,7813.0,40526.0
2016-09-01,2016-09-30,South Dakota,782.0,183000.0,84.0,822.0,3932.0
2016-09-01,2016-09-30,Tennessee,8476.0,184000.0,69.0,9571.0,41400.0
2016-09-01,2016-09-30,Texas,25876.0,212000.0,43.0,31606.0,115901.0
2016-09-01,2016-09-30,Utah,4018.0,249900.0,30.0,4495.0,14952.0
2016-09-01,2016-09-30,Vermont,628.0,211000.0,133.0,898.0,6640.0
2016-09-01,2016-09-30,Virginia,9611.0,265000.0,57.0,11230.0,48688.0
2016-09-01,2016-09-30,Washington,10470.0,319900.0,25.0,11144.0,34169.0
2016-09-01,2016-09-30,West Virginia,917.0,155000.0,110.0,1090.0,6078.0
2016-09-01,2016-09-30,Wisconsin,6669.0,165478.0,84.0,7301.0,38279.0
2016-09-01,2016-09-30,Wyoming,666.0,210000.0,105.0,710.0,4768.0
2016-08-01,2016-08-31,Alabama,4283.0,161984.0,106.0,4924.0,28292.0
2016-08-01,2016-08-31,Alaska,711.0,272955.0,103.0,894.0,4827.0
2016-08-01,2016-08-31,Arizona,10086.0,223000.0,60.0,11796.0,47541.0
2016-08-01,2016-08-31,Arkansas,2656.0,149000.0,87.0,2928.0,14981.0
2016-08-01,2016-08-31,California,31203.0,440000.0,39.0,37951.0,126043.0
2016-08-01,2016-08-31,Colorado,7981.0,331000.0,37.0,9485.0,31059.0
2016-08-01,2016-08-31,District of Columbia,760.0,577500.0,23.0,868.0,2387.0
2016-08-01,2016-08-31,Connecticut,3875.0,240000.0,99.0,5039.0,28223.0
2016-08-01,2016-08-31,Delaware,1078.0,225000.0,90.0,1572.0,8191.0
2016-08-01,2016-08-31,Florida,34302.0,200500.0,70.0,42930.0,202511.0
2016-08-01,2016-08-31,Georgia,12471.0,191000.0,65.0,16219.0,73285.0
2016-08-01,2016-08-31,Hawaii,1283.0,501400.0,88.0,1448.0,7657.0
2016-08-01,2016-08-31,Idaho,2588.0,206000.0,76.0,2781.0,13062.0
2016-08-01,2016-08-31,Illinois,13642.0,193000.0,59.0,16692.0,72812.0
2016-08-01,2016-08-31,Indiana,7471.0,139900.0,74.0,7920.0,39092.0
2016-08-01,2016-08-31,Iowa,3161.0,148000.0,93.0,3461.0,17794.0
2016-08-01,2016-08-31,Kansas,2879.0,169700.0,69.0,3209.0,13840.0
2016-08-01,2016-08-31,Kentucky,3861.0,154950.0,61.0,4634.0,19723.0
2016-08-01,2016-08-31,Louisiana,3103.0,175000.0,94.0,3513.0,19062.0
2016-08-01,2016-08-31,Maine,1633.0,198000.0,73.0,2025.0,11465.0
2016-08-01,2016-08-31,Maryland,7174.0,270000.0,48.0,8685.0,35485.0
2016-08-01,2016-08-31,Massachusetts,7028.0,367500.0,32.0,8317.0,29105.0
2016-08-01,2016-08-31,Michigan,12194.0,150000.0,53.0,14270.0,58116.0
2016-08-01,2016-08-31,Minnesota,7277.0,215000.0,53.0,8014.0,36092.0
2016-08-01,2016-08-31,Mississippi,1752.0,155000.0,104.0,2216.0,12569.0
2016-08-01,2016-08-31,Missouri,7046.0,158000.0,69.0,7964.0,36047.0
2016-08-01,2016-08-31,Montana,1151.0,239900.0,102.0,1267.0,7574.0
2016-08-01,2016-08-31,Nebraska,1835.0,166000.0,52.0,2001.0,7243.0
2016-08-01,2016-08-31,Nevada,4437.0,229500.0,71.0,5145.0,22680.0
2016-08-01,2016-08-31,New Hampshire,1830.0,245000.0,87.0,2231.0,11618.0
2016-08-01,2016-08-31,New Jersey,9273.0,300000.0,103.0,12380.0,68723.0
2016-08-01,2016-08-31,New Mexico,1822.0,189000.0,95.0,2151.0,12056.0
2016-08-01,2016-08-31,New York,12848.0,280000.0,117.0,16173.0,94041.0
2016-08-01,2016-08-31,North Carolina,11730.0,203773.0,83.0,13889.0,69130.0
2016-08-01,2016-08-31,North Dakota,573.0,217495.0,94.0,653.0,3349.0
2016-08-01,2016-08-31,Ohio,12105.0,136000.0,71.0,14085.0,65478.0
2016-08-01,2016-08-31,Oklahoma,3662.0,150925.0,50.0,4556.0,20146.0
2016-08-01,2016-08-31,Oregon,5447.0,300000.0,37.0,6687.0,22153.0
2016-08-01,2016-08-31,Pennsylvania,11742.0,177900.0,86.0,14217.0,74923.0
2016-08-01,2016-08-31,Rhode Island,1223.0,232000.0,67.0,1569.0,6661.0
2016-08-01,2016-08-31,South Carolina,6074.0,194000.0,91.0,7724.0,40425.0
2016-08-01,2016-08-31,South Dakota,812.0,186000.0,84.0,867.0,4067.0
2016-08-01,2016-08-31,Tennessee,8419.0,185000.0,70.0,9670.0,42551.0
2016-08-01,2016-08-31,Texas,25640.0,216000.0,43.0,31733.0,115433.0
2016-08-01,2016-08-31,Utah,3967.0,252000.0,31.0,4603.0,15130.0
2016-08-01,2016-08-31,Vermont,643.0,212000.0,133.0,925.0,6651.0
2016-08-01,2016-08-31,Virginia,9586.0,276000.0,57.0,11497.0,49195.0
2016-08-01,2016-08-31,Washington,10211.0,325000.0,26.0,11726.0,34815.0
2016-08-01,2016-08-31,West Virginia,930.0,153000.0,106.0,1091.0,6151.0
2016-08-01,2016-08-31,Wisconsin,6636.0,170000.0,84.0,7654.0,38736.0
2016-08-01,2016-08-31,Wyoming,658.0,224950.0,105.0,709.0,4831.0
2016-07-01,2016-07-31,Alabama,4168.0,170850.0,107.0,4907.0,28357.0
2016-07-01,2016-07-31,Alaska,741.0,274700.0,102.0,882.0,4897.0
2016-07-01,2016-07-31,Arizona,10051.0,220000.0,60.0,11918.0,48260.0
2016-07-01,2016-07-31,Arkansas,2674.0,148000.0,85.0,2879.0,15229.0
2016-07-01,2016-07-31,California,31784.0,440000.0,40.0,37991.0,124624.0
2016-07-01,2016-07-31,Colorado,7836.0,335000.0,35.0,9658.0,30685.0
2016-07-01,2016-07-31,District of Columbia,735.0,572750.0,22.0,903.0,2414.0
2016-07-01,2016-07-31,Connecticut,3829.0,239000.0,98.0,5123.0,28828.0
2016-07-01,2016-07-31,Delaware,1090.0,229950.0,84.0,1463.0,8072.0
2016-07-01,2016-07-31,Florida,34794.0,200800.0,71.0,42819.0,203391.0
2016-07-01,2016-07-31,Georgia,12473.0,200000.0,67.0,16245.0,73897.0
2016-07-01,2016-07-31,Hawaii,1277.0,512000.0,89.0,1451.0,7730.0
2016-07-01,2016-07-31,Idaho,2608.0,207000.0,73.0,2640.0,12999.0
2016-07-01,2016-07-31,Illinois,13737.0,199500.0,58.0,17020.0,73477.0
2016-07-01,2016-07-31,Indiana,7455.0,144509.0,77.0,8188.0,39624.0
2016-07-01,2016-07-31,Iowa,3178.0,153000.0,91.0,3407.0,17980.0
2016-07-01,2016-07-31,Kansas,2834.0,176000.0,68.0,3220.0,13913.0
2016-07-01,2016-07-31,Kentucky,3864.0,160000.0,63.0,4632.0,19642.0
2016-07-01,2016-07-31,Louisiana,3157.0,184900.0,91.0,3570.0,19014.0
2016-07-01,2016-07-31,Maine,1659.0,197000.0,81.0,2044.0,11765.0
2016-07-01,2016-07-31,Maryland,7091.0,280000.0,48.0,8727.0,35859.0
2016-07-01,2016-07-31,Massachusetts,6887.0,370500.0,33.0,8600.0,29337.0
2016-07-01,2016-07-31,Michigan,12044.0,152500.0,55.0,14311.0,58910.0
2016-07-01,2016-07-31,Minnesota,7289.0,215900.0,53.0,8067.0,36291.0
2016-07-01,2016-07-31,Mississippi,1734.0,155000.0,100.0,2061.0,12593.0
2016-07-01,2016-07-31,Missouri,6906.0,159900.0,70.0,7980.0,36279.0
2016-07-01,2016-07-31,Montana,1107.0,245000.0,101.0,1253.0,7623.0
2016-07-01,2016-07-31,Nebraska,1801.0,170000.0,55.0,1978.0,7179.0
2016-07-01,2016-07-31,Nevada,4397.0,230000.0,73.0,5142.0,22895.0
2016-07-01,2016-07-31,New Hampshire,1853.0,241200.0,87.0,2285.0,11813.0
2016-07-01,2016-07-31,New Jersey,9014.0,298000.0,105.0,12476.0,69088.0
2016-07-01,2016-07-31,New Mexico,1811.0,188000.0,100.0,2271.0,12093.0
2016-07-01,2016-07-31,New York,12734.0,275000.0,117.0,16306.0,95418.0
2016-07-01,2016-07-31,North Carolina,11570.0,201000.0,84.0,13784.0,69185.0
2016-07-01,2016-07-31,North Dakota,619.0,215000.0,100.0,676.0,3360.0
2016-07-01,2016-07-31,Ohio,12209.0,141000.0,74.0,14527.0,66412.0
2016-07-01,2016-07-31,Oklahoma,3657.0,157500.0,47.0,4533.0,19980.0
2016-07-01,2016-07-31,Oregon,5288.0,300000.0,34.0,6586.0,21723.0
2016-07-01,2016-07-31,Pennsylvania,11941.0,182000.0,85.0,14225.0,75725.0
2016-07-01,2016-07-31,Rhode Island,1288.0,242500.0,68.0,1566.0,6599.0
2016-07-01,2016-07-31,South Carolina,6074.0,191000.0,92.0,7594.0,40407.0
2016-07-01,2016-07-31,South Dakota,772.0,187000.0,86.0,820.0,4038.0
2016-07-01,2016-07-31,Tennessee,8501.0,190000.0,71.0,9680.0,42000.0
2016-07-01,2016-07-31,Texas,25160.0,219000.0,43.0,31254.0,115101.0
2016-07-01,2016-07-31,Utah,3844.0,250000.0,33.0,4705.0,15089.0
2016-07-01,2016-07-31,Vermont,664.0,215000.0,138.0,958.0,6726.0
2016-07-01,2016-07-31,Virginia,9468.0,281000.0,59.0,11569.0,49698.0
2016-07-01,2016-07-31,Washington,10199.0,325000.0,24.0,11590.0,34517.0
2016-07-01,2016-07-31,West Virginia,865.0,158750.0,101.0,1086.0,6193.0
2016-07-01,2016-07-31,Wisconsin,6691.0,169900.0,87.0,7471.0,39189.0
2016-07-01,2016-07-31,Wyoming,642.0,225000.0,106.0,724.0,4908.0
2016-06-01,2016-06-30,Alabama,4101.0,172500.0,107.0,4935.0,28401.0
2016-06-01,2016-06-30,Alaska,756.0,281999.0,99.0,884.0,5010.0
2016-06-01,2016-06-30,Arizona,9931.0,225000.0,60.0,11841.0,48753.0
2016-06-01,2016-06-30,Arkansas,2738.0,153000.0,85.0,3014.0,15489.0
2016-06-01,2016-06-30,California,31849.0,445000.0,40.0,37738.0,124356.0
2016-06-01,2016-06-30,Colorado,7670.0,345000.0,35.0,9156.0,29766.0
2016-06-01,2016-06-30,District of Columbia,759.0,555000.0,23.0,844.0,2432.0
2016-06-01,2016-06-30,Connecticut,3930.0,245900.0,101.0,5122.0,29270.0
2016-06-01,2016-06-30,Delaware,1191.0,229900.0,94.0,1443.0,8100.0
2016-06-01,2016-06-30,Florida,34881.0,205000.0,71.0,42547.0,205095.0
2016-06-01,2016-06-30,Georgia,12380.0,197050.0,67.0,16372.0,75121.0
2016-06-01,2016-06-30,Hawaii,1265.0,520000.0,84.0,1395.0,7767.0
2016-06-01,2016-06-30,Idaho,2714.0,204900.0,77.0,2656.0,13225.0
2016-06-01,2016-06-30,Illinois,14056.0,205000.0,59.0,16953.0,74329.0
2016-06-01,2016-06-30,Indiana,7492.0,145500.0,80.0,8012.0,40217.0
2016-06-01,2016-06-30,Iowa,3210.0,155000.0,94.0,3427.0,18323.0
2016-06-01,2016-06-30,Kansas,2916.0,175000.0,69.0,3222.0,14077.0
2016-06-01,2016-06-30,Kentucky,3899.0,159900.0,59.0,4512.0,19638.0
2016-06-01,2016-06-30,Louisiana,3251.0,185000.0,92.0,3589.0,19094.0
2016-06-01,2016-06-30,Maine,1766.0,198000.0,81.0,2025.0,12169.0
2016-06-01,2016-06-30,Maryland,7376.0,283000.0,49.0,9079.0,36456.0
2016-06-01,2016-06-30,Massachusetts,7082.0,370000.0,35.0,8207.0,29751.0
2016-06-01,2016-06-30,Michigan,12206.0,153360.0,57.0,14433.0,59919.0
2016-06-01,2016-06-30,Minnesota,7250.0,219000.0,55.0,8059.0,37312.0
2016-06-01,2016-06-30,Mississippi,1735.0,158500.0,102.0,2184.0,12795.0
2016-06-01,2016-06-30,Missouri,7065.0,164000.0,72.0,8006.0,37309.0
2016-06-01,2016-06-30,Montana,1140.0,249900.0,103.0,1236.0,7691.0
2016-06-01,2016-06-30,Nebraska,1918.0,172000.0,54.0,1920.0,7196.0
2016-06-01,2016-06-30,Nevada,4500.0,229900.0,74.0,5119.0,23436.0
2016-06-01,2016-06-30,New Hampshire,1954.0,241267.0,88.0,2238.0,11977.0
2016-06-01,2016-06-30,New Jersey,9405.0,295000.0,105.0,12144.0,69414.0
2016-06-01,2016-06-30,New Mexico,1795.0,190000.0,96.0,2246.0,12076.0
2016-06-01,2016-06-30,New York,12981.0,270000.0,116.0,16358.0,96855.0
2016-06-01,2016-06-30,North Carolina,11630.0,209537.0,84.0,13916.0,69499.0
2016-06-01,2016-06-30,North Dakota,573.0,225000.0,97.0,658.0,3319.0
2016-06-01,2016-06-30,Ohio,12382.0,145000.0,74.0,14386.0,67370.0
2016-06-01,2016-06-30,Oklahoma,3788.0,154900.0,45.0,4499.0,19976.0
2016-06-01,2016-06-30,Oregon,5521.0,300000.0,37.0,6196.0,21547.0
2016-06-01,2016-06-30,Pennsylvania,12461.0,185000.0,88.0,14336.0,76968.0
2016-06-01,2016-06-30,Rhode Island,1222.0,233000.0,68.0,1520.0,6695.0
2016-06-01,2016-06-30,South Carolina,6085.0,199900.0,94.0,7629.0,40686.0
2016-06-01,2016-06-30,South Dakota,831.0,184900.0,85.0,858.0,4161.0
2016-06-01,2016-06-30,Tennessee,8612.0,189000.0,72.0,9580.0,43045.0
2016-06-01,2016-06-30,Texas,25418.0,222000.0,45.0,31166.0,115212.0
2016-06-01,2016-06-30,Utah,4088.0,253450.0,34.0,4512.0,14959.0
2016-06-01,2016-06-30,Vermont,667.0,223900.0,133.0,911.0,6828.0
2016-06-01,2016-06-30,Virginia,9419.0,295000.0,57.0,11447.0,50014.0
2016-06-01,2016-06-30,Washington,10081.0,327998.0,25.0,11201.0,34506.0
2016-06-01,2016-06-30,West Virginia,917.0,160000.0,106.0,1075.0,6229.0
2016-06-01,2016-06-30,Wisconsin,6733.0,175000.0,88.0,7667.0,39699.0
2016-06-01,2016-06-30,Wyoming,596.0,222000.0,107.0,759.0,4894.0
2016-05-01,2016-05-31,Alabama,4157.0,165024.0,105.0,5087.0,28308.0
2016-05-01,2016-05-31,Alaska,747.0,267500.0,100.0,936.0,5108.0
2016-05-01,2016-05-31,Arizona,9788.0,220000.0,60.0,11841.0,48973.0
2016-05-01,2016-05-31,Arkansas,2850.0,148000.0,86.0,3025.0,15583.0
2016-05-01,2016-05-31,California,31534.0,440000.0,41.0,37509.0,123906.0
2016-05-01,2016-05-31,Colorado,7569.0,336000.0,36.0,9067.0,29546.0
2016-05-01,2016-05-31,District of Columbia,738.0,579000.0,22.0,871.0,2485.0
2016-05-01,2016-05-31,Connecticut,3769.0,225000.0,99.0,5079.0,29920.0
2016-05-01,2016-05-31,Delaware,1137.0,217500.0,90.0,1446.0,8107.0
2016-05-01,2016-05-31,Florida,33979.0,200000.0,71.0,43002.0,206732.0
2016-05-01,2016-05-31,Georgia,12386.0,195895.0,68.0,16031.0,75402.0
2016-05-01,2016-05-31,Hawaii,1268.0,472000.0,85.0,1466.0,7860.0
2016-05-01,2016-05-31,Idaho,2673.0,199000.0,77.0,2880.0,13432.0
2016-05-01,2016-05-31,Illinois,13853.0,194000.0,59.0,17009.0,74562.0
2016-05-01,2016-05-31,Indiana,7611.0,140000.0,81.0,8041.0,41195.0
2016-05-01,2016-05-31,Iowa,3221.0,146300.0,94.0,3415.0,18636.0
2016-05-01,2016-05-31,Kansas,2868.0,170149.0,70.0,3115.0,14244.0
2016-05-01,2016-05-31,Kentucky,3901.0,152000.0,63.0,4513.0,19749.0
2016-05-01,2016-05-31,Louisiana,3213.0,186750.0,88.0,3550.0,18977.0
2016-05-01,2016-05-31,Maine,1853.0,190000.0,79.0,2099.0,12778.0
2016-05-01,2016-05-31,Maryland,7326.0,270000.0,49.0,8854.0,36630.0
2016-05-01,2016-05-31,Massachusetts,7060.0,350000.0,36.0,8138.0,30571.0
2016-05-01,2016-05-31,Michigan,12260.0,147500.0,59.0,14478.0,61636.0
2016-05-01,2016-05-31,Minnesota,7350.0,215000.0,54.0,8127.0,36363.0
2016-05-01,2016-05-31,Mississippi,1700.0,152000.0,109.0,2238.0,12762.0
2016-05-01,2016-05-31,Missouri,7004.0,159900.0,74.0,7980.0,37540.0
2016-05-01,2016-05-31,Montana,1135.0,239900.0,100.0,1340.0,7837.0
2016-05-01,2016-05-31,Nebraska,1950.0,165000.0,54.0,2014.0,7374.0
2016-05-01,2016-05-31,Nevada,4390.0,225000.0,72.0,5283.0,23709.0
2016-05-01,2016-05-31,New Hampshire,1976.0,230000.0,88.0,2274.0,12399.0
2016-05-01,2016-05-31,New Jersey,9272.0,278500.0,103.0,12312.0,70482.0
2016-05-01,2016-05-31,New Mexico,1731.0,190000.0,99.0,2200.0,11969.0
2016-05-01,2016-05-31,New York,12758.0,250000.0,113.0,16212.0,98871.0
2016-05-01,2016-05-31,North Carolina,11503.0,198000.0,85.0,13791.0,69692.0
2016-05-01,2016-05-31,North Dakota,590.0,220000.0,94.0,651.0,3246.0
2016-05-01,2016-05-31,Ohio,12391.0,138500.0,74.0,14404.0,68234.0
2016-05-01,2016-05-31,Oklahoma,3807.0,150500.0,48.0,4678.0,20035.0
2016-05-01,2016-05-31,Oregon,5486.0,298000.0,35.0,6358.0,21624.0
2016-05-01,2016-05-31,Pennsylvania,12152.0,173430.0,87.0,14014.0,78226.0
2016-05-01,2016-05-31,Rhode Island,1215.0,225000.0,71.0,1540.0,6827.0
2016-05-01,2016-05-31,South Carolina,6079.0,190000.0,93.0,7620.0,40904.0
2016-05-01,2016-05-31,South Dakota,799.0,180000.0,80.0,845.0,4148.0
2016-05-01,2016-05-31,Tennessee,8578.0,184900.0,74.0,9595.0,42762.0
2016-05-01,2016-05-31,Texas,25280.0,218040.0,44.0,31206.0,115539.0
2016-05-01,2016-05-31,Utah,4037.0,250000.0,35.0,4620.0,15049.0
2016-05-01,2016-05-31,Vermont,680.0,201400.0,129.0,925.0,7072.0
2016-05-01,2016-05-31,Virginia,9364.0,280000.0,59.0,11423.0,50315.0
2016-05-01,2016-05-31,Washington,10117.0,320100.0,25.0,10977.0,34650.0
2016-05-01,2016-05-31,West Virginia,901.0,150000.0,117.0,1105.0,6323.0
2016-05-01,2016-05-31,Wisconsin,6594.0,165000.0,88.0,7753.0,40138.0
2016-05-01,2016-05-31,Wyoming,583.0,217000.0,89.0,769.0,4878.0
2016-04-01,2016-04-30,Alabama,4048.0,161350.0,111.0,5026.0,28257.0
2016-04-01,2016-04-30,Alaska,723.0,269900.0,96.0,1058.0,5207.0
2016-04-01,2016-04-30,Arizona,9768.0,216444.0,59.0,11931.0,48944.0
2016-04-01,2016-04-30,Arkansas,2653.0,144000.0,87.0,3115.0,15771.0
2016-04-01,2016-04-30,California,31270.0,435000.0,39.0,37655.0,123496.0
2016-04-01,2016-04-30,Colorado,7586.0,325500.0,42.0,8789.0,29922.0
2016-04-01,2016-04-30,District of Columbia,777.0,525000.0,21.0,894.0,2579.0
2016-04-01,2016-04-30,Connecticut,3856.0,218000.0,104.0,5286.0,31134.0
2016-04-01,2016-04-30,Delaware,1085.0,220000.0,92.0,1487.0,8192.0
2016-04-01,2016-04-30,Florida,33242.0,191000.0,71.0,43136.0,206032.0
2016-04-01,2016-04-30,Georgia,12223.0,189000.0,70.0,16545.0,75485.0
2016-04-01,2016-04-30,Hawaii,1211.0,499000.0,84.0,1453.0,7915.0
2016-04-01,2016-04-30,Idaho,2680.0,194900.0,73.0,2853.0,13431.0
2016-04-01,2016-04-30,Illinois,13775.0,186500.0,61.0,17180.0,75383.0
2016-04-01,2016-04-30,Indiana,7479.0,134900.0,81.0,8162.0,42385.0
2016-04-01,2016-04-30,Iowa,3152.0,143000.0,96.0,3536.0,18824.0
2016-04-01,2016-04-30,Kansas,2867.0,163000.0,70.0,3377.0,14525.0
2016-04-01,2016-04-30,Kentucky,3893.0,147500.0,64.0,4789.0,20298.0
2016-04-01,2016-04-30,Louisiana,3049.0,178997.0,89.0,3548.0,19045.0
2016-04-01,2016-04-30,Maine,1705.0,184000.0,91.0,2322.0,13476.0
2016-04-01,2016-04-30,Maryland,7165.0,255000.0,57.0,9226.0,37606.0
2016-04-01,2016-04-30,Massachusetts,7093.0,342000.0,39.0,8439.0,32584.0
2016-04-01,2016-04-30,Michigan,12058.0,139900.0,62.0,14641.0,63453.0
2016-04-01,2016-04-30,Minnesota,7310.0,209500.0,55.0,8335.0,34172.0
2016-04-01,2016-04-30,Mississippi,1703.0,146000.0,104.0,2157.0,12778.0
2016-04-01,2016-04-30,Missouri,7018.0,149900.0,75.0,8024.0,38147.0
2016-04-01,2016-04-30,Montana,1151.0,234250.0,97.0,1462.0,7937.0
2016-04-01,2016-04-30,Nebraska,1949.0,154000.0,55.0,2066.0,7605.0
2016-04-01,2016-04-30,Nevada,4305.0,219000.0,70.0,5284.0,23801.0
2016-04-01,2016-04-30,New Hampshire,1954.0,230000.0,90.0,2373.0,12851.0
2016-04-01,2016-04-30,New Jersey,8787.0,265000.0,109.0,12611.0,72049.0
2016-04-01,2016-04-30,New Mexico,1734.0,182000.0,102.0,2313.0,11857.0
2016-04-01,2016-04-30,New York,12632.0,245000.0,115.0,16839.0,101321.0
2016-04-01,2016-04-30,North Carolina,11285.0,193000.0,90.0,14018.0,69674.0
2016-04-01,2016-04-30,North Dakota,566.0,214000.0,94.0,642.0,3220.0
2016-04-01,2016-04-30,Ohio,12540.0,132000.0,76.0,14612.0,69727.0
2016-04-01,2016-04-30,Oklahoma,3700.0,147000.0,55.0,4612.0,20169.0
2016-04-01,2016-04-30,Oregon,5437.0,290000.0,35.0,6443.0,21676.0
2016-04-01,2016-04-30,Pennsylvania,11997.0,164930.0,91.0,14337.0,80111.0
2016-04-01,2016-04-30,Rhode Island,1244.0,227500.0,69.0,1542.0,7017.0
2016-04-01,2016-04-30,South Carolina,5882.0,184000.0,97.0,7646.0,40919.0
2016-04-01,2016-04-30,South Dakota,808.0,176400.0,90.0,899.0,4207.0
2016-04-01,2016-04-30,Tennessee,8353.0,177000.0,73.0,9530.0,43711.0
2016-04-01,2016-04-30,Texas,25250.0,210000.0,42.0,30971.0,115802.0
2016-04-01,2016-04-30,Utah,3935.0,242900.0,41.0,4637.0,15443.0
2016-04-01,2016-04-30,Vermont,621.0,212000.0,120.0,1074.0,7380.0
2016-04-01,2016-04-30,Virginia,9263.0,269988.0,61.0,12226.0,51349.0
2016-04-01,2016-04-30,Washington,10013.0,307840.0,25.0,11484.0,35278.0
2016-04-01,2016-04-30,West Virginia,909.0,149995.0,126.0,1128.0,6467.0
2016-04-01,2016-04-30,Wisconsin,6750.0,160000.0,90.0,8152.0,40805.0
2016-04-01,2016-04-30,Wyoming,603.0,210000.0,98.0,850.0,4852.0
2016-03-01,2016-03-31,Alabama,3918.0,155192.0,110.0,5075.0,28058.0
2016-03-01,2016-03-31,Alaska,736.0,261000.0,93.0,1061.0,5139.0
2016-03-01,2016-03-31,Arizona,9595.0,211000.0,56.0,11694.0,48584.0
2016-03-01,2016-03-31,Arkansas,2553.0,139000.0,88.0,3059.0,15713.0
2016-03-01,2016-03-31,California,30103.0,422000.0,39.0,37561.0,121843.0
2016-03-01,2016-03-31,Colorado,7306.0,325000.0,44.0,8540.0,30456.0
2016-03-01,2016-03-31,District of Columbia,695.0,490000.0,22.0,991.0,2588.0
2016-03-01,2016-03-31,Connecticut,3845.0,200000.0,104.0,6303.0,31700.0
2016-03-01,2016-03-31,Delaware,1001.0,218000.0,93.0,1559.0,8131.0
2016-03-01,2016-03-31,Florida,32345.0,187500.0,70.0,42901.0,204555.0
2016-03-01,2016-03-31,Georgia,11943.0,182000.0,72.0,16068.0,74579.0
2016-03-01,2016-03-31,Hawaii,1278.0,480000.0,86.0,1465.0,7973.0
2016-03-01,2016-03-31,Idaho,2514.0,188565.0,80.0,2802.0,13135.0
2016-03-01,2016-03-31,Illinois,13266.0,172000.0,64.0,17310.0,75623.0
2016-03-01,2016-03-31,Indiana,7388.0,130000.0,85.0,8275.0,43309.0
2016-03-01,2016-03-31,Iowa,3088.0,135000.0,96.0,3368.0,18928.0
2016-03-01,2016-03-31,Kansas,2878.0,157000.0,74.0,3326.0,14640.0
2016-03-01,2016-03-31,Kentucky,3819.0,140000.0,67.0,4775.0,20292.0
2016-03-01,2016-03-31,Louisiana,3085.0,177900.0,88.0,3541.0,19212.0
2016-03-01,2016-03-31,Maine,1619.0,182500.0,88.0,2494.0,13754.0
2016-03-01,2016-03-31,Maryland,6675.0,249900.0,59.0,9725.0,37969.0
2016-03-01,2016-03-31,Massachusetts,6952.0,322000.0,41.0,9616.0,33699.0
2016-03-01,2016-03-31,Michigan,12178.0,133500.0,66.0,14679.0,64594.0
2016-03-01,2016-03-31,Minnesota,7096.0,198000.0,59.0,8396.0,30906.0
2016-03-01,2016-03-31,Mississippi,1720.0,147750.0,110.0,2153.0,12833.0
2016-03-01,2016-03-31,Missouri,6809.0,143000.0,80.0,8053.0,38089.0
2016-03-01,2016-03-31,Montana,1055.0,234900.0,102.0,1583.0,7857.0
2016-03-01,2016-03-31,Nebraska,1864.0,156000.0,57.0,2063.0,7665.0
2016-03-01,2016-03-31,Nevada,4065.0,214000.0,70.0,5467.0,23507.0
2016-03-01,2016-03-31,New Hampshire,1838.0,220000.0,103.0,2458.0,12959.0
2016-03-01,2016-03-31,New Jersey,8876.0,250000.0,112.0,13590.0,73289.0
2016-03-01,2016-03-31,New Mexico,1732.0,179500.0,109.0,2322.0,11684.0
2016-03-01,2016-03-31,New York,12398.0,262000.0,112.0,17300.0,102061.0
2016-03-01,2016-03-31,North Carolina,11050.0,186000.0,94.0,13678.0,69430.0
2016-03-01,2016-03-31,North Dakota,557.0,217700.0,91.0,649.0,3180.0
2016-03-01,2016-03-31,Ohio,12064.0,125000.0,77.0,14870.0,70406.0
2016-03-01,2016-03-31,Oklahoma,3615.0,145050.0,67.0,4592.0,20202.0
2016-03-01,2016-03-31,Oregon,5429.0,282967.0,38.0,6238.0,21441.0
2016-03-01,2016-03-31,Pennsylvania,11369.0,155000.0,92.0,17003.0,80761.0
2016-03-01,2016-03-31,Rhode Island,1159.0,218500.0,75.0,1616.0,7165.0
2016-03-01,2016-03-31,South Carolina,5799.0,185000.0,102.0,7584.0,40479.0
2016-03-01,2016-03-31,South Dakota,764.0,168000.0,86.0,924.0,4138.0
2016-03-01,2016-03-31,Tennessee,7922.0,171000.0,76.0,9541.0,43910.0
2016-03-01,2016-03-31,Texas,25124.0,205515.0,43.0,31356.0,116390.0
2016-03-01,2016-03-31,Utah,3795.0,236756.0,50.0,4564.0,19675.0
2016-03-01,2016-03-31,Vermont,650.0,194000.0,124.0,1053.0,7412.0
2016-03-01,2016-03-31,Virginia,9048.0,259900.0,69.0,12672.0,51460.0
2016-03-01,2016-03-31,Washington,9745.0,300000.0,28.0,11238.0,34803.0
2016-03-01,2016-03-31,West Virginia,849.0,140000.0,118.0,1071.0,6501.0
2016-03-01,2016-03-31,Wisconsin,6520.0,155000.0,92.0,7787.0,40921.0
2016-03-01,2016-03-31,Wyoming,563.0,205350.0,93.0,818.0,4726.0
2016-02-01,2016-02-29,Alabama,3878.0,150283.0,110.0,4775.0,27848.0
2016-02-01,2016-02-29,Alaska,726.0,275000.0,91.0,1060.0,5000.0
2016-02-01,2016-02-29,Arizona,9222.0,207100.0,60.0,11922.0,48162.0
2016-02-01,2016-02-29,Arkansas,2449.0,135188.0,89.0,3163.0,15554.0
2016-02-01,2016-02-29,California,29422.0,400000.0,41.0,37975.0,120038.0
2016-02-01,2016-02-29,Colorado,7218.0,310000.0,43.0,8539.0,30606.0
2016-02-01,2016-02-29,District of Columbia,635.0,542500.0,24.0,864.0,2483.0
2016-02-01,2016-02-29,Connecticut,3813.0,200000.0,102.0,5271.0,31204.0
2016-02-01,2016-02-29,Delaware,1053.0,205784.0,89.0,1418.0,8084.0
2016-02-01,2016-02-29,Florida,31743.0,180000.0,71.0,43399.0,202596.0
2016-02-01,2016-02-29,Georgia,11788.0,175000.0,72.0,16019.0,73799.0
2016-02-01,2016-02-29,Hawaii,1191.0,475000.0,89.0,1512.0,7952.0
2016-02-01,2016-02-29,Idaho,2395.0,185250.0,84.0,2627.0,12970.0
2016-02-01,2016-02-29,Illinois,13107.0,160000.0,64.0,17095.0,75899.0
2016-02-01,2016-02-29,Indiana,7310.0,122000.0,86.0,8133.0,43268.0
2016-02-01,2016-02-29,Iowa,2998.0,135000.0,94.0,3287.0,18841.0
2016-02-01,2016-02-29,Kansas,2694.0,145000.0,77.0,3248.0,14685.0
2016-02-01,2016-02-29,Kentucky,3803.0,133700.0,70.0,4443.0,20143.0
2016-02-01,2016-02-29,Louisiana,3174.0,171000.0,92.0,3735.0,19128.0
2016-02-01,2016-02-29,Maine,1584.0,165000.0,92.0,2373.0,13435.0
2016-02-01,2016-02-29,Maryland,6920.0,235000.0,55.0,8408.0,37050.0
2016-02-01,2016-02-29,Massachusetts,6920.0,305000.0,41.0,8058.0,32891.0
2016-02-01,2016-02-29,Michigan,12060.0,123600.0,67.0,14696.0,65251.0
2016-02-01,2016-02-29,Minnesota,6921.0,184876.0,59.0,8235.0,26225.0
2016-02-01,2016-02-29,Mississippi,1636.0,139500.0,115.0,2145.0,12756.0
2016-02-01,2016-02-29,Missouri,6783.0,135000.0,81.0,8020.0,37762.0
2016-02-01,2016-02-29,Montana,1030.0,235000.0,95.0,1450.0,7723.0
2016-02-01,2016-02-29,Nebraska,1792.0,153000.0,56.0,2024.0,7625.0
2016-02-01,2016-02-29,Nevada,3826.0,215000.0,73.0,5451.0,23095.0
2016-02-01,2016-02-29,New Hampshire,1854.0,210000.0,93.0,2405.0,12807.0
2016-02-01,2016-02-29,New Jersey,8811.0,247500.0,111.0,12680.0,73532.0
2016-02-01,2016-02-29,New Mexico,1608.0,172000.0,104.0,2164.0,11263.0
2016-02-01,2016-02-29,New York,12479.0,260000.0,110.0,16629.0,101352.0
2016-02-01,2016-02-29,North Carolina,10846.0,178000.0,90.0,13050.0,69461.0
2016-02-01,2016-02-29,North Dakota,585.0,201948.0,89.0,621.0,3174.0
2016-02-01,2016-02-29,Ohio,11776.0,115000.0,76.0,14796.0,70618.0
2016-02-01,2016-02-29,Oklahoma,3341.0,141000.0,72.0,4647.0,19986.0
2016-02-01,2016-02-29,Oregon,5437.0,268000.0,40.0,6296.0,21530.0
2016-02-01,2016-02-29,Pennsylvania,11566.0,148950.0,90.0,14288.0,79023.0
2016-02-01,2016-02-29,Rhode Island,1146.0,204500.0,67.0,1448.0,7052.0
2016-02-01,2016-02-29,South Carolina,5737.0,179000.0,98.0,7467.0,40320.0
2016-02-01,2016-02-29,South Dakota,781.0,169813.0,83.0,880.0,4035.0
2016-02-01,2016-02-29,Tennessee,7716.0,168500.0,76.0,9440.0,43646.0
2016-02-01,2016-02-29,Texas,24595.0,197500.0,43.0,30991.0,115809.0
2016-02-01,2016-02-29,Utah,3339.0,235000.0,71.0,4492.0,19169.0
2016-02-01,2016-02-29,Vermont,660.0,181115.0,139.0,1024.0,7454.0
2016-02-01,2016-02-29,Virginia,9015.0,249000.0,67.0,11322.0,50636.0
2016-02-01,2016-02-29,Washington,9368.0,289900.0,32.0,10754.0,34477.0
2016-02-01,2016-02-29,West Virginia,858.0,136550.0,113.0,957.0,6621.0
2016-02-01,2016-02-29,Wisconsin,6473.0,145050.0,90.0,7658.0,41419.0
2016-02-01,2016-02-29,Wyoming,543.0,199000.0,100.0,819.0,4580.0
2016-01-01,2016-01-31,Alabama,4015.0,150000.0,108.0,4960.0,27918.0
2016-01-01,2016-01-31,Alaska,776.0,257000.0,100.0,1050.0,4989.0
2016-01-01,2016-01-31,Arizona,9653.0,207000.0,58.0,11901.0,47298.0
2016-01-01,2016-01-31,Arkansas,2594.0,138000.0,88.0,2963.0,15449.0
2016-01-01,2016-01-31,California,31872.0,405000.0,38.0,37691.0,118790.0
2016-01-01,2016-01-31,Colorado,7995.0,300000.0,46.0,8806.0,31004.0
2016-01-01,2016-01-31,District of Columbia,697.0,499000.0,22.0,890.0,2421.0
2016-01-01,2016-01-31,Connecticut,3767.0,205000.0,100.0,5500.0,31411.0
2016-01-01,2016-01-31,Delaware,1071.0,210000.0,87.0,1488.0,8142.0
2016-01-01,2016-01-31,Florida,34310.0,179900.0,72.0,43350.0,200581.0
2016-01-01,2016-01-31,Georgia,12021.0,170000.0,73.0,16217.0,73989.0
2016-01-01,2016-01-31,Hawaii,1240.0,460007.0,87.0,1560.0,7936.0
2016-01-01,2016-01-31,Idaho,2427.0,184000.0,88.0,2521.0,12919.0
2016-01-01,2016-01-31,Illinois,13670.0,163000.0,65.0,17186.0,76628.0
2016-01-01,2016-01-31,Indiana,7369.0,120000.0,83.0,8106.0,44015.0
2016-01-01,2016-01-31,Iowa,3139.0,135000.0,97.0,3283.0,19045.0
2016-01-01,2016-01-31,Kansas,2695.0,147000.0,77.0,3091.0,14792.0
2016-01-01,2016-01-31,Kentucky,3677.0,139900.0,71.0,4359.0,20330.0
2016-01-01,2016-01-31,Louisiana,3293.0,167950.0,91.0,3638.0,19058.0
2016-01-01,2016-01-31,Maine,1633.0,177000.0,111.0,2324.0,14469.0
2016-01-01,2016-01-31,Maryland,7181.0,239000.0,53.0,8150.0,37672.0
2016-01-01,2016-01-31,Massachusetts,7044.0,325000.0,40.0,8974.0,33382.0
2016-01-01,2016-01-31,Michigan,12454.0,122000.0,71.0,14901.0,70582.0
2016-01-01,2016-01-31,Minnesota,7330.0,189500.0,56.0,8178.0,23989.0
2016-01-01,2016-01-31,Mississippi,1712.0,135000.0,111.0,2105.0,12787.0
2016-01-01,2016-01-31,Missouri,6875.0,135000.0,84.0,7905.0,38171.0
2016-01-01,2016-01-31,Montana,1119.0,229900.0,97.0,1406.0,7719.0
2016-01-01,2016-01-31,Nebraska,1799.0,155000.0,50.0,2093.0,7614.0
2016-01-01,2016-01-31,Nevada,4185.0,210000.0,73.0,5467.0,22517.0
2016-01-01,2016-01-31,New Hampshire,1924.0,215050.0,95.0,2375.0,13359.0
2016-01-01,2016-01-31,New Jersey,9099.0,265000.0,109.0,12276.0,73446.0
2016-01-01,2016-01-31,New Mexico,1737.0,175000.0,104.0,2004.0,11182.0
2016-01-01,2016-01-31,New York,12240.0,264999.0,116.0,16916.0,102007.0
2016-01-01,2016-01-31,North Carolina,10932.0,180000.0,91.0,13067.0,70217.0
2016-01-01,2016-01-31,North Dakota,585.0,206289.0,90.0,681.0,3181.0
2016-01-01,2016-01-31,Ohio,12482.0,115000.0,76.0,14995.0,71294.0
2016-01-01,2016-01-31,Oklahoma,3581.0,143000.0,70.0,4452.0,19967.0
2016-01-01,2016-01-31,Oregon,6014.0,267000.0,41.0,6348.0,21659.0
2016-01-01,2016-01-31,Pennsylvania,11993.0,155000.0,90.0,14361.0,80000.0
2016-01-01,2016-01-31,Rhode Island,1131.0,206000.0,73.0,1567.0,7135.0
2016-01-01,2016-01-31,South Carolina,6319.0,180000.0,101.0,7546.0,40704.0
2016-01-01,2016-01-31,South Dakota,732.0,174900.0,84.0,897.0,3946.0
2016-01-01,2016-01-31,Tennessee,8077.0,165500.0,76.0,8915.0,43022.0
2016-01-01,2016-01-31,Texas,25802.0,190000.0,43.0,31327.0,114595.0
2016-01-01,2016-01-31,Utah,3797.0,227027.0,69.0,4449.0,18895.0
2016-01-01,2016-01-31,Vermont,822.0,199000.0,135.0,1078.0,7592.0
2016-01-01,2016-01-31,Virginia,8979.0,250000.0,64.0,10812.0,51203.0
2016-01-01,2016-01-31,Washington,9841.0,281250.0,31.0,10956.0,34266.0
2016-01-01,2016-01-31,West Virginia,911.0,136750.0,112.0,1029.0,6829.0
2016-01-01,2016-01-31,Wisconsin,6631.0,147600.0,92.0,7999.0,42374.0
2016-01-01,2016-01-31,Wyoming,547.0,220000.0,97.0,772.0,4403.0
